ISO-10303-21;
HEADER;
/* Generated by software containing ST-Developer
 * from STEP Tools, Inc. (www.steptools.com) 
 */

FILE_DESCRIPTION(
/* description */ (''),
/* implementation_level */ '2;1');

FILE_NAME(
/* name */ 'main_holder.stp',
/* time_stamp */ '2026-06-04T02:42:31+03:00',
/* author */ ('SimON'),
/* organization */ (''),
/* preprocessor_version */ 'ST-DEVELOPER v19.2',
/* originating_system */ 'Autodesk Inventor 2024',
/* authorisation */ '');

FILE_SCHEMA (('AUTOMOTIVE_DESIGN { 1 0 10303 214 3 1 1 }'));
ENDSEC;

DATA;
#10=MECHANICAL_DESIGN_GEOMETRIC_PRESENTATION_REPRESENTATION('',(#13),#6298);
#11=SHAPE_REPRESENTATION_RELATIONSHIP('SRR','None',#6305,#12);
#12=ADVANCED_BREP_SHAPE_REPRESENTATION('',(#14),#6297);
#13=STYLED_ITEM('',(#6314),#14);
#14=MANIFOLD_SOLID_BREP('Solid2',#2422);
#15=CONICAL_SURFACE('',#2640,1.8,0.785398163397448);
#16=CONICAL_SURFACE('',#2651,1.8,0.785398163397448);
#17=CONICAL_SURFACE('',#2662,1.8,0.785398163397448);
#18=CONICAL_SURFACE('',#2677,1.8,0.785398163397448);
#19=CONICAL_SURFACE('',#2688,1.8,0.785398163397448);
#20=CONICAL_SURFACE('',#2702,1.8,0.785398163397449);
#21=CONICAL_SURFACE('',#2715,1.8,0.785398163397449);
#22=CONICAL_SURFACE('',#2728,1.8,0.785398163397449);
#23=CONICAL_SURFACE('',#2741,1.8,0.785398163397448);
#24=CONICAL_SURFACE('',#2754,1.8,0.785398163397449);
#25=B_SPLINE_SURFACE_WITH_KNOTS('',3,3,((#4224,#4225,#4226,#4227,#4228,
#4229,#4230,#4231,#4232,#4233,#4234,#4235),(#4236,#4237,#4238,#4239,#4240,
#4241,#4242,#4243,#4244,#4245,#4246,#4247),(#4248,#4249,#4250,#4251,#4252,
#4253,#4254,#4255,#4256,#4257,#4258,#4259),(#4260,#4261,#4262,#4263,#4264,
#4265,#4266,#4267,#4268,#4269,#4270,#4271),(#4272,#4273,#4274,#4275,#4276,
#4277,#4278,#4279,#4280,#4281,#4282,#4283)),.UNSPECIFIED.,.F.,.F.,.F.,(4,
1,4),(4,1,1,1,1,1,1,1,1,4),(0.,0.571428571428571,1.),(0.,0.281499724093291,
0.562999448186582,0.844499172279873,0.985249034326519,1.12599889637316,
1.26674875841981,1.40749862046646,1.68899834455975,1.97049806865304),
 .UNSPECIFIED.);
#26=B_SPLINE_SURFACE_WITH_KNOTS('',3,3,((#4304,#4305,#4306,#4307,#4308,
#4309,#4310,#4311,#4312,#4313,#4314,#4315,#4316,#4317),(#4318,#4319,#4320,
#4321,#4322,#4323,#4324,#4325,#4326,#4327,#4328,#4329,#4330,#4331),(#4332,
#4333,#4334,#4335,#4336,#4337,#4338,#4339,#4340,#4341,#4342,#4343,#4344,
#4345),(#4346,#4347,#4348,#4349,#4350,#4351,#4352,#4353,#4354,#4355,#4356,
#4357,#4358,#4359),(#4360,#4361,#4362,#4363,#4364,#4365,#4366,#4367,#4368,
#4369,#4370,#4371,#4372,#4373)),.UNSPECIFIED.,.F.,.F.,.F.,(4,1,4),(4,1,
1,1,1,1,1,1,1,1,1,4),(0.,0.571428571428571,1.),(0.,0.281499724093291,0.562999448186582,
0.703749310233228,0.774124241256551,0.844499172279873,0.985249034326519,
1.05562396534984,1.12599889637316,1.40749862046646,1.68899834455975,1.97049806865304),
 .UNSPECIFIED.);
#27=B_SPLINE_SURFACE_WITH_KNOTS('',3,3,((#4396,#4397,#4398,#4399,#4400,
#4401,#4402,#4403,#4404,#4405,#4406,#4407,#4408),(#4409,#4410,#4411,#4412,
#4413,#4414,#4415,#4416,#4417,#4418,#4419,#4420,#4421),(#4422,#4423,#4424,
#4425,#4426,#4427,#4428,#4429,#4430,#4431,#4432,#4433,#4434),(#4435,#4436,
#4437,#4438,#4439,#4440,#4441,#4442,#4443,#4444,#4445,#4446,#4447),(#4448,
#4449,#4450,#4451,#4452,#4453,#4454,#4455,#4456,#4457,#4458,#4459,#4460)),
 .UNSPECIFIED.,.F.,.F.,.F.,(4,1,4),(4,1,1,1,1,1,1,1,1,1,4),(0.,0.571428571428571,
1.),(0.,0.281499724093291,0.562999448186582,0.703749310233228,0.844499172279873,
0.985249034326518,1.12599889637316,1.26674875841981,1.40749862046646,1.68899834455975,
1.97049806865304),.UNSPECIFIED.);
#28=B_SPLINE_SURFACE_WITH_KNOTS('',3,3,((#4482,#4483,#4484,#4485,#4486,
#4487,#4488,#4489,#4490,#4491,#4492,#4493),(#4494,#4495,#4496,#4497,#4498,
#4499,#4500,#4501,#4502,#4503,#4504,#4505),(#4506,#4507,#4508,#4509,#4510,
#4511,#4512,#4513,#4514,#4515,#4516,#4517),(#4518,#4519,#4520,#4521,#4522,
#4523,#4524,#4525,#4526,#4527,#4528,#4529),(#4530,#4531,#4532,#4533,#4534,
#4535,#4536,#4537,#4538,#4539,#4540,#4541)),.UNSPECIFIED.,.F.,.F.,.F.,(4,
1,4),(4,1,1,1,1,1,1,1,1,4),(0.,0.571428571428571,1.),(0.,0.281499724093291,
0.562999448186582,0.844499172279874,0.985249034326519,1.12599889637316,
1.26674875841981,1.40749862046646,1.68899834455975,1.97049806865304),
 .UNSPECIFIED.);
#29=B_SPLINE_SURFACE_WITH_KNOTS('',3,3,((#4562,#4563,#4564,#4565,#4566,
#4567,#4568,#4569,#4570,#4571,#4572,#4573,#4574),(#4575,#4576,#4577,#4578,
#4579,#4580,#4581,#4582,#4583,#4584,#4585,#4586,#4587),(#4588,#4589,#4590,
#4591,#4592,#4593,#4594,#4595,#4596,#4597,#4598,#4599,#4600),(#4601,#4602,
#4603,#4604,#4605,#4606,#4607,#4608,#4609,#4610,#4611,#4612,#4613),(#4614,
#4615,#4616,#4617,#4618,#4619,#4620,#4621,#4622,#4623,#4624,#4625,#4626)),
 .UNSPECIFIED.,.F.,.F.,.F.,(4,1,4),(4,1,1,1,1,1,1,1,1,1,4),(0.,0.571428571428571,
1.),(0.,0.281499724093291,0.562999448186582,0.703749310233228,0.844499172279873,
0.985249034326518,1.12599889637316,1.26674875841981,1.40749862046646,1.68899834455975,
1.97049806865304),.UNSPECIFIED.);
#30=B_SPLINE_SURFACE_WITH_KNOTS('',3,3,((#5051,#5052,#5053,#5054,#5055,
#5056,#5057,#5058,#5059,#5060),(#5061,#5062,#5063,#5064,#5065,#5066,#5067,
#5068,#5069,#5070),(#5071,#5072,#5073,#5074,#5075,#5076,#5077,#5078,#5079,
#5080),(#5081,#5082,#5083,#5084,#5085,#5086,#5087,#5088,#5089,#5090),(#5091,
#5092,#5093,#5094,#5095,#5096,#5097,#5098,#5099,#5100)),.UNSPECIFIED.,.F.,
 .F.,.F.,(4,1,4),(4,2,1,1,1,1,4),(0.,0.571428571428571,1.),(-2.65444640456887,
-2.65318807345565,-2.48943944761585,-2.32569082177605,-2.16194219593625,
-1.99819357009645,-1.83444494425665),.UNSPECIFIED.);
#31=B_SPLINE_SURFACE_WITH_KNOTS('',3,3,((#5143,#5144,#5145,#5146,#5147,
#5148,#5149,#5150,#5151,#5152,#5153,#5154),(#5155,#5156,#5157,#5158,#5159,
#5160,#5161,#5162,#5163,#5164,#5165,#5166),(#5167,#5168,#5169,#5170,#5171,
#5172,#5173,#5174,#5175,#5176,#5177,#5178),(#5179,#5180,#5181,#5182,#5183,
#5184,#5185,#5186,#5187,#5188,#5189,#5190),(#5191,#5192,#5193,#5194,#5195,
#5196,#5197,#5198,#5199,#5200,#5201,#5202)),.UNSPECIFIED.,.F.,.F.,.F.,(4,
1,4),(4,1,1,1,1,1,1,2,4),(0.,0.571428571428571,1.),(-0.818840643438093,
-0.655072514750475,-0.491304386062856,-0.327536257375237,-0.245652193031428,
-0.163768128687619,-0.0818840643438093,0.,0.00116002985941621),
 .UNSPECIFIED.);
#32=B_SPLINE_SURFACE_WITH_KNOTS('',3,3,((#5264,#5265,#5266,#5267,#5268,
#5269,#5270,#5271,#5272,#5273,#5274,#5275),(#5276,#5277,#5278,#5279,#5280,
#5281,#5282,#5283,#5284,#5285,#5286,#5287),(#5288,#5289,#5290,#5291,#5292,
#5293,#5294,#5295,#5296,#5297,#5298,#5299),(#5300,#5301,#5302,#5303,#5304,
#5305,#5306,#5307,#5308,#5309,#5310,#5311),(#5312,#5313,#5314,#5315,#5316,
#5317,#5318,#5319,#5320,#5321,#5322,#5323)),.UNSPECIFIED.,.F.,.F.,.F.,(4,
1,4),(4,1,1,1,1,1,1,2,4),(0.,0.571428571428571,1.),(-0.818842544313614,
-0.655074035450891,-0.57318978101953,-0.491305526588168,-0.409421272156807,
-0.327537017725446,-0.163768508862723,0.,0.00115809651189087),
 .UNSPECIFIED.);
#33=B_SPLINE_SURFACE_WITH_KNOTS('',3,3,((#5368,#5369,#5370,#5371,#5372,
#5373,#5374,#5375),(#5376,#5377,#5378,#5379,#5380,#5381,#5382,#5383),(#5384,
#5385,#5386,#5387,#5388,#5389,#5390,#5391),(#5392,#5393,#5394,#5395,#5396,
#5397,#5398,#5399),(#5400,#5401,#5402,#5403,#5404,#5405,#5406,#5407)),
 .UNSPECIFIED.,.F.,.F.,.F.,(4,1,4),(4,2,1,1,4),(0.,0.571428571428571,1.),
(-2.65461734092583,-2.65349469113948,-2.16216832426219,-1.99839286863643,
-1.83461741301067),.UNSPECIFIED.);
#34=B_SPLINE_SURFACE_WITH_KNOTS('',3,3,((#5446,#5447,#5448,#5449,#5450,
#5451,#5452,#5453,#5454,#5455,#5456,#5457),(#5458,#5459,#5460,#5461,#5462,
#5463,#5464,#5465,#5466,#5467,#5468,#5469),(#5470,#5471,#5472,#5473,#5474,
#5475,#5476,#5477,#5478,#5479,#5480,#5481),(#5482,#5483,#5484,#5485,#5486,
#5487,#5488,#5489,#5490,#5491,#5492,#5493),(#5494,#5495,#5496,#5497,#5498,
#5499,#5500,#5501,#5502,#5503,#5504,#5505)),.UNSPECIFIED.,.F.,.F.,.F.,(4,
1,4),(4,1,1,1,1,1,1,2,4),(0.,0.571428571428571,1.),(-0.818739253203971,
-0.654991402563177,-0.57311747724278,-0.491243551922383,-0.409369626601986,
-0.327495701281589,-0.163747850640794,0.,0.00126220384392177),
 .UNSPECIFIED.);
#35=B_SPLINE_SURFACE_WITH_KNOTS('',3,3,((#5550,#5551,#5552,#5553,#5554,
#5555,#5556,#5557),(#5558,#5559,#5560,#5561,#5562,#5563,#5564,#5565),(#5566,
#5567,#5568,#5569,#5570,#5571,#5572,#5573),(#5574,#5575,#5576,#5577,#5578,
#5579,#5580,#5581),(#5582,#5583,#5584,#5585,#5586,#5587,#5588,#5589)),
 .UNSPECIFIED.,.F.,.F.,.F.,(4,1,4),(4,2,1,1,4),(0.,0.571428571428571,1.),
(-2.65463624273239,-2.65352939149955,-2.16219377934159,-1.99841524195561,
-1.83463670456962),.UNSPECIFIED.);
#36=B_SPLINE_SURFACE_WITH_KNOTS('',3,3,((#5626,#5627,#5628,#5629,#5630,
#5631,#5632,#5633,#5634,#5635,#5636,#5637,#5638,#5639),(#5640,#5641,#5642,
#5643,#5644,#5645,#5646,#5647,#5648,#5649,#5650,#5651,#5652,#5653),(#5654,
#5655,#5656,#5657,#5658,#5659,#5660,#5661,#5662,#5663,#5664,#5665,#5666,
#5667),(#5668,#5669,#5670,#5671,#5672,#5673,#5674,#5675,#5676,#5677,#5678,
#5679,#5680,#5681),(#5682,#5683,#5684,#5685,#5686,#5687,#5688,#5689,#5690,
#5691,#5692,#5693,#5694,#5695)),.UNSPECIFIED.,.F.,.F.,.F.,(4,1,4),(4,1,
1,1,1,1,1,1,1,2,4),(0.,0.571428571428571,1.),(-0.818520726249526,-0.654816580999621,
-0.572964508374668,-0.491112435749716,-0.409260363124763,-0.327408290499811,
-0.245556217874858,-0.163704145249905,-0.0818520726249526,0.,0.00147671764300659),
 .UNSPECIFIED.);
#37=B_SPLINE_SURFACE_WITH_KNOTS('',3,3,((#5740,#5741,#5742,#5743,#5744,
#5745,#5746,#5747,#5748,#5749),(#5750,#5751,#5752,#5753,#5754,#5755,#5756,
#5757,#5758,#5759),(#5760,#5761,#5762,#5763,#5764,#5765,#5766,#5767,#5768,
#5769),(#5770,#5771,#5772,#5773,#5774,#5775,#5776,#5777,#5778,#5779),(#5780,
#5781,#5782,#5783,#5784,#5785,#5786,#5787,#5788,#5789)),.UNSPECIFIED.,.F.,
 .F.,.F.,(4,1,4),(4,2,1,1,1,1,4),(0.,0.571428571428571,1.),(-2.65457207127873,
-2.65341206512266,-2.4896439317732,-2.32587579842373,-2.16210766507426,
-1.99833953172479,-1.83457139837532),.UNSPECIFIED.);
#38=B_SPLINE_SURFACE_WITH_KNOTS('',3,3,((#5811,#5812,#5813,#5814,#5815,
#5816,#5817,#5818,#5819,#5820),(#5821,#5822,#5823,#5824,#5825,#5826,#5827,
#5828,#5829,#5830),(#5831,#5832,#5833,#5834,#5835,#5836,#5837,#5838,#5839,
#5840),(#5841,#5842,#5843,#5844,#5845,#5846,#5847,#5848,#5849,#5850),(#5851,
#5852,#5853,#5854,#5855,#5856,#5857,#5858,#5859,#5860)),.UNSPECIFIED.,.F.,
 .F.,.F.,(4,1,4),(4,2,1,1,1,1,4),(0.,0.571428571428571,1.),(-2.65447586599938,
-2.65324173745567,-2.48948827867308,-2.32573481989049,-2.16198136110791,
-1.99822790232532,-1.83447444354273),.UNSPECIFIED.);
#39=B_SPLINE_SURFACE_WITH_KNOTS('',3,3,((#5892,#5893,#5894,#5895,#5896,
#5897,#5898,#5899,#5900,#5901,#5902,#5903),(#5904,#5905,#5906,#5907,#5908,
#5909,#5910,#5911,#5912,#5913,#5914,#5915),(#5916,#5917,#5918,#5919,#5920,
#5921,#5922,#5923,#5924,#5925,#5926,#5927),(#5928,#5929,#5930,#5931,#5932,
#5933,#5934,#5935,#5936,#5937,#5938,#5939),(#5940,#5941,#5942,#5943,#5944,
#5945,#5946,#5947,#5948,#5949,#5950,#5951)),.UNSPECIFIED.,.F.,.F.,.F.,(4,
1,4),(4,1,1,1,1,1,1,2,4),(0.,0.571428571428571,1.),(-0.818520726249653,
-0.654816580999722,-0.491112435749792,-0.327408290499861,-0.245556217874896,
-0.163704145249931,-0.0818520726249653,0.,0.00147671764287853),
 .UNSPECIFIED.);
#40=FACE_BOUND('',#585,.T.);
#41=FACE_BOUND('',#586,.T.);
#42=FACE_BOUND('',#587,.T.);
#43=FACE_BOUND('',#588,.T.);
#44=FACE_BOUND('',#593,.T.);
#45=FACE_BOUND('',#671,.T.);
#46=FACE_BOUND('',#676,.T.);
#47=FACE_BOUND('',#683,.T.);
#48=FACE_BOUND('',#690,.T.);
#49=FACE_BOUND('',#698,.T.);
#50=FACE_BOUND('',#705,.T.);
#51=FACE_BOUND('',#713,.T.);
#52=FACE_BOUND('',#720,.T.);
#53=FACE_BOUND('',#727,.T.);
#54=FACE_BOUND('',#734,.T.);
#55=FACE_BOUND('',#741,.T.);
#56=B_SPLINE_CURVE_WITH_KNOTS('',3,(#3544,#3545,#3546,#3547,#3548,#3549,
#3550),.UNSPECIFIED.,.F.,.F.,(4,1,1,1,4),(-0.985251626839176,-0.844499172279874,
-0.562999448186582,-0.281499724093291,0.),.UNSPECIFIED.);
#57=B_SPLINE_CURVE_WITH_KNOTS('',3,(#3554,#3555,#3556,#3557),
 .UNSPECIFIED.,.F.,.F.,(4,4),(0.516695812801711,0.564468456115801),
 .UNSPECIFIED.);
#58=B_SPLINE_CURVE_WITH_KNOTS('',3,(#3565,#3566,#3567,#3568),
 .UNSPECIFIED.,.F.,.F.,(4,4),(1.47460051976501,1.50962468250739),
 .UNSPECIFIED.);
#59=B_SPLINE_CURVE_WITH_KNOTS('',3,(#3570,#3571,#3572,#3573),
 .UNSPECIFIED.,.F.,.F.,(4,4),(0.475148548921069,0.515313011718897),
 .UNSPECIFIED.);
#60=B_SPLINE_CURVE_WITH_KNOTS('',3,(#3581,#3582,#3583,#3584),
 .UNSPECIFIED.,.F.,.F.,(4,4),(1.47460051976484,1.50962468250724),
 .UNSPECIFIED.);
#61=B_SPLINE_CURVE_WITH_KNOTS('',3,(#3586,#3587,#3588,#3589),
 .UNSPECIFIED.,.F.,.F.,(4,4),(0.45964811319582,0.497101469634711),
 .UNSPECIFIED.);
#62=B_SPLINE_CURVE_WITH_KNOTS('',3,(#3597,#3598,#3599,#3600),
 .UNSPECIFIED.,.F.,.F.,(4,4),(1.47460051976587,1.50962468250822),
 .UNSPECIFIED.);
#63=B_SPLINE_CURVE_WITH_KNOTS('',3,(#3602,#3603,#3604,#3605),
 .UNSPECIFIED.,.F.,.F.,(4,4),(0.475148548921166,0.515313011719008),
 .UNSPECIFIED.);
#64=B_SPLINE_CURVE_WITH_KNOTS('',3,(#3613,#3614,#3615,#3616),
 .UNSPECIFIED.,.F.,.F.,(4,4),(1.47460051976519,1.50962468250757),
 .UNSPECIFIED.);
#65=B_SPLINE_CURVE_WITH_KNOTS('',3,(#3618,#3619,#3620,#3621),
 .UNSPECIFIED.,.F.,.F.,(4,4),(0.489674662179739,0.532443946630966),
 .UNSPECIFIED.);
#66=B_SPLINE_CURVE_WITH_KNOTS('',3,(#3628,#3629,#3630,#3631),
 .UNSPECIFIED.,.F.,.F.,(4,4),(1.44696992653777,1.48600262674295),
 .UNSPECIFIED.);
#67=B_SPLINE_CURVE_WITH_KNOTS('',3,(#3633,#3634,#3635,#3636,#3637,#3638,
#3639,#3640),.UNSPECIFIED.,.F.,.F.,(4,1,1,1,1,4),(-1.97049806865304,-1.68899834455975,
-1.40749862046646,-1.26674875841981,-1.12599889637316,-0.985251626839176),
 .UNSPECIFIED.);
#68=B_SPLINE_CURVE_WITH_KNOTS('',3,(#3651,#3652,#3653,#3654,#3655,#3656,
#3657,#3658,#3659,#3660,#3661,#3662,#3663,#3664),.UNSPECIFIED.,.F.,.F.,
(4,1,1,1,1,1,1,1,1,1,1,4),(-1.97049806865304,-1.68899834455975,-1.40749862046646,
-1.12599889637316,-1.05562396534984,-0.985249034326519,-0.844499172279873,
-0.774124241256551,-0.703749310233228,-0.562999448186582,-0.281499724093291,
0.),.UNSPECIFIED.);
#69=B_SPLINE_CURVE_WITH_KNOTS('',3,(#3672,#3673,#3674,#3675,#3676,#3677,
#3678,#3679,#3680,#3681,#3682,#3683,#3684),.UNSPECIFIED.,.F.,.F.,(4,1,1,
1,1,1,1,1,1,1,4),(-1.97049806865304,-1.68899834455975,-1.40749862046646,
-1.26674875841981,-1.12599889637316,-0.985249034326518,-0.844499172279873,
-0.703749310233228,-0.562999448186582,-0.281499724093291,0.),
 .UNSPECIFIED.);
#70=B_SPLINE_CURVE_WITH_KNOTS('',3,(#3692,#3693,#3694,#3695,#3696,#3697,
#3698,#3699,#3700,#3701,#3702,#3703,#3704),.UNSPECIFIED.,.F.,.F.,(4,1,1,
1,1,1,1,1,1,1,4),(-1.97049806865304,-1.68899834455975,-1.40749862046646,
-1.26674875841981,-1.12599889637316,-0.985249034326518,-0.844499172279873,
-0.703749310233228,-0.562999448186582,-0.281499724093291,0.),
 .UNSPECIFIED.);
#71=B_SPLINE_CURVE_WITH_KNOTS('',3,(#3712,#3713,#3714,#3715,#3716,#3717,
#3718,#3719,#3720,#3721,#3722,#3723),.UNSPECIFIED.,.F.,.F.,(4,1,1,1,1,1,
1,1,1,4),(-1.97049806865304,-1.68899834455975,-1.40749862046646,-1.26674875841981,
-1.12599889637316,-0.985249034326519,-0.844499172279873,-0.562999448186582,
-0.281499724093291,0.),.UNSPECIFIED.);
#72=B_SPLINE_CURVE_WITH_KNOTS('',3,(#3754,#3755,#3756,#3757,#3758,#3759,
#3760,#3761,#3762,#3763,#3764,#3765,#3766,#3767,#3768,#3769,#3770,#3771,
#3772,#3773,#3774,#3775),.UNSPECIFIED.,.F.,.F.,(4,2,2,2,2,2,2,2,2,2,4),
(0.772162455400121,0.779514732467559,0.798601731470938,0.836123587371119,
0.889049748125853,1.01904775868328,1.13924989785138,1.2359540875285,1.32322921460194,
1.40848600672628,1.46275139755774),.UNSPECIFIED.);
#73=B_SPLINE_CURVE_WITH_KNOTS('',3,(#3779,#3780,#3781,#3782,#3783,#3784,
#3785,#3786),.UNSPECIFIED.,.F.,.F.,(4,2,2,4),(2.12097470731787,2.17630345163922,
2.26566165114596,2.31661412871906),.UNSPECIFIED.);
#74=B_SPLINE_CURVE_WITH_KNOTS('',3,(#3787,#3788,#3789,#3790,#3791,#3792,
#3793,#3794,#3795,#3796,#3797,#3798),.UNSPECIFIED.,.F.,.F.,(4,2,2,2,2,4),
(2.03470723428447,2.08749708303788,2.22738605966455,2.39220568076553,2.56179414264772,
2.56283784350917),.UNSPECIFIED.);
#75=B_SPLINE_CURVE_WITH_KNOTS('',3,(#3800,#3801,#3802,#3803,#3804,#3805,
#3806,#3807,#3808,#3809,#3810,#3811),.UNSPECIFIED.,.F.,.F.,(4,2,2,2,2,4),
(-0.00104370086151286,0.,0.169588461889225,0.334408082996097,0.474297059627823,
0.527086909188081),.UNSPECIFIED.);
#76=B_SPLINE_CURVE_WITH_KNOTS('',3,(#3813,#3814,#3815,#3816,#3817,#3818,
#3819,#3820),.UNSPECIFIED.,.F.,.F.,(4,2,2,4),(1.36995839824841,1.45045258997378,
1.55027261236065,1.57233547090402),.UNSPECIFIED.);
#77=B_SPLINE_CURVE_WITH_KNOTS('',3,(#3823,#3824,#3825,#3826,#3827,#3828,
#3829,#3830,#3831,#3832,#3833,#3834,#3835,#3836,#3837,#3838,#3839,#3840,
#3841,#3842,#3843,#3844),.UNSPECIFIED.,.F.,.F.,(4,2,2,2,2,2,2,2,2,2,4),
(0.142623404884587,0.168302050556041,0.236482155508475,0.303427164265124,
0.372481680129683,0.453402151554977,0.563514675565027,0.701924803271299,
0.743017850574178,0.76366329296262,0.772162455400121),.UNSPECIFIED.);
#78=B_SPLINE_CURVE_WITH_KNOTS('',3,(#3851,#3852,#3853,#3854,#3855,#3856,
#3857,#3858,#3859,#3860,#3861,#3862,#3863,#3864,#3865,#3866,#3867,#3868,
#3869,#3870,#3871,#3872,#3873,#3874,#3875,#3876,#3877,#3878,#3879,#3880,
#3881,#3882),.UNSPECIFIED.,.F.,.F.,(4,2,2,2,2,2,2,2,2,2,2,2,2,2,2,4),(0.393115938914198,
0.453402151552252,0.563514675561034,0.701924803265487,0.743017850568877,
0.763663292958152,0.779514732463701,0.798601731467782,0.836123587369026,
0.889049748124833,1.0190477586847,1.1392498978549,1.23595408753328,1.32322921460743,
1.40848600673235,1.46275139756413),.UNSPECIFIED.);
#79=B_SPLINE_CURVE_WITH_KNOTS('',3,(#3886,#3887,#3888,#3889,#3890,#3891,
#3892,#3893),.UNSPECIFIED.,.F.,.F.,(4,2,2,4),(2.12097470731916,2.17630345164058,
2.26566165114741,2.31661412872058),.UNSPECIFIED.);
#80=B_SPLINE_CURVE_WITH_KNOTS('',3,(#3894,#3895,#3896,#3897,#3898,#3899,
#3900,#3901,#3902,#3903,#3904,#3905),.UNSPECIFIED.,.F.,.F.,(4,2,2,2,2,4),
(2.03470723438651,2.08749708314264,2.22738605977655,2.39220568088606,2.56179414277669,
2.56283784363843),.UNSPECIFIED.);
#81=B_SPLINE_CURVE_WITH_KNOTS('',3,(#3907,#3908,#3909,#3910,#3911,#3912,
#3913,#3914,#3915,#3916,#3917,#3918),.UNSPECIFIED.,.F.,.F.,(4,2,2,2,2,4),
(-0.00104370086158142,0.,0.16958846187336,0.334408082958887,0.474297059572395,
0.527086909125773),.UNSPECIFIED.);
#82=B_SPLINE_CURVE_WITH_KNOTS('',3,(#3920,#3921,#3922,#3923,#3924,#3925,
#3926,#3927),.UNSPECIFIED.,.F.,.F.,(4,2,2,4),(1.36995839824895,1.45045258997441,
1.55027261236138,1.57233547090477),.UNSPECIFIED.);
#83=B_SPLINE_CURVE_WITH_KNOTS('',3,(#3930,#3931,#3932,#3933,#3934,#3935,
#3936,#3937,#3938,#3939,#3940,#3941),.UNSPECIFIED.,.F.,.F.,(4,2,2,2,2,4),
(0.142623404884231,0.168302050555567,0.236482155507629,0.30342716426381,
0.372481680127777,0.393115938914198),.UNSPECIFIED.);
#84=B_SPLINE_CURVE_WITH_KNOTS('',3,(#3948,#3949,#3950,#3951,#3952,#3953,
#3954,#3955,#3956,#3957,#3958,#3959,#3960,#3961,#3962,#3963,#3964,#3965,
#3966,#3967,#3968,#3969,#3970,#3971,#3972,#3973,#3974,#3975,#3976,#3977,
#3978,#3979,#3980,#3981,#3982,#3983,#3984,#3985,#3986,#3987),
 .UNSPECIFIED.,.F.,.F.,(4,2,2,2,2,2,2,2,2,2,2,2,2,2,2,2,2,2,2,4),(0.142623404883718,
0.168302050555345,0.236482155507058,0.303427164262789,0.372481680126224,
0.453402151550032,0.563514675557806,0.701924803259822,0.743017850562426,
0.763663292951453,0.779514732456844,0.798601731460769,0.836123587362186,
0.889049748118644,1.01904775867999,1.13924989784979,1.2359540875285,1.32322921460342,
1.40848600672905,1.4627513975602),.UNSPECIFIED.);
#85=B_SPLINE_CURVE_WITH_KNOTS('',3,(#3991,#3992,#3993,#3994,#3995,#3996,
#3997,#3998),.UNSPECIFIED.,.F.,.F.,(4,2,2,4),(2.12097470731907,2.17630345164076,
2.26566165114761,2.31661412872054),.UNSPECIFIED.);
#86=B_SPLINE_CURVE_WITH_KNOTS('',3,(#3999,#4000,#4001,#4002,#4003,#4004,
#4005,#4006,#4007,#4008,#4009,#4010),.UNSPECIFIED.,.F.,.F.,(4,2,2,2,2,4),
(2.03470723410525,2.08749708285389,2.22738605946794,2.39220568055412,2.56179414242046,
2.56283784328164),.UNSPECIFIED.);
#87=B_SPLINE_CURVE_WITH_KNOTS('',3,(#4012,#4013,#4014,#4015,#4016,#4017,
#4018,#4019,#4020,#4021,#4022,#4023),.UNSPECIFIED.,.F.,.F.,(4,2,2,2,2,4),
(-0.00104370086164342,0.,0.169588461874172,0.334408082960465,0.474297059574665,
0.527086909128306),.UNSPECIFIED.);
#88=B_SPLINE_CURVE_WITH_KNOTS('',3,(#4025,#4026,#4027,#4028,#4029,#4030,
#4031,#4032),.UNSPECIFIED.,.F.,.F.,(4,2,2,4),(1.3699583982487,1.45045258997449,
1.55027261236151,1.57233547090457),.UNSPECIFIED.);
#89=B_SPLINE_CURVE_WITH_KNOTS('',3,(#4037,#4038,#4039,#4040,#4041,#4042,
#4043,#4044,#4045,#4046,#4047,#4048,#4049,#4050,#4051,#4052,#4053,#4054,
#4055,#4056,#4057,#4058,#4059,#4060,#4061,#4062,#4063,#4064,#4065,#4066,
#4067,#4068,#4069,#4070,#4071,#4072,#4073,#4074,#4075,#4076),
 .UNSPECIFIED.,.F.,.F.,(4,2,2,2,2,2,2,2,2,2,2,2,2,2,2,2,2,2,2,4),(0.142623404885394,
0.168302050557106,0.236482155510381,0.303427164268086,0.372481680133982,
0.453402151561138,0.563514675574105,0.701924803284519,0.743017850587922,
0.763663292976161,0.779514732480944,0.798601731484201,0.8361235873838,0.889049748137175,
1.01904775869179,1.13924989785793,1.23595408753364,1.32322921460582,1.40848600672923,
1.46275139756032),.UNSPECIFIED.);
#90=B_SPLINE_CURVE_WITH_KNOTS('',3,(#4080,#4081,#4082,#4083,#4084,#4085,
#4086,#4087),.UNSPECIFIED.,.F.,.F.,(4,2,2,4),(2.1209747073198,2.17630345164122,
2.26566165114807,2.31661412872124),.UNSPECIFIED.);
#91=B_SPLINE_CURVE_WITH_KNOTS('',3,(#4088,#4089,#4090,#4091,#4092,#4093,
#4094,#4095,#4096,#4097,#4098,#4099),.UNSPECIFIED.,.F.,.F.,(4,2,2,2,2,4),
(2.03470723412299,2.08749708287213,2.22738605948748,2.39220568057515,2.56179414245092,
2.56283784331257),.UNSPECIFIED.);
#92=B_SPLINE_CURVE_WITH_KNOTS('',3,(#4101,#4102,#4103,#4104,#4105,#4106,
#4107,#4108,#4109,#4110,#4111,#4112),.UNSPECIFIED.,.F.,.F.,(4,2,2,2,2,4),
(-0.00104370086139567,0.,0.169588461883094,0.33440808298157,0.47429705960611,
0.527086909163657),.UNSPECIFIED.);
#93=B_SPLINE_CURVE_WITH_KNOTS('',3,(#4114,#4115,#4116,#4117,#4118,#4119,
#4120,#4121),.UNSPECIFIED.,.F.,.F.,(4,2,2,4),(1.36995839824967,1.4504525899751,
1.55027261236205,1.57233547090545),.UNSPECIFIED.);
#94=B_SPLINE_CURVE_WITH_KNOTS('',3,(#4126,#4127,#4128,#4129,#4130,#4131,
#4132,#4133,#4134,#4135),.UNSPECIFIED.,.F.,.F.,(4,2,2,2,4),(1.17131366024777,
1.23595408752579,1.3232292145989,1.40848600672292,1.46275139755422),
 .UNSPECIFIED.);
#95=B_SPLINE_CURVE_WITH_KNOTS('',3,(#4139,#4140,#4141,#4142,#4143,#4144,
#4145,#4146),.UNSPECIFIED.,.F.,.F.,(4,2,2,4),(2.12097470731831,2.17630345163965,
2.26566165114637,2.31661412871947),.UNSPECIFIED.);
#96=B_SPLINE_CURVE_WITH_KNOTS('',3,(#4147,#4148,#4149,#4150,#4151,#4152,
#4153,#4154,#4155,#4156,#4157,#4158),.UNSPECIFIED.,.F.,.F.,(4,2,2,2,2,4),
(2.0347072344663,2.08749708322456,2.22738605986409,2.39220568098017,2.56179414288087,
2.56283784374253),.UNSPECIFIED.);
#97=B_SPLINE_CURVE_WITH_KNOTS('',3,(#4160,#4161,#4162,#4163,#4164,#4165,
#4166,#4167,#4168,#4169,#4170,#4171),.UNSPECIFIED.,.F.,.F.,(4,2,2,2,2,4),
(-0.00104370086164135,0.,0.169588461870134,0.334408082950982,0.474297059560544,
0.527086909112428),.UNSPECIFIED.);
#98=B_SPLINE_CURVE_WITH_KNOTS('',3,(#4173,#4174,#4175,#4176,#4177,#4178,
#4179,#4180),.UNSPECIFIED.,.F.,.F.,(4,2,2,4),(1.36995839824893,1.4504525899743,
1.55027261236117,1.57233547090455),.UNSPECIFIED.);
#99=B_SPLINE_CURVE_WITH_KNOTS('',3,(#4183,#4184,#4185,#4186,#4187,#4188,
#4189,#4190,#4191,#4192,#4193,#4194,#4195,#4196,#4197,#4198,#4199,#4200,
#4201,#4202,#4203,#4204,#4205,#4206,#4207,#4208,#4209,#4210,#4211,#4212,
#4213,#4214,#4215,#4216),.UNSPECIFIED.,.F.,.F.,(4,2,2,2,2,2,2,2,2,2,2,2,
2,2,2,2,4),(0.142623404884534,0.168302050555976,0.236482155508378,0.303427164264994,
0.372481680129526,0.453402151554801,0.563514675564826,0.701924803271075,
0.743017850573873,0.763663292962181,0.77951473246696,0.798601731470152,
0.836123587370114,0.889049748124569,1.01904775868139,1.13924989784902,1.17131366024777),
 .UNSPECIFIED.);
#100=B_SPLINE_CURVE_WITH_KNOTS('',3,(#4286,#4287,#4288,#4289,#4290,#4291,
#4292,#4293,#4294,#4295,#4296,#4297),.UNSPECIFIED.,.F.,.F.,(4,1,1,1,1,1,
1,1,1,4),(0.,0.281499724093291,0.562999448186582,0.844499172279873,0.985249034326519,
1.12599889637316,1.26674875841981,1.40749862046646,1.68899834455975,1.97049806865304),
 .UNSPECIFIED.);
#101=B_SPLINE_CURVE_WITH_KNOTS('',3,(#4376,#4377,#4378,#4379,#4380,#4381,
#4382,#4383,#4384,#4385,#4386,#4387,#4388,#4389),.UNSPECIFIED.,.F.,.F.,
(4,1,1,1,1,1,1,1,1,1,1,4),(0.,0.281499724093291,0.562999448186582,0.703749310233228,
0.774124241256551,0.844499172279873,0.985249034326519,1.05562396534984,
1.12599889637316,1.40749862046646,1.68899834455975,1.97049806865304),
 .UNSPECIFIED.);
#102=B_SPLINE_CURVE_WITH_KNOTS('',3,(#4463,#4464,#4465,#4466,#4467,#4468,
#4469,#4470,#4471,#4472,#4473,#4474,#4475),.UNSPECIFIED.,.F.,.F.,(4,1,1,
1,1,1,1,1,1,1,4),(0.,0.281499724093291,0.562999448186582,0.703749310233228,
0.844499172279873,0.985249034326518,1.12599889637316,1.26674875841981,1.40749862046646,
1.68899834455975,1.97049806865304),.UNSPECIFIED.);
#103=B_SPLINE_CURVE_WITH_KNOTS('',3,(#4544,#4545,#4546,#4547,#4548,#4549,
#4550,#4551,#4552,#4553,#4554,#4555),.UNSPECIFIED.,.F.,.F.,(4,1,1,1,1,1,
1,1,1,4),(0.,0.281499724093291,0.562999448186582,0.844499172279874,0.985249034326519,
1.12599889637316,1.26674875841981,1.40749862046646,1.68899834455975,1.97049806865304),
 .UNSPECIFIED.);
#104=B_SPLINE_CURVE_WITH_KNOTS('',3,(#4629,#4630,#4631,#4632,#4633,#4634,
#4635,#4636,#4637,#4638,#4639,#4640,#4641),.UNSPECIFIED.,.F.,.F.,(4,1,1,
1,1,1,1,1,1,1,4),(0.,0.281499724093291,0.562999448186582,0.703749310233228,
0.844499172279873,0.985249034326518,1.12599889637316,1.26674875841981,1.40749862046646,
1.68899834455975,1.97049806865304),.UNSPECIFIED.);
#105=B_SPLINE_CURVE_WITH_KNOTS('',3,(#4647,#4648,#4649,#4650,#4651,#4652,
#4653,#4654,#4655,#4656,#4657,#4658,#4659,#4660,#4661,#4662,#4663,#4664,
#4665,#4666,#4667,#4668,#4669,#4670,#4671,#4672,#4673,#4674,#4675,#4676,
#4677,#4678,#4679,#4680),.UNSPECIFIED.,.F.,.F.,(4,2,2,2,2,2,2,2,2,2,2,2,
2,2,2,2,4),(0.273530956684765,0.336347915726255,0.399240114438359,0.472340493288837,
0.579798936654663,0.693535183054536,0.731001207989841,0.748862193488037,
0.762637672355359,0.778834054545166,0.812078073755639,0.89839458073412,
1.05170227199953,1.1666743221205,1.25179467690695,1.32872762365466,1.34160833469312),
 .UNSPECIFIED.);
#106=B_SPLINE_CURVE_WITH_KNOTS('',3,(#4684,#4685,#4686,#4687,#4688,#4689),
 .UNSPECIFIED.,.F.,.F.,(4,2,4),(2.11077078850314,2.1818318872543,2.19592819247367),
 .UNSPECIFIED.);
#107=B_SPLINE_CURVE_WITH_KNOTS('',3,(#4690,#4691,#4692,#4693,#4694,#4695,
#4696,#4697,#4698,#4699),.UNSPECIFIED.,.F.,.F.,(4,2,2,2,4),(0.693018751909114,
0.781894177574947,0.909508472832646,1.10534729182711,1.10616478664299),
 .UNSPECIFIED.);
#108=B_SPLINE_CURVE_WITH_KNOTS('',3,(#4701,#4702,#4703,#4704,#4705,#4706,
#4707,#4708,#4709,#4710),.UNSPECIFIED.,.F.,.F.,(4,2,2,2,4),(-0.000959817928413119,
0.,0.229933701943833,0.379765219066749,0.484113557786822),.UNSPECIFIED.);
#109=B_SPLINE_CURVE_WITH_KNOTS('',3,(#4712,#4713,#4714,#4715,#4716,#4717),
 .UNSPECIFIED.,.F.,.F.,(4,2,4),(1.32936489488384,1.3790134039333,1.3962909499431),
 .UNSPECIFIED.);
#110=B_SPLINE_CURVE_WITH_KNOTS('',3,(#4722,#4723,#4724,#4725,#4726,#4727,
#4728,#4729,#4730,#4731,#4732,#4733,#4734,#4735,#4736,#4737,#4738,#4739,
#4740,#4741,#4742,#4743,#4744,#4745,#4746,#4747,#4748,#4749,#4750,#4751,
#4752,#4753,#4754,#4755),.UNSPECIFIED.,.F.,.F.,(4,2,2,2,2,2,2,2,2,2,2,2,
2,2,2,2,4),(0.273530956684749,0.336347915726171,0.39924011443818,0.472340493288513,
0.579798936654122,0.693535183053829,0.731001207989398,0.74886219348785,
0.762637672355324,0.778834054545278,0.812078073755988,0.898394580735046,
1.05170227200134,1.16667432212278,1.25179467690956,1.32872762365754,1.34160833469595),
 .UNSPECIFIED.);
#111=B_SPLINE_CURVE_WITH_KNOTS('',3,(#4759,#4760,#4761,#4762,#4763,#4764),
 .UNSPECIFIED.,.F.,.F.,(4,2,4),(2.11077078850377,2.18183188725497,2.19592819247434),
 .UNSPECIFIED.);
#112=B_SPLINE_CURVE_WITH_KNOTS('',3,(#4765,#4766,#4767,#4768,#4769,#4770,
#4771,#4772,#4773,#4774),.UNSPECIFIED.,.F.,.F.,(4,2,2,2,4),(0.693018751910677,
0.781894177714939,0.909508473043215,1.1053472918969,1.10616478671328),
 .UNSPECIFIED.);
#113=B_SPLINE_CURVE_WITH_KNOTS('',3,(#4776,#4777,#4778,#4779,#4780,#4781,
#4782,#4783,#4784,#4785),.UNSPECIFIED.,.F.,.F.,(4,2,2,2,4),(-0.000959817928474529,
0.,0.229933702127781,0.379765219260901,0.484113557927791),.UNSPECIFIED.);
#114=B_SPLINE_CURVE_WITH_KNOTS('',3,(#4787,#4788,#4789,#4790,#4791,#4792),
 .UNSPECIFIED.,.F.,.F.,(4,2,4),(1.32936489488533,1.37901340393466,1.39629094994442),
 .UNSPECIFIED.);
#115=B_SPLINE_CURVE_WITH_KNOTS('',3,(#4797,#4798,#4799,#4800,#4801,#4802,
#4803,#4804,#4805,#4806,#4807,#4808,#4809,#4810,#4811,#4812,#4813,#4814,
#4815,#4816,#4817,#4818,#4819,#4820,#4821,#4822,#4823,#4824,#4825,#4826,
#4827,#4828,#4829,#4830),.UNSPECIFIED.,.F.,.F.,(4,2,2,2,2,2,2,2,2,2,2,2,
2,2,2,2,4),(0.273530956682668,0.336347915723272,0.399240114434332,0.472340493283403,
0.579798936646913,0.693535183044111,0.731001207979517,0.748862193478251,
0.76263767234601,0.778834054536308,0.81207807374761,0.898394580727981,1.05170227199639,
1.16667432211927,1.25179467690692,1.32872762365552,1.34160833469407),
 .UNSPECIFIED.);
#116=B_SPLINE_CURVE_WITH_KNOTS('',3,(#4834,#4835,#4836,#4837,#4838,#4839),
 .UNSPECIFIED.,.F.,.F.,(4,2,4),(2.11077078850704,2.18183188725845,2.19592819247786),
 .UNSPECIFIED.);
#117=B_SPLINE_CURVE_WITH_KNOTS('',3,(#4840,#4841,#4842,#4843,#4844,#4845,
#4846,#4847,#4848,#4849),.UNSPECIFIED.,.F.,.F.,(4,2,2,2,4),(0.69301875192098,
0.781894177729894,0.909508473062046,1.10534729191646,1.10616478673296),
 .UNSPECIFIED.);
#118=B_SPLINE_CURVE_WITH_KNOTS('',3,(#4851,#4852,#4853,#4854,#4855,#4856,
#4857,#4858,#4859,#4860),.UNSPECIFIED.,.F.,.F.,(4,2,2,2,4),(-0.000959817928381546,
0.,0.229933701890463,0.379765219009277,0.484113557743476),.UNSPECIFIED.);
#119=B_SPLINE_CURVE_WITH_KNOTS('',3,(#4862,#4863,#4864,#4865,#4866,#4867),
 .UNSPECIFIED.,.F.,.F.,(4,2,4),(1.32936489488447,1.37901340393418,1.39629094994406),
 .UNSPECIFIED.);
#120=B_SPLINE_CURVE_WITH_KNOTS('',3,(#4872,#4873,#4874,#4875,#4876,#4877,
#4878,#4879,#4880,#4881,#4882,#4883,#4884,#4885,#4886,#4887,#4888,#4889,
#4890,#4891,#4892,#4893,#4894,#4895,#4896,#4897,#4898,#4899,#4900,#4901,
#4902,#4903,#4904,#4905),.UNSPECIFIED.,.F.,.F.,(4,2,2,2,2,2,2,2,2,2,2,2,
2,2,2,2,4),(0.273530956683786,0.336347915724872,0.399240114436503,0.472340493286345,
0.579798936651123,0.69353518304978,0.731001207985063,0.748862193483449,
0.762637672350966,0.778834054540985,0.812078073751674,0.89839458073076,
1.05170227199755,1.16667432211937,1.25179467690636,1.32872762365447,1.34160833469295),
 .UNSPECIFIED.);
#121=B_SPLINE_CURVE_WITH_KNOTS('',3,(#4909,#4910,#4911,#4912,#4913,#4914),
 .UNSPECIFIED.,.F.,.F.,(4,2,4),(2.11077078850215,2.18183188725325,2.19592819247259),
 .UNSPECIFIED.);
#122=B_SPLINE_CURVE_WITH_KNOTS('',3,(#4915,#4916,#4917,#4918,#4919,#4920,
#4921,#4922,#4923,#4924),.UNSPECIFIED.,.F.,.F.,(4,2,2,2,4),(0.693018751918856,
0.781894177805259,0.909508473176312,1.10534729194968,1.10616478676636),
 .UNSPECIFIED.);
#123=B_SPLINE_CURVE_WITH_KNOTS('',3,(#4926,#4927,#4928,#4929,#4930,#4931,
#4932,#4933,#4934,#4935),.UNSPECIFIED.,.F.,.F.,(4,2,2,2,4),(-0.00095981792848215,
0.,0.22993370178005,0.379765218892939,0.484113557659273),.UNSPECIFIED.);
#124=B_SPLINE_CURVE_WITH_KNOTS('',3,(#4937,#4938,#4939,#4940,#4941,#4942),
 .UNSPECIFIED.,.F.,.F.,(4,2,4),(1.32936489488287,1.37901340393238,1.3962909499422),
 .UNSPECIFIED.);
#125=B_SPLINE_CURVE_WITH_KNOTS('',3,(#4947,#4948,#4949,#4950,#4951,#4952,
#4953,#4954,#4955,#4956,#4957,#4958,#4959,#4960,#4961,#4962,#4963,#4964,
#4965,#4966,#4967,#4968,#4969,#4970,#4971,#4972,#4973,#4974,#4975,#4976,
#4977,#4978,#4979,#4980),.UNSPECIFIED.,.F.,.F.,(4,2,2,2,2,2,2,2,2,2,2,2,
2,2,2,2,4),(0.273530956685746,0.336347915727657,0.399240114440259,0.472340493291403,
0.579798936658338,0.693535183059537,0.73100120799485,0.748862193492842,
0.762637672360003,0.778834054549611,0.812078073759633,0.89839458073711,
1.05170227200115,1.16667432212119,1.25179467690706,1.32872762365434,1.3416083346927),
 .UNSPECIFIED.);
#126=B_SPLINE_CURVE_WITH_KNOTS('',3,(#4984,#4985,#4986,#4987,#4988,#4989),
 .UNSPECIFIED.,.F.,.F.,(4,2,4),(2.11077078849989,2.18183188725086,2.19592819247018),
 .UNSPECIFIED.);
#127=B_SPLINE_CURVE_WITH_KNOTS('',3,(#4990,#4991,#4992,#4993,#4994,#4995,
#4996,#4997,#4998,#4999),.UNSPECIFIED.,.F.,.F.,(4,2,2,2,4),(0.693018751915501,
0.78189417769249,0.909508473007477,1.10534729189105,1.10616478670727),
 .UNSPECIFIED.);
#128=B_SPLINE_CURVE_WITH_KNOTS('',3,(#5001,#5002,#5003,#5004,#5005,#5006,
#5007,#5008,#5009,#5010),.UNSPECIFIED.,.F.,.F.,(4,2,2,2,4),(-0.000959817928352131,
0.,0.229933702224491,0.379765219363114,0.484113558002231),.UNSPECIFIED.);
#129=B_SPLINE_CURVE_WITH_KNOTS('',3,(#5012,#5013,#5014,#5015,#5016,#5017),
 .UNSPECIFIED.,.F.,.F.,(4,2,4),(1.32936489488261,1.37901340393195,1.39629094994171),
 .UNSPECIFIED.);
#130=B_SPLINE_CURVE_WITH_KNOTS('',3,(#5021,#5022,#5023,#5024,#5025,#5026,
#5027,#5028),.UNSPECIFIED.,.F.,.F.,(4,2,2,4),(-0.00116359771377635,0.,0.0635549337713766,
0.0951881103730672),.UNSPECIFIED.);
#131=B_SPLINE_CURVE_WITH_KNOTS('',3,(#5035,#5036,#5037,#5038,#5039,#5040,
#5041,#5042,#5043,#5044,#5045,#5046,#5047,#5048,#5049,#5050),
 .UNSPECIFIED.,.F.,.F.,(4,2,2,2,2,2,2,4),(0.0316042269081718,0.054679967168687,
0.0945824763229903,0.137821310864341,0.211107191406802,0.364515094872685,
0.498906736722677,0.499824255674767),.UNSPECIFIED.);
#132=B_SPLINE_CURVE_WITH_KNOTS('',3,(#5103,#5104,#5105,#5106,#5107,#5108,
#5109,#5110,#5111,#5112),.UNSPECIFIED.,.F.,.F.,(4,2,1,1,1,1,4),(-2.65444640456887,
-2.65318807345565,-2.48943944761585,-2.32569082177605,-2.16194219593625,
-1.99819357009645,-1.83444494425665),.UNSPECIFIED.);
#133=B_SPLINE_CURVE_WITH_KNOTS('',3,(#5115,#5116,#5117,#5118,#5119,#5120,
#5121,#5122,#5123,#5124,#5125,#5126,#5127,#5128,#5129,#5130),
 .UNSPECIFIED.,.F.,.F.,(4,2,2,2,2,2,2,4),(-0.000909870071246241,0.,0.106361684756477,
0.237652698896498,0.340597038651858,0.391511540579746,0.434207988539675,
0.467464921382773),.UNSPECIFIED.);
#134=B_SPLINE_CURVE_WITH_KNOTS('',3,(#5137,#5138,#5139,#5140,#5141,#5142),
 .UNSPECIFIED.,.F.,.F.,(4,2,4),(0.00208274444166732,0.115185911658674,0.116341259513379),
 .UNSPECIFIED.);
#135=B_SPLINE_CURVE_WITH_KNOTS('',3,(#5203,#5204,#5205,#5206,#5207,#5208,
#5209,#5210,#5211,#5212,#5213,#5214),.UNSPECIFIED.,.F.,.F.,(4,1,1,1,1,1,
1,2,4),(-0.818840643438093,-0.655072514750475,-0.491304386062856,-0.327536257375237,
-0.245652193031428,-0.163768128687619,-0.0818840643438093,0.,0.00116002985941621),
 .UNSPECIFIED.);
#136=B_SPLINE_CURVE_WITH_KNOTS('',3,(#5229,#5230,#5231,#5232,#5233,#5234,
#5235,#5236,#5237,#5238,#5239,#5240),.UNSPECIFIED.,.F.,.F.,(4,2,2,2,2,4),
(-1.0861474615326,-1.08542794558774,-0.911988646487828,-0.809826693245284,
-0.715356364828645,-0.686536894625684),.UNSPECIFIED.);
#137=B_SPLINE_CURVE_WITH_KNOTS('',3,(#5246,#5247,#5248,#5249,#5250,#5251,
#5252,#5253,#5254,#5255,#5256,#5257),.UNSPECIFIED.,.F.,.F.,(4,2,2,2,2,4),
(-0.000751823946625752,0.,0.181227152520925,0.287976433210897,0.38668871580093,
0.416802252647308),.UNSPECIFIED.);
#138=B_SPLINE_CURVE_WITH_KNOTS('',3,(#5325,#5326,#5327,#5328,#5329,#5330,
#5331,#5332,#5333,#5334,#5335,#5336),.UNSPECIFIED.,.F.,.F.,(4,1,1,1,1,1,
1,2,4),(-0.818842544313614,-0.655074035450891,-0.57318978101953,-0.491305526588168,
-0.409421272156807,-0.327537017725446,-0.163768508862723,0.,0.00115809651189087),
 .UNSPECIFIED.);
#139=B_SPLINE_CURVE_WITH_KNOTS('',3,(#5340,#5341,#5342,#5343,#5344,#5345,
#5346,#5347),.UNSPECIFIED.,.F.,.F.,(4,2,2,4),(-0.00115550819957186,0.,0.0635636398330228,
0.0951973068422683),.UNSPECIFIED.);
#140=B_SPLINE_CURVE_WITH_KNOTS('',3,(#5354,#5355,#5356,#5357,#5358,#5359,
#5360,#5361,#5362,#5363,#5364,#5365,#5366,#5367),.UNSPECIFIED.,.F.,.F.,
(4,2,2,2,2,2,4),(0.,0.0521192934775806,0.1008063548192,0.170035881094308,
0.308830786019656,0.466887533763158,0.467794726112938),.UNSPECIFIED.);
#141=B_SPLINE_CURVE_WITH_KNOTS('',3,(#5409,#5410,#5411,#5412,#5413,#5414,
#5415,#5416),.UNSPECIFIED.,.F.,.F.,(4,2,1,1,4),(-2.65461734092583,-2.65349469113948,
-2.16216832426219,-1.99839286863643,-1.83461741301067),.UNSPECIFIED.);
#142=B_SPLINE_CURVE_WITH_KNOTS('',3,(#5430,#5431,#5432,#5433,#5434,#5435,
#5436,#5437,#5438,#5439,#5440,#5441),.UNSPECIFIED.,.F.,.F.,(4,2,2,2,2,4),
(-0.000751823946277969,0.,0.181227150428803,0.287976429272361,0.386688710167774,
0.416802246437087),.UNSPECIFIED.);
#143=B_SPLINE_CURVE_WITH_KNOTS('',3,(#5507,#5508,#5509,#5510,#5511,#5512,
#5513,#5514,#5515,#5516,#5517,#5518),.UNSPECIFIED.,.F.,.F.,(4,1,1,1,1,1,
1,2,4),(-0.818739253203971,-0.654991402563177,-0.57311747724278,-0.491243551922383,
-0.409369626601986,-0.327495701281589,-0.163747850640794,0.,0.00126220384392177),
 .UNSPECIFIED.);
#144=B_SPLINE_CURVE_WITH_KNOTS('',3,(#5522,#5523,#5524,#5525,#5526,#5527,
#5528,#5529),.UNSPECIFIED.,.F.,.F.,(4,2,2,4),(-0.0011389205503656,0.,0.0635814909603429,
0.0952161621174907),.UNSPECIFIED.);
#145=B_SPLINE_CURVE_WITH_KNOTS('',3,(#5536,#5537,#5538,#5539,#5540,#5541,
#5542,#5543,#5544,#5545,#5546,#5547,#5548,#5549),.UNSPECIFIED.,.F.,.F.,
(4,2,2,2,2,2,4),(0.,0.0579884088241496,0.113157441557341,0.195019076590139,
0.292449352754206,0.476446703206382,0.477465033855455),.UNSPECIFIED.);
#146=B_SPLINE_CURVE_WITH_KNOTS('',3,(#5591,#5592,#5593,#5594,#5595,#5596,
#5597,#5598),.UNSPECIFIED.,.F.,.F.,(4,2,1,1,4),(-2.65463624273239,-2.65352939149955,
-2.16219377934159,-1.99841524195561,-1.83463670456962),.UNSPECIFIED.);
#147=B_SPLINE_CURVE_WITH_KNOTS('',3,(#5610,#5611,#5612,#5613,#5614,#5615,
#5616,#5617,#5618,#5619,#5620,#5621),.UNSPECIFIED.,.F.,.F.,(4,2,2,2,2,4),
(-0.000751823946759929,0.,0.181227160643376,0.287976448504106,0.386688737675325,
0.416802276764296),.UNSPECIFIED.);
#148=B_SPLINE_CURVE_WITH_KNOTS('',3,(#5697,#5698,#5699,#5700,#5701,#5702,
#5703,#5704,#5705,#5706,#5707,#5708,#5709,#5710),.UNSPECIFIED.,.F.,.F.,
(4,1,1,1,1,1,1,1,1,2,4),(-0.818520726249526,-0.654816580999621,-0.572964508374668,
-0.491112435749716,-0.409260363124763,-0.327408290499811,-0.245556217874858,
-0.163704145249905,-0.0818520726249526,0.,0.00147671764300659),
 .UNSPECIFIED.);
#149=B_SPLINE_CURVE_WITH_KNOTS('',3,(#5714,#5715,#5716,#5717,#5718,#5719),
 .UNSPECIFIED.,.F.,.F.,(4,2,4),(-0.00117330937882451,0.,0.113085203162323),
 .UNSPECIFIED.);
#150=B_SPLINE_CURVE_WITH_KNOTS('',3,(#5726,#5727,#5728,#5729,#5730,#5731,
#5732,#5733,#5734,#5735,#5736,#5737,#5738,#5739),.UNSPECIFIED.,.F.,.F.,
(4,2,2,2,2,2,4),(0.,0.0574428451290804,0.112011127543699,0.19266643022259,
0.288333496811391,0.47705070923795,0.478078283205073),.UNSPECIFIED.);
#151=B_SPLINE_CURVE_WITH_KNOTS('',3,(#5791,#5792,#5793,#5794,#5795,#5796,
#5797,#5798,#5799,#5800),.UNSPECIFIED.,.F.,.F.,(4,2,1,1,1,1,4),(-2.65457207127873,
-2.65341206512266,-2.4896439317732,-2.32587579842373,-2.16210766507426,
-1.99833953172479,-1.83457139837532),.UNSPECIFIED.);
#152=B_SPLINE_CURVE_WITH_KNOTS('',3,(#5863,#5864,#5865,#5866,#5867,#5868,
#5869,#5870,#5871,#5872),.UNSPECIFIED.,.F.,.F.,(4,2,1,1,1,1,4),(-2.65447586599938,
-2.65324173745567,-2.48948827867308,-2.32573481989049,-2.16198136110791,
-1.99822790232532,-1.83447444354273),.UNSPECIFIED.);
#153=B_SPLINE_CURVE_WITH_KNOTS('',3,(#5876,#5877,#5878,#5879,#5880,#5881,
#5882,#5883,#5884,#5885,#5886,#5887),.UNSPECIFIED.,.F.,.F.,(4,2,2,2,2,4),
(-0.000751823946421638,0.,0.181227154339779,0.287976436636375,0.386688720700704,
0.416802258050105),.UNSPECIFIED.);
#154=B_SPLINE_CURVE_WITH_KNOTS('',3,(#5952,#5953,#5954,#5955,#5956,#5957,
#5958,#5959,#5960,#5961,#5962,#5963),.UNSPECIFIED.,.F.,.F.,(4,1,1,1,1,1,
1,2,4),(-0.818520726249653,-0.654816580999722,-0.491112435749792,-0.327408290499861,
-0.245556217874896,-0.163704145249931,-0.0818520726249653,0.,0.00147671764287853),
 .UNSPECIFIED.);
#155=TOROIDAL_SURFACE('',#2457,17.45,10.);
#156=TOROIDAL_SURFACE('',#2475,12.25,3.);
#157=TOROIDAL_SURFACE('',#2484,6.25,3.);
#158=TOROIDAL_SURFACE('',#2488,9.85,3.);
#159=TOROIDAL_SURFACE('',#2490,11.45,4.);
#160=TOROIDAL_SURFACE('',#2496,11.45,4.);
#161=TOROIDAL_SURFACE('',#2502,11.45,4.);
#162=TOROIDAL_SURFACE('',#2505,11.45,4.);
#163=TOROIDAL_SURFACE('',#2508,11.45,4.);
#164=TOROIDAL_SURFACE('',#2534,10.45,3.);
#165=TOROIDAL_SURFACE('',#2537,10.45,3.);
#166=TOROIDAL_SURFACE('',#2540,10.45,3.);
#167=TOROIDAL_SURFACE('',#2543,10.45,3.);
#168=TOROIDAL_SURFACE('',#2546,10.45,3.);
#169=TOROIDAL_SURFACE('',#2549,5.75,3.);
#170=TOROIDAL_SURFACE('',#2554,5.75,3.);
#171=TOROIDAL_SURFACE('',#2563,5.75,3.);
#172=TOROIDAL_SURFACE('',#2570,5.75,3.);
#173=TOROIDAL_SURFACE('',#2575,5.75,3.);
#174=TOROIDAL_SURFACE('',#2589,5.75,3.);
#175=TOROIDAL_SURFACE('',#2593,5.75,3.);
#176=TOROIDAL_SURFACE('',#2605,5.75,3.);
#177=TOROIDAL_SURFACE('',#2609,5.75,3.);
#178=TOROIDAL_SURFACE('',#2623,5.75,3.);
#179=PLANE('',#2452);
#180=PLANE('',#2456);
#181=PLANE('',#2482);
#182=PLANE('',#2493);
#183=PLANE('',#2499);
#184=PLANE('',#2511);
#185=PLANE('',#2567);
#186=PLANE('',#2580);
#187=PLANE('',#2582);
#188=PLANE('',#2598);
#189=PLANE('',#2614);
#190=PLANE('',#2635);
#191=PLANE('',#2636);
#192=PLANE('',#2646);
#193=PLANE('',#2648);
#194=PLANE('',#2657);
#195=PLANE('',#2659);
#196=PLANE('',#2668);
#197=PLANE('',#2670);
#198=PLANE('',#2673);
#199=PLANE('',#2683);
#200=PLANE('',#2685);
#201=PLANE('',#2694);
#202=PLANE('',#2696);
#203=PLANE('',#2699);
#204=PLANE('',#2708);
#205=PLANE('',#2710);
#206=PLANE('',#2712);
#207=PLANE('',#2721);
#208=PLANE('',#2723);
#209=PLANE('',#2725);
#210=PLANE('',#2734);
#211=PLANE('',#2736);
#212=PLANE('',#2738);
#213=PLANE('',#2747);
#214=PLANE('',#2749);
#215=PLANE('',#2751);
#216=PLANE('',#2760);
#217=PLANE('',#2762);
#218=LINE('',#3518,#295);
#219=LINE('',#3527,#296);
#220=LINE('',#3538,#297);
#221=LINE('',#3542,#298);
#222=LINE('',#3552,#299);
#223=LINE('',#3559,#300);
#224=LINE('',#3563,#301);
#225=LINE('',#3575,#302);
#226=LINE('',#3579,#303);
#227=LINE('',#3591,#304);
#228=LINE('',#3595,#305);
#229=LINE('',#3607,#306);
#230=LINE('',#3611,#307);
#231=LINE('',#3623,#308);
#232=LINE('',#3627,#309);
#233=LINE('',#3642,#310);
#234=LINE('',#3646,#311);
#235=LINE('',#3650,#312);
#236=LINE('',#3667,#313);
#237=LINE('',#3671,#314);
#238=LINE('',#3687,#315);
#239=LINE('',#3691,#316);
#240=LINE('',#3707,#317);
#241=LINE('',#3711,#318);
#242=LINE('',#3726,#319);
#243=LINE('',#3736,#320);
#244=LINE('',#4223,#321);
#245=LINE('',#4299,#322);
#246=LINE('',#4303,#323);
#247=LINE('',#4391,#324);
#248=LINE('',#4395,#325);
#249=LINE('',#4477,#326);
#250=LINE('',#4481,#327);
#251=LINE('',#4557,#328);
#252=LINE('',#4561,#329);
#253=LINE('',#4643,#330);
#254=LINE('',#5217,#331);
#255=LINE('',#5219,#332);
#256=LINE('',#5245,#333);
#257=LINE('',#5424,#334);
#258=LINE('',#5429,#335);
#259=LINE('',#5604,#336);
#260=LINE('',#5609,#337);
#261=LINE('',#5806,#338);
#262=LINE('',#5810,#339);
#263=LINE('',#5875,#340);
#264=LINE('',#5966,#341);
#265=LINE('',#6089,#342);
#266=LINE('',#6095,#343);
#267=LINE('',#6102,#344);
#268=LINE('',#6108,#345);
#269=LINE('',#6114,#346);
#270=LINE('',#6121,#347);
#271=LINE('',#6127,#348);
#272=LINE('',#6133,#349);
#273=LINE('',#6140,#350);
#274=LINE('',#6151,#351);
#275=LINE('',#6157,#352);
#276=LINE('',#6164,#353);
#277=LINE('',#6170,#354);
#278=LINE('',#6176,#355);
#279=LINE('',#6183,#356);
#280=LINE('',#6193,#357);
#281=LINE('',#6199,#358);
#282=LINE('',#6206,#359);
#283=LINE('',#6215,#360);
#284=LINE('',#6221,#361);
#285=LINE('',#6228,#362);
#286=LINE('',#6237,#363);
#287=LINE('',#6243,#364);
#288=LINE('',#6250,#365);
#289=LINE('',#6259,#366);
#290=LINE('',#6265,#367);
#291=LINE('',#6272,#368);
#292=LINE('',#6281,#369);
#293=LINE('',#6287,#370);
#294=LINE('',#6294,#371);
#295=VECTOR('',#2776,6.85);
#296=VECTOR('',#2787,4.05);
#297=VECTOR('',#2802,7.45);
#298=VECTOR('',#2805,10.);
#299=VECTOR('',#2806,7.45);
#300=VECTOR('',#2807,10.);
#301=VECTOR('',#2810,10.);
#302=VECTOR('',#2811,10.);
#303=VECTOR('',#2814,10.);
#304=VECTOR('',#2815,10.);
#305=VECTOR('',#2818,10.);
#306=VECTOR('',#2819,10.);
#307=VECTOR('',#2822,10.);
#308=VECTOR('',#2823,10.);
#309=VECTOR('',#2826,10.);
#310=VECTOR('',#2827,10.);
#311=VECTOR('',#2830,10.);
#312=VECTOR('',#2833,10.);
#313=VECTOR('',#2834,10.);
#314=VECTOR('',#2837,10.);
#315=VECTOR('',#2838,10.);
#316=VECTOR('',#2841,10.);
#317=VECTOR('',#2842,10.);
#318=VECTOR('',#2845,10.);
#319=VECTOR('',#2848,12.45);
#320=VECTOR('',#2861,9.25);
#321=VECTOR('',#2934,10.);
#322=VECTOR('',#2939,10.);
#323=VECTOR('',#2944,10.);
#324=VECTOR('',#2949,10.);
#325=VECTOR('',#2954,10.);
#326=VECTOR('',#2959,10.);
#327=VECTOR('',#2964,10.);
#328=VECTOR('',#2969,10.);
#329=VECTOR('',#2974,10.);
#330=VECTOR('',#2979,10.);
#331=VECTOR('',#3032,10.);
#332=VECTOR('',#3035,10.);
#333=VECTOR('',#3054,10.);
#334=VECTOR('',#3087,10.);
#335=VECTOR('',#3094,10.);
#336=VECTOR('',#3121,10.);
#337=VECTOR('',#3128,10.);
#338=VECTOR('',#3155,10.);
#339=VECTOR('',#3162,10.);
#340=VECTOR('',#3167,10.);
#341=VECTOR('',#3178,12.45);
#342=VECTOR('',#3207,1.8);
#343=VECTOR('',#3214,1.6);
#344=VECTOR('',#3225,2.15);
#345=VECTOR('',#3232,1.8);
#346=VECTOR('',#3239,1.6);
#347=VECTOR('',#3250,2.15);
#348=VECTOR('',#3257,1.8);
#349=VECTOR('',#3264,1.6);
#350=VECTOR('',#3275,2.15);
#351=VECTOR('',#3290,1.8);
#352=VECTOR('',#3297,1.6);
#353=VECTOR('',#3308,2.15);
#354=VECTOR('',#3315,1.8);
#355=VECTOR('',#3322,1.6);
#356=VECTOR('',#3333,2.15);
#357=VECTOR('',#3346,1.8);
#358=VECTOR('',#3353,1.6);
#359=VECTOR('',#3364,2.15);
#360=VECTOR('',#3375,1.8);
#361=VECTOR('',#3382,1.6);
#362=VECTOR('',#3393,2.15);
#363=VECTOR('',#3404,1.8);
#364=VECTOR('',#3411,1.6);
#365=VECTOR('',#3422,2.15);
#366=VECTOR('',#3433,1.8);
#367=VECTOR('',#3440,1.6);
#368=VECTOR('',#3451,2.15);
#369=VECTOR('',#3462,1.8);
#370=VECTOR('',#3469,1.6);
#371=VECTOR('',#3480,2.15);
#372=CYLINDRICAL_SURFACE('',#2449,6.85);
#373=CYLINDRICAL_SURFACE('',#2453,4.05);
#374=CYLINDRICAL_SURFACE('',#2461,7.45);
#375=CYLINDRICAL_SURFACE('',#2473,12.45);
#376=CYLINDRICAL_SURFACE('',#2479,9.25);
#377=CYLINDRICAL_SURFACE('',#2514,3.5);
#378=CYLINDRICAL_SURFACE('',#2517,3.5);
#379=CYLINDRICAL_SURFACE('',#2518,3.5);
#380=CYLINDRICAL_SURFACE('',#2521,3.5);
#381=CYLINDRICAL_SURFACE('',#2522,3.5);
#382=CYLINDRICAL_SURFACE('',#2525,3.5);
#383=CYLINDRICAL_SURFACE('',#2526,3.5);
#384=CYLINDRICAL_SURFACE('',#2529,3.5);
#385=CYLINDRICAL_SURFACE('',#2530,3.5);
#386=CYLINDRICAL_SURFACE('',#2533,3.5);
#387=CYLINDRICAL_SURFACE('',#2559,3.);
#388=CYLINDRICAL_SURFACE('',#2560,2.75);
#389=CYLINDRICAL_SURFACE('',#2562,3.);
#390=CYLINDRICAL_SURFACE('',#2569,3.);
#391=CYLINDRICAL_SURFACE('',#2585,3.);
#392=CYLINDRICAL_SURFACE('',#2586,2.75);
#393=CYLINDRICAL_SURFACE('',#2588,3.);
#394=CYLINDRICAL_SURFACE('',#2601,3.);
#395=CYLINDRICAL_SURFACE('',#2602,2.75);
#396=CYLINDRICAL_SURFACE('',#2604,3.);
#397=CYLINDRICAL_SURFACE('',#2617,3.);
#398=CYLINDRICAL_SURFACE('',#2618,2.75);
#399=CYLINDRICAL_SURFACE('',#2620,3.);
#400=CYLINDRICAL_SURFACE('',#2622,3.);
#401=CYLINDRICAL_SURFACE('',#2627,12.45);
#402=CYLINDRICAL_SURFACE('',#2628,2.75);
#403=CYLINDRICAL_SURFACE('',#2644,1.6);
#404=CYLINDRICAL_SURFACE('',#2649,2.15);
#405=CYLINDRICAL_SURFACE('',#2650,2.75);
#406=CYLINDRICAL_SURFACE('',#2655,1.6);
#407=CYLINDRICAL_SURFACE('',#2660,2.15);
#408=CYLINDRICAL_SURFACE('',#2661,2.75);
#409=CYLINDRICAL_SURFACE('',#2666,1.6);
#410=CYLINDRICAL_SURFACE('',#2671,2.15);
#411=CYLINDRICAL_SURFACE('',#2672,2.75);
#412=CYLINDRICAL_SURFACE('',#2681,1.6);
#413=CYLINDRICAL_SURFACE('',#2686,2.15);
#414=CYLINDRICAL_SURFACE('',#2687,2.75);
#415=CYLINDRICAL_SURFACE('',#2692,1.6);
#416=CYLINDRICAL_SURFACE('',#2697,2.15);
#417=CYLINDRICAL_SURFACE('',#2698,2.75);
#418=CYLINDRICAL_SURFACE('',#2706,1.6);
#419=CYLINDRICAL_SURFACE('',#2711,2.15);
#420=CYLINDRICAL_SURFACE('',#2719,1.6);
#421=CYLINDRICAL_SURFACE('',#2724,2.15);
#422=CYLINDRICAL_SURFACE('',#2732,1.6);
#423=CYLINDRICAL_SURFACE('',#2737,2.15);
#424=CYLINDRICAL_SURFACE('',#2745,1.6);
#425=CYLINDRICAL_SURFACE('',#2750,2.15);
#426=CYLINDRICAL_SURFACE('',#2758,1.6);
#427=CYLINDRICAL_SURFACE('',#2763,2.15);
#428=FACE_OUTER_BOUND('',#578,.T.);
#429=FACE_OUTER_BOUND('',#579,.T.);
#430=FACE_OUTER_BOUND('',#580,.T.);
#431=FACE_OUTER_BOUND('',#581,.T.);
#432=FACE_OUTER_BOUND('',#582,.T.);
#433=FACE_OUTER_BOUND('',#583,.T.);
#434=FACE_OUTER_BOUND('',#584,.T.);
#435=FACE_OUTER_BOUND('',#589,.T.);
#436=FACE_OUTER_BOUND('',#590,.T.);
#437=FACE_OUTER_BOUND('',#591,.T.);
#438=FACE_OUTER_BOUND('',#592,.T.);
#439=FACE_OUTER_BOUND('',#594,.T.);
#440=FACE_OUTER_BOUND('',#595,.T.);
#441=FACE_OUTER_BOUND('',#596,.T.);
#442=FACE_OUTER_BOUND('',#597,.T.);
#443=FACE_OUTER_BOUND('',#598,.T.);
#444=FACE_OUTER_BOUND('',#599,.T.);
#445=FACE_OUTER_BOUND('',#600,.T.);
#446=FACE_OUTER_BOUND('',#601,.T.);
#447=FACE_OUTER_BOUND('',#602,.T.);
#448=FACE_OUTER_BOUND('',#603,.T.);
#449=FACE_OUTER_BOUND('',#604,.T.);
#450=FACE_OUTER_BOUND('',#605,.T.);
#451=FACE_OUTER_BOUND('',#606,.T.);
#452=FACE_OUTER_BOUND('',#607,.T.);
#453=FACE_OUTER_BOUND('',#608,.T.);
#454=FACE_OUTER_BOUND('',#609,.T.);
#455=FACE_OUTER_BOUND('',#610,.T.);
#456=FACE_OUTER_BOUND('',#611,.T.);
#457=FACE_OUTER_BOUND('',#612,.T.);
#458=FACE_OUTER_BOUND('',#613,.T.);
#459=FACE_OUTER_BOUND('',#614,.T.);
#460=FACE_OUTER_BOUND('',#615,.T.);
#461=FACE_OUTER_BOUND('',#616,.T.);
#462=FACE_OUTER_BOUND('',#617,.T.);
#463=FACE_OUTER_BOUND('',#618,.T.);
#464=FACE_OUTER_BOUND('',#619,.T.);
#465=FACE_OUTER_BOUND('',#620,.T.);
#466=FACE_OUTER_BOUND('',#621,.T.);
#467=FACE_OUTER_BOUND('',#622,.T.);
#468=FACE_OUTER_BOUND('',#623,.T.);
#469=FACE_OUTER_BOUND('',#624,.T.);
#470=FACE_OUTER_BOUND('',#625,.T.);
#471=FACE_OUTER_BOUND('',#626,.T.);
#472=FACE_OUTER_BOUND('',#627,.T.);
#473=FACE_OUTER_BOUND('',#628,.T.);
#474=FACE_OUTER_BOUND('',#629,.T.);
#475=FACE_OUTER_BOUND('',#630,.T.);
#476=FACE_OUTER_BOUND('',#631,.T.);
#477=FACE_OUTER_BOUND('',#632,.T.);
#478=FACE_OUTER_BOUND('',#633,.T.);
#479=FACE_OUTER_BOUND('',#634,.T.);
#480=FACE_OUTER_BOUND('',#635,.T.);
#481=FACE_OUTER_BOUND('',#636,.T.);
#482=FACE_OUTER_BOUND('',#637,.T.);
#483=FACE_OUTER_BOUND('',#638,.T.);
#484=FACE_OUTER_BOUND('',#639,.T.);
#485=FACE_OUTER_BOUND('',#640,.T.);
#486=FACE_OUTER_BOUND('',#641,.T.);
#487=FACE_OUTER_BOUND('',#642,.T.);
#488=FACE_OUTER_BOUND('',#643,.T.);
#489=FACE_OUTER_BOUND('',#644,.T.);
#490=FACE_OUTER_BOUND('',#645,.T.);
#491=FACE_OUTER_BOUND('',#646,.T.);
#492=FACE_OUTER_BOUND('',#647,.T.);
#493=FACE_OUTER_BOUND('',#648,.T.);
#494=FACE_OUTER_BOUND('',#649,.T.);
#495=FACE_OUTER_BOUND('',#650,.T.);
#496=FACE_OUTER_BOUND('',#651,.T.);
#497=FACE_OUTER_BOUND('',#652,.T.);
#498=FACE_OUTER_BOUND('',#653,.T.);
#499=FACE_OUTER_BOUND('',#654,.T.);
#500=FACE_OUTER_BOUND('',#655,.T.);
#501=FACE_OUTER_BOUND('',#656,.T.);
#502=FACE_OUTER_BOUND('',#657,.T.);
#503=FACE_OUTER_BOUND('',#658,.T.);
#504=FACE_OUTER_BOUND('',#659,.T.);
#505=FACE_OUTER_BOUND('',#660,.T.);
#506=FACE_OUTER_BOUND('',#661,.T.);
#507=FACE_OUTER_BOUND('',#662,.T.);
#508=FACE_OUTER_BOUND('',#663,.T.);
#509=FACE_OUTER_BOUND('',#664,.T.);
#510=FACE_OUTER_BOUND('',#665,.T.);
#511=FACE_OUTER_BOUND('',#666,.T.);
#512=FACE_OUTER_BOUND('',#667,.T.);
#513=FACE_OUTER_BOUND('',#668,.T.);
#514=FACE_OUTER_BOUND('',#669,.T.);
#515=FACE_OUTER_BOUND('',#670,.T.);
#516=FACE_OUTER_BOUND('',#672,.T.);
#517=FACE_OUTER_BOUND('',#673,.T.);
#518=FACE_OUTER_BOUND('',#674,.T.);
#519=FACE_OUTER_BOUND('',#675,.T.);
#520=FACE_OUTER_BOUND('',#677,.T.);
#521=FACE_OUTER_BOUND('',#678,.T.);
#522=FACE_OUTER_BOUND('',#679,.T.);
#523=FACE_OUTER_BOUND('',#680,.T.);
#524=FACE_OUTER_BOUND('',#681,.T.);
#525=FACE_OUTER_BOUND('',#682,.T.);
#526=FACE_OUTER_BOUND('',#684,.T.);
#527=FACE_OUTER_BOUND('',#685,.T.);
#528=FACE_OUTER_BOUND('',#686,.T.);
#529=FACE_OUTER_BOUND('',#687,.T.);
#530=FACE_OUTER_BOUND('',#688,.T.);
#531=FACE_OUTER_BOUND('',#689,.T.);
#532=FACE_OUTER_BOUND('',#691,.T.);
#533=FACE_OUTER_BOUND('',#692,.T.);
#534=FACE_OUTER_BOUND('',#693,.T.);
#535=FACE_OUTER_BOUND('',#694,.T.);
#536=FACE_OUTER_BOUND('',#695,.T.);
#537=FACE_OUTER_BOUND('',#696,.T.);
#538=FACE_OUTER_BOUND('',#697,.T.);
#539=FACE_OUTER_BOUND('',#699,.T.);
#540=FACE_OUTER_BOUND('',#700,.T.);
#541=FACE_OUTER_BOUND('',#701,.T.);
#542=FACE_OUTER_BOUND('',#702,.T.);
#543=FACE_OUTER_BOUND('',#703,.T.);
#544=FACE_OUTER_BOUND('',#704,.T.);
#545=FACE_OUTER_BOUND('',#706,.T.);
#546=FACE_OUTER_BOUND('',#707,.T.);
#547=FACE_OUTER_BOUND('',#708,.T.);
#548=FACE_OUTER_BOUND('',#709,.T.);
#549=FACE_OUTER_BOUND('',#710,.T.);
#550=FACE_OUTER_BOUND('',#711,.T.);
#551=FACE_OUTER_BOUND('',#712,.T.);
#552=FACE_OUTER_BOUND('',#714,.T.);
#553=FACE_OUTER_BOUND('',#715,.T.);
#554=FACE_OUTER_BOUND('',#716,.T.);
#555=FACE_OUTER_BOUND('',#717,.T.);
#556=FACE_OUTER_BOUND('',#718,.T.);
#557=FACE_OUTER_BOUND('',#719,.T.);
#558=FACE_OUTER_BOUND('',#721,.T.);
#559=FACE_OUTER_BOUND('',#722,.T.);
#560=FACE_OUTER_BOUND('',#723,.T.);
#561=FACE_OUTER_BOUND('',#724,.T.);
#562=FACE_OUTER_BOUND('',#725,.T.);
#563=FACE_OUTER_BOUND('',#726,.T.);
#564=FACE_OUTER_BOUND('',#728,.T.);
#565=FACE_OUTER_BOUND('',#729,.T.);
#566=FACE_OUTER_BOUND('',#730,.T.);
#567=FACE_OUTER_BOUND('',#731,.T.);
#568=FACE_OUTER_BOUND('',#732,.T.);
#569=FACE_OUTER_BOUND('',#733,.T.);
#570=FACE_OUTER_BOUND('',#735,.T.);
#571=FACE_OUTER_BOUND('',#736,.T.);
#572=FACE_OUTER_BOUND('',#737,.T.);
#573=FACE_OUTER_BOUND('',#738,.T.);
#574=FACE_OUTER_BOUND('',#739,.T.);
#575=FACE_OUTER_BOUND('',#740,.T.);
#576=FACE_OUTER_BOUND('',#742,.T.);
#577=FACE_OUTER_BOUND('',#743,.T.);
#578=EDGE_LOOP('',(#1534,#1535,#1536,#1537,#1538));
#579=EDGE_LOOP('',(#1539,#1540,#1541,#1542,#1543,#1544));
#580=EDGE_LOOP('',(#1545));
#581=EDGE_LOOP('',(#1546,#1547,#1548,#1549));
#582=EDGE_LOOP('',(#1550));
#583=EDGE_LOOP('',(#1551,#1552,#1553,#1554));
#584=EDGE_LOOP('',(#1555,#1556,#1557,#1558,#1559,#1560,#1561,#1562,#1563,
#1564,#1565,#1566,#1567,#1568,#1569,#1570,#1571,#1572,#1573,#1574,#1575,
#1576,#1577,#1578,#1579,#1580,#1581,#1582,#1583,#1584,#1585,#1586,#1587,
#1588,#1589,#1590));
#585=EDGE_LOOP('',(#1591,#1592,#1593,#1594));
#586=EDGE_LOOP('',(#1595,#1596,#1597,#1598));
#587=EDGE_LOOP('',(#1599,#1600,#1601,#1602));
#588=EDGE_LOOP('',(#1603,#1604,#1605,#1606));
#589=EDGE_LOOP('',(#1607,#1608,#1609,#1610));
#590=EDGE_LOOP('',(#1611,#1612,#1613,#1614));
#591=EDGE_LOOP('',(#1615,#1616,#1617,#1618,#1619));
#592=EDGE_LOOP('',(#1620));
#593=EDGE_LOOP('',(#1621));
#594=EDGE_LOOP('',(#1622,#1623,#1624,#1625,#1626,#1627));
#595=EDGE_LOOP('',(#1628,#1629,#1630,#1631,#1632,#1633));
#596=EDGE_LOOP('',(#1634,#1635,#1636,#1637,#1638,#1639,#1640,#1641,#1642,
#1643));
#597=EDGE_LOOP('',(#1644,#1645,#1646,#1647));
#598=EDGE_LOOP('',(#1648,#1649,#1650,#1651,#1652,#1653,#1654,#1655,#1656));
#599=EDGE_LOOP('',(#1657,#1658,#1659,#1660));
#600=EDGE_LOOP('',(#1661,#1662,#1663,#1664,#1665,#1666,#1667,#1668));
#601=EDGE_LOOP('',(#1669,#1670,#1671,#1672,#1673,#1674,#1675,#1676));
#602=EDGE_LOOP('',(#1677,#1678,#1679,#1680,#1681,#1682,#1683,#1684,#1685));
#603=EDGE_LOOP('',(#1686,#1687,#1688,#1689));
#604=EDGE_LOOP('',(#1690,#1691,#1692,#1693));
#605=EDGE_LOOP('',(#1694,#1695,#1696,#1697));
#606=EDGE_LOOP('',(#1698,#1699,#1700,#1701));
#607=EDGE_LOOP('',(#1702,#1703,#1704,#1705));
#608=EDGE_LOOP('',(#1706,#1707,#1708,#1709));
#609=EDGE_LOOP('',(#1710,#1711,#1712,#1713));
#610=EDGE_LOOP('',(#1714,#1715,#1716,#1717));
#611=EDGE_LOOP('',(#1718,#1719,#1720,#1721));
#612=EDGE_LOOP('',(#1722,#1723,#1724,#1725));
#613=EDGE_LOOP('',(#1726,#1727,#1728,#1729));
#614=EDGE_LOOP('',(#1730,#1731,#1732,#1733,#1734));
#615=EDGE_LOOP('',(#1735,#1736,#1737,#1738));
#616=EDGE_LOOP('',(#1739,#1740,#1741,#1742));
#617=EDGE_LOOP('',(#1743,#1744,#1745,#1746));
#618=EDGE_LOOP('',(#1747,#1748,#1749,#1750));
#619=EDGE_LOOP('',(#1751,#1752,#1753,#1754,#1755,#1756,#1757,#1758));
#620=EDGE_LOOP('',(#1759,#1760,#1761,#1762,#1763,#1764,#1765,#1766));
#621=EDGE_LOOP('',(#1767,#1768,#1769,#1770,#1771,#1772,#1773,#1774));
#622=EDGE_LOOP('',(#1775,#1776,#1777,#1778,#1779,#1780,#1781,#1782));
#623=EDGE_LOOP('',(#1783,#1784,#1785,#1786,#1787,#1788,#1789,#1790));
#624=EDGE_LOOP('',(#1791,#1792,#1793,#1794,#1795,#1796));
#625=EDGE_LOOP('',(#1797,#1798,#1799));
#626=EDGE_LOOP('',(#1800,#1801,#1802,#1803,#1804,#1805));
#627=EDGE_LOOP('',(#1806,#1807,#1808));
#628=EDGE_LOOP('',(#1809,#1810,#1811,#1812));
#629=EDGE_LOOP('',(#1813,#1814,#1815,#1816,#1817,#1818,#1819,#1820,#1821));
#630=EDGE_LOOP('',(#1822,#1823,#1824,#1825));
#631=EDGE_LOOP('',(#1826,#1827,#1828,#1829,#1830,#1831));
#632=EDGE_LOOP('',(#1832,#1833,#1834));
#633=EDGE_LOOP('',(#1835,#1836,#1837,#1838));
#634=EDGE_LOOP('',(#1839,#1840,#1841,#1842,#1843,#1844));
#635=EDGE_LOOP('',(#1845,#1846,#1847));
#636=EDGE_LOOP('',(#1848,#1849,#1850,#1851,#1852,#1853));
#637=EDGE_LOOP('',(#1854,#1855,#1856));
#638=EDGE_LOOP('',(#1857,#1858,#1859));
#639=EDGE_LOOP('',(#1860,#1861,#1862));
#640=EDGE_LOOP('',(#1863,#1864,#1865,#1866));
#641=EDGE_LOOP('',(#1867,#1868,#1869,#1870,#1871,#1872,#1873,#1874,#1875));
#642=EDGE_LOOP('',(#1876,#1877,#1878,#1879));
#643=EDGE_LOOP('',(#1880,#1881,#1882,#1883,#1884,#1885));
#644=EDGE_LOOP('',(#1886,#1887,#1888));
#645=EDGE_LOOP('',(#1889,#1890,#1891,#1892,#1893,#1894));
#646=EDGE_LOOP('',(#1895,#1896,#1897));
#647=EDGE_LOOP('',(#1898,#1899,#1900));
#648=EDGE_LOOP('',(#1901,#1902,#1903,#1904));
#649=EDGE_LOOP('',(#1905,#1906,#1907,#1908,#1909,#1910,#1911,#1912,#1913));
#650=EDGE_LOOP('',(#1914,#1915,#1916,#1917));
#651=EDGE_LOOP('',(#1918,#1919,#1920,#1921,#1922,#1923));
#652=EDGE_LOOP('',(#1924,#1925,#1926));
#653=EDGE_LOOP('',(#1927,#1928,#1929,#1930,#1931,#1932));
#654=EDGE_LOOP('',(#1933,#1934,#1935));
#655=EDGE_LOOP('',(#1936,#1937,#1938));
#656=EDGE_LOOP('',(#1939,#1940,#1941,#1942));
#657=EDGE_LOOP('',(#1943,#1944,#1945,#1946,#1947,#1948,#1949,#1950,#1951));
#658=EDGE_LOOP('',(#1952,#1953,#1954,#1955));
#659=EDGE_LOOP('',(#1956,#1957,#1958));
#660=EDGE_LOOP('',(#1959,#1960,#1961,#1962));
#661=EDGE_LOOP('',(#1963,#1964,#1965,#1966,#1967,#1968));
#662=EDGE_LOOP('',(#1969,#1970,#1971));
#663=EDGE_LOOP('',(#1972,#1973,#1974,#1975,#1976,#1977,#1978,#1979,#1980,
#1981,#1982,#1983,#1984,#1985,#1986,#1987,#1988,#1989));
#664=EDGE_LOOP('',(#1990,#1991,#1992,#1993,#1994,#1995,#1996,#1997,#1998));
#665=EDGE_LOOP('',(#1999,#2000));
#666=EDGE_LOOP('',(#2001,#2002));
#667=EDGE_LOOP('',(#2003,#2004));
#668=EDGE_LOOP('',(#2005,#2006));
#669=EDGE_LOOP('',(#2007,#2008));
#670=EDGE_LOOP('',(#2009));
#671=EDGE_LOOP('',(#2010));
#672=EDGE_LOOP('',(#2011,#2012,#2013,#2014,#2015));
#673=EDGE_LOOP('',(#2016,#2017,#2018,#2019,#2020));
#674=EDGE_LOOP('',(#2021,#2022,#2023,#2024,#2025));
#675=EDGE_LOOP('',(#2026));
#676=EDGE_LOOP('',(#2027));
#677=EDGE_LOOP('',(#2028));
#678=EDGE_LOOP('',(#2029,#2030,#2031,#2032,#2033,#2034));
#679=EDGE_LOOP('',(#2035,#2036,#2037,#2038,#2039,#2040));
#680=EDGE_LOOP('',(#2041,#2042,#2043,#2044,#2045));
#681=EDGE_LOOP('',(#2046,#2047,#2048,#2049,#2050));
#682=EDGE_LOOP('',(#2051));
#683=EDGE_LOOP('',(#2052));
#684=EDGE_LOOP('',(#2053));
#685=EDGE_LOOP('',(#2054,#2055,#2056,#2057,#2058,#2059));
#686=EDGE_LOOP('',(#2060,#2061,#2062,#2063,#2064,#2065));
#687=EDGE_LOOP('',(#2066,#2067,#2068,#2069,#2070));
#688=EDGE_LOOP('',(#2071,#2072,#2073,#2074,#2075));
#689=EDGE_LOOP('',(#2076));
#690=EDGE_LOOP('',(#2077));
#691=EDGE_LOOP('',(#2078));
#692=EDGE_LOOP('',(#2079,#2080,#2081,#2082,#2083,#2084));
#693=EDGE_LOOP('',(#2085,#2086,#2087,#2088,#2089,#2090));
#694=EDGE_LOOP('',(#2091,#2092,#2093,#2094,#2095));
#695=EDGE_LOOP('',(#2096,#2097,#2098,#2099,#2100));
#696=EDGE_LOOP('',(#2101,#2102,#2103,#2104,#2105));
#697=EDGE_LOOP('',(#2106));
#698=EDGE_LOOP('',(#2107));
#699=EDGE_LOOP('',(#2108));
#700=EDGE_LOOP('',(#2109,#2110,#2111,#2112,#2113,#2114));
#701=EDGE_LOOP('',(#2115,#2116,#2117,#2118,#2119,#2120));
#702=EDGE_LOOP('',(#2121,#2122,#2123,#2124,#2125));
#703=EDGE_LOOP('',(#2126,#2127,#2128,#2129,#2130));
#704=EDGE_LOOP('',(#2131));
#705=EDGE_LOOP('',(#2132));
#706=EDGE_LOOP('',(#2133));
#707=EDGE_LOOP('',(#2134,#2135,#2136,#2137,#2138,#2139));
#708=EDGE_LOOP('',(#2140,#2141,#2142,#2143,#2144,#2145));
#709=EDGE_LOOP('',(#2146,#2147,#2148,#2149,#2150));
#710=EDGE_LOOP('',(#2151,#2152,#2153,#2154,#2155));
#711=EDGE_LOOP('',(#2156,#2157,#2158,#2159,#2160));
#712=EDGE_LOOP('',(#2161));
#713=EDGE_LOOP('',(#2162));
#714=EDGE_LOOP('',(#2163));
#715=EDGE_LOOP('',(#2164,#2165,#2166,#2167,#2168,#2169));
#716=EDGE_LOOP('',(#2170,#2171,#2172,#2173,#2174));
#717=EDGE_LOOP('',(#2175,#2176,#2177,#2178,#2179));
#718=EDGE_LOOP('',(#2180,#2181,#2182,#2183,#2184));
#719=EDGE_LOOP('',(#2185));
#720=EDGE_LOOP('',(#2186));
#721=EDGE_LOOP('',(#2187));
#722=EDGE_LOOP('',(#2188,#2189,#2190,#2191,#2192,#2193));
#723=EDGE_LOOP('',(#2194,#2195,#2196,#2197,#2198));
#724=EDGE_LOOP('',(#2199,#2200,#2201,#2202,#2203));
#725=EDGE_LOOP('',(#2204,#2205,#2206,#2207,#2208));
#726=EDGE_LOOP('',(#2209));
#727=EDGE_LOOP('',(#2210));
#728=EDGE_LOOP('',(#2211));
#729=EDGE_LOOP('',(#2212,#2213,#2214,#2215,#2216,#2217));
#730=EDGE_LOOP('',(#2218,#2219,#2220,#2221,#2222));
#731=EDGE_LOOP('',(#2223,#2224,#2225,#2226,#2227));
#732=EDGE_LOOP('',(#2228,#2229,#2230,#2231,#2232));
#733=EDGE_LOOP('',(#2233));
#734=EDGE_LOOP('',(#2234));
#735=EDGE_LOOP('',(#2235));
#736=EDGE_LOOP('',(#2236,#2237,#2238,#2239,#2240,#2241));
#737=EDGE_LOOP('',(#2242,#2243,#2244,#2245,#2246));
#738=EDGE_LOOP('',(#2247,#2248,#2249,#2250,#2251));
#739=EDGE_LOOP('',(#2252,#2253,#2254,#2255,#2256));
#740=EDGE_LOOP('',(#2257));
#741=EDGE_LOOP('',(#2258));
#742=EDGE_LOOP('',(#2259));
#743=EDGE_LOOP('',(#2260,#2261,#2262,#2263,#2264,#2265));
#744=CIRCLE('',#2445,2.35);
#745=CIRCLE('',#2446,4.5);
#746=CIRCLE('',#2447,6.85);
#747=CIRCLE('',#2448,6.85);
#748=CIRCLE('',#2450,6.85);
#749=CIRCLE('',#2451,6.85);
#750=CIRCLE('',#2454,4.05);
#751=CIRCLE('',#2455,4.05);
#752=CIRCLE('',#2458,7.45);
#753=CIRCLE('',#2459,10.);
#754=CIRCLE('',#2460,12.45);
#755=CIRCLE('',#2462,7.45);
#756=CIRCLE('',#2463,7.45);
#757=CIRCLE('',#2464,7.45);
#758=CIRCLE('',#2465,7.45);
#759=CIRCLE('',#2466,7.45);
#760=CIRCLE('',#2467,7.45);
#761=CIRCLE('',#2468,7.45);
#762=CIRCLE('',#2469,7.45);
#763=CIRCLE('',#2470,7.45);
#764=CIRCLE('',#2471,7.45);
#765=CIRCLE('',#2472,7.45);
#766=CIRCLE('',#2474,12.45);
#767=CIRCLE('',#2476,12.25);
#768=CIRCLE('',#2477,3.);
#769=CIRCLE('',#2478,9.25);
#770=CIRCLE('',#2480,9.25);
#771=CIRCLE('',#2481,9.25);
#772=CIRCLE('',#2483,12.45);
#773=CIRCLE('',#2485,3.);
#774=CIRCLE('',#2486,8.05);
#775=CIRCLE('',#2487,8.05);
#776=CIRCLE('',#2489,3.);
#777=CIRCLE('',#2491,11.45);
#778=CIRCLE('',#2492,11.45);
#779=CIRCLE('',#2494,2.75);
#780=CIRCLE('',#2495,2.15);
#781=CIRCLE('',#2497,11.45);
#782=CIRCLE('',#2498,11.45);
#783=CIRCLE('',#2500,2.75);
#784=CIRCLE('',#2501,2.15);
#785=CIRCLE('',#2503,11.45);
#786=CIRCLE('',#2504,11.45);
#787=CIRCLE('',#2506,11.45);
#788=CIRCLE('',#2507,11.45);
#789=CIRCLE('',#2509,11.45);
#790=CIRCLE('',#2510,11.45);
#791=CIRCLE('',#2512,2.75);
#792=CIRCLE('',#2513,2.15);
#793=CIRCLE('',#2515,3.5);
#794=CIRCLE('',#2516,3.5);
#795=CIRCLE('',#2519,3.5);
#796=CIRCLE('',#2520,3.5);
#797=CIRCLE('',#2523,3.5);
#798=CIRCLE('',#2524,3.5);
#799=CIRCLE('',#2527,3.5);
#800=CIRCLE('',#2528,3.5);
#801=CIRCLE('',#2531,3.5);
#802=CIRCLE('',#2532,3.5);
#803=CIRCLE('',#2535,10.45);
#804=CIRCLE('',#2536,10.45);
#805=CIRCLE('',#2538,10.45);
#806=CIRCLE('',#2539,10.45);
#807=CIRCLE('',#2541,10.45);
#808=CIRCLE('',#2542,10.45);
#809=CIRCLE('',#2544,10.45);
#810=CIRCLE('',#2545,10.45);
#811=CIRCLE('',#2547,10.45);
#812=CIRCLE('',#2548,10.45);
#813=CIRCLE('',#2550,5.75);
#814=CIRCLE('',#2551,3.);
#815=CIRCLE('',#2552,2.75);
#816=CIRCLE('',#2553,12.45);
#817=CIRCLE('',#2555,2.75);
#818=CIRCLE('',#2556,3.);
#819=CIRCLE('',#2557,5.75);
#820=CIRCLE('',#2558,12.45);
#821=CIRCLE('',#2561,2.75);
#822=CIRCLE('',#2564,5.75);
#823=CIRCLE('',#2565,3.);
#824=CIRCLE('',#2566,2.75);
#825=CIRCLE('',#2568,12.45);
#826=CIRCLE('',#2571,2.75);
#827=CIRCLE('',#2572,3.);
#828=CIRCLE('',#2573,5.75);
#829=CIRCLE('',#2574,12.45);
#830=CIRCLE('',#2576,5.75);
#831=CIRCLE('',#2577,3.);
#832=CIRCLE('',#2578,2.75);
#833=CIRCLE('',#2579,12.45);
#834=CIRCLE('',#2581,12.45);
#835=CIRCLE('',#2583,5.75);
#836=CIRCLE('',#2584,12.45);
#837=CIRCLE('',#2587,2.75);
#838=CIRCLE('',#2590,2.75);
#839=CIRCLE('',#2591,3.);
#840=CIRCLE('',#2592,12.45);
#841=CIRCLE('',#2594,5.75);
#842=CIRCLE('',#2595,3.);
#843=CIRCLE('',#2596,2.75);
#844=CIRCLE('',#2597,12.45);
#845=CIRCLE('',#2599,5.75);
#846=CIRCLE('',#2600,12.45);
#847=CIRCLE('',#2603,2.75);
#848=CIRCLE('',#2606,2.75);
#849=CIRCLE('',#2607,3.);
#850=CIRCLE('',#2608,12.45);
#851=CIRCLE('',#2610,5.75);
#852=CIRCLE('',#2611,3.);
#853=CIRCLE('',#2612,2.75);
#854=CIRCLE('',#2613,12.45);
#855=CIRCLE('',#2615,5.75);
#856=CIRCLE('',#2616,12.45);
#857=CIRCLE('',#2619,2.75);
#858=CIRCLE('',#2621,12.45);
#859=CIRCLE('',#2624,2.75);
#860=CIRCLE('',#2625,3.);
#861=CIRCLE('',#2626,12.45);
#862=CIRCLE('',#2629,2.75);
#863=CIRCLE('',#2630,2.75);
#864=CIRCLE('',#2631,2.75);
#865=CIRCLE('',#2632,2.75);
#866=CIRCLE('',#2633,2.75);
#867=CIRCLE('',#2634,2.75);
#868=CIRCLE('',#2637,2.75);
#869=CIRCLE('',#2638,2.15);
#870=CIRCLE('',#2639,2.15);
#871=CIRCLE('',#2641,2.);
#872=CIRCLE('',#2642,1.6);
#873=CIRCLE('',#2643,1.6);
#874=CIRCLE('',#2645,1.6);
#875=CIRCLE('',#2647,2.15);
#876=CIRCLE('',#2652,2.);
#877=CIRCLE('',#2653,1.6);
#878=CIRCLE('',#2654,1.6);
#879=CIRCLE('',#2656,1.6);
#880=CIRCLE('',#2658,2.15);
#881=CIRCLE('',#2663,2.);
#882=CIRCLE('',#2664,1.6);
#883=CIRCLE('',#2665,1.6);
#884=CIRCLE('',#2667,1.6);
#885=CIRCLE('',#2669,2.15);
#886=CIRCLE('',#2674,2.75);
#887=CIRCLE('',#2675,2.15);
#888=CIRCLE('',#2676,2.15);
#889=CIRCLE('',#2678,2.);
#890=CIRCLE('',#2679,1.6);
#891=CIRCLE('',#2680,1.6);
#892=CIRCLE('',#2682,1.6);
#893=CIRCLE('',#2684,2.15);
#894=CIRCLE('',#2689,2.);
#895=CIRCLE('',#2690,1.6);
#896=CIRCLE('',#2691,1.6);
#897=CIRCLE('',#2693,1.6);
#898=CIRCLE('',#2695,2.15);
#899=CIRCLE('',#2700,2.15);
#900=CIRCLE('',#2701,2.15);
#901=CIRCLE('',#2703,2.);
#902=CIRCLE('',#2704,1.6);
#903=CIRCLE('',#2705,1.6);
#904=CIRCLE('',#2707,1.6);
#905=CIRCLE('',#2709,2.15);
#906=CIRCLE('',#2713,2.15);
#907=CIRCLE('',#2714,2.15);
#908=CIRCLE('',#2716,2.);
#909=CIRCLE('',#2717,1.6);
#910=CIRCLE('',#2718,1.6);
#911=CIRCLE('',#2720,1.6);
#912=CIRCLE('',#2722,2.15);
#913=CIRCLE('',#2726,2.15);
#914=CIRCLE('',#2727,2.15);
#915=CIRCLE('',#2729,2.);
#916=CIRCLE('',#2730,1.6);
#917=CIRCLE('',#2731,1.6);
#918=CIRCLE('',#2733,1.6);
#919=CIRCLE('',#2735,2.15);
#920=CIRCLE('',#2739,2.15);
#921=CIRCLE('',#2740,2.15);
#922=CIRCLE('',#2742,2.);
#923=CIRCLE('',#2743,1.6);
#924=CIRCLE('',#2744,1.6);
#925=CIRCLE('',#2746,1.6);
#926=CIRCLE('',#2748,2.15);
#927=CIRCLE('',#2752,2.15);
#928=CIRCLE('',#2753,2.15);
#929=CIRCLE('',#2755,2.);
#930=CIRCLE('',#2756,1.6);
#931=CIRCLE('',#2757,1.6);
#932=CIRCLE('',#2759,1.6);
#933=CIRCLE('',#2761,2.15);
#934=VERTEX_POINT('',#3509);
#935=VERTEX_POINT('',#3511);
#936=VERTEX_POINT('',#3513);
#937=VERTEX_POINT('',#3517);
#938=VERTEX_POINT('',#3519);
#939=VERTEX_POINT('',#3524);
#940=VERTEX_POINT('',#3526);
#941=VERTEX_POINT('',#3531);
#942=VERTEX_POINT('',#3533);
#943=VERTEX_POINT('',#3537);
#944=VERTEX_POINT('',#3539);
#945=VERTEX_POINT('',#3541);
#946=VERTEX_POINT('',#3543);
#947=VERTEX_POINT('',#3551);
#948=VERTEX_POINT('',#3553);
#949=VERTEX_POINT('',#3558);
#950=VERTEX_POINT('',#3560);
#951=VERTEX_POINT('',#3562);
#952=VERTEX_POINT('',#3564);
#953=VERTEX_POINT('',#3569);
#954=VERTEX_POINT('',#3574);
#955=VERTEX_POINT('',#3576);
#956=VERTEX_POINT('',#3578);
#957=VERTEX_POINT('',#3580);
#958=VERTEX_POINT('',#3585);
#959=VERTEX_POINT('',#3590);
#960=VERTEX_POINT('',#3592);
#961=VERTEX_POINT('',#3594);
#962=VERTEX_POINT('',#3596);
#963=VERTEX_POINT('',#3601);
#964=VERTEX_POINT('',#3606);
#965=VERTEX_POINT('',#3608);
#966=VERTEX_POINT('',#3610);
#967=VERTEX_POINT('',#3612);
#968=VERTEX_POINT('',#3617);
#969=VERTEX_POINT('',#3622);
#970=VERTEX_POINT('',#3624);
#971=VERTEX_POINT('',#3626);
#972=VERTEX_POINT('',#3632);
#973=VERTEX_POINT('',#3641);
#974=VERTEX_POINT('',#3644);
#975=VERTEX_POINT('',#3645);
#976=VERTEX_POINT('',#3647);
#977=VERTEX_POINT('',#3649);
#978=VERTEX_POINT('',#3665);
#979=VERTEX_POINT('',#3666);
#980=VERTEX_POINT('',#3668);
#981=VERTEX_POINT('',#3670);
#982=VERTEX_POINT('',#3685);
#983=VERTEX_POINT('',#3686);
#984=VERTEX_POINT('',#3688);
#985=VERTEX_POINT('',#3690);
#986=VERTEX_POINT('',#3705);
#987=VERTEX_POINT('',#3706);
#988=VERTEX_POINT('',#3708);
#989=VERTEX_POINT('',#3710);
#990=VERTEX_POINT('',#3725);
#991=VERTEX_POINT('',#3729);
#992=VERTEX_POINT('',#3731);
#993=VERTEX_POINT('',#3735);
#994=VERTEX_POINT('',#3737);
#995=VERTEX_POINT('',#3741);
#996=VERTEX_POINT('',#3744);
#997=VERTEX_POINT('',#3746);
#998=VERTEX_POINT('',#3752);
#999=VERTEX_POINT('',#3753);
#1000=VERTEX_POINT('',#3776);
#1001=VERTEX_POINT('',#3778);
#1002=VERTEX_POINT('',#3799);
#1003=VERTEX_POINT('',#3812);
#1004=VERTEX_POINT('',#3821);
#1005=VERTEX_POINT('',#3849);
#1006=VERTEX_POINT('',#3850);
#1007=VERTEX_POINT('',#3883);
#1008=VERTEX_POINT('',#3885);
#1009=VERTEX_POINT('',#3906);
#1010=VERTEX_POINT('',#3919);
#1011=VERTEX_POINT('',#3928);
#1012=VERTEX_POINT('',#3946);
#1013=VERTEX_POINT('',#3947);
#1014=VERTEX_POINT('',#3988);
#1015=VERTEX_POINT('',#3990);
#1016=VERTEX_POINT('',#4011);
#1017=VERTEX_POINT('',#4024);
#1018=VERTEX_POINT('',#4035);
#1019=VERTEX_POINT('',#4036);
#1020=VERTEX_POINT('',#4077);
#1021=VERTEX_POINT('',#4079);
#1022=VERTEX_POINT('',#4100);
#1023=VERTEX_POINT('',#4113);
#1024=VERTEX_POINT('',#4124);
#1025=VERTEX_POINT('',#4125);
#1026=VERTEX_POINT('',#4136);
#1027=VERTEX_POINT('',#4138);
#1028=VERTEX_POINT('',#4159);
#1029=VERTEX_POINT('',#4172);
#1030=VERTEX_POINT('',#4181);
#1031=VERTEX_POINT('',#4221);
#1032=VERTEX_POINT('',#4284);
#1033=VERTEX_POINT('',#4301);
#1034=VERTEX_POINT('',#4374);
#1035=VERTEX_POINT('',#4393);
#1036=VERTEX_POINT('',#4461);
#1037=VERTEX_POINT('',#4479);
#1038=VERTEX_POINT('',#4542);
#1039=VERTEX_POINT('',#4559);
#1040=VERTEX_POINT('',#4627);
#1041=VERTEX_POINT('',#4645);
#1042=VERTEX_POINT('',#4646);
#1043=VERTEX_POINT('',#4681);
#1044=VERTEX_POINT('',#4683);
#1045=VERTEX_POINT('',#4700);
#1046=VERTEX_POINT('',#4711);
#1047=VERTEX_POINT('',#4720);
#1048=VERTEX_POINT('',#4721);
#1049=VERTEX_POINT('',#4756);
#1050=VERTEX_POINT('',#4758);
#1051=VERTEX_POINT('',#4775);
#1052=VERTEX_POINT('',#4786);
#1053=VERTEX_POINT('',#4795);
#1054=VERTEX_POINT('',#4796);
#1055=VERTEX_POINT('',#4831);
#1056=VERTEX_POINT('',#4833);
#1057=VERTEX_POINT('',#4850);
#1058=VERTEX_POINT('',#4861);
#1059=VERTEX_POINT('',#4870);
#1060=VERTEX_POINT('',#4871);
#1061=VERTEX_POINT('',#4906);
#1062=VERTEX_POINT('',#4908);
#1063=VERTEX_POINT('',#4925);
#1064=VERTEX_POINT('',#4936);
#1065=VERTEX_POINT('',#4945);
#1066=VERTEX_POINT('',#4946);
#1067=VERTEX_POINT('',#4981);
#1068=VERTEX_POINT('',#4983);
#1069=VERTEX_POINT('',#5000);
#1070=VERTEX_POINT('',#5011);
#1071=VERTEX_POINT('',#5020);
#1072=VERTEX_POINT('',#5029);
#1073=VERTEX_POINT('',#5031);
#1074=VERTEX_POINT('',#5033);
#1075=VERTEX_POINT('',#5101);
#1076=VERTEX_POINT('',#5114);
#1077=VERTEX_POINT('',#5131);
#1078=VERTEX_POINT('',#5133);
#1079=VERTEX_POINT('',#5135);
#1080=VERTEX_POINT('',#5223);
#1081=VERTEX_POINT('',#5225);
#1082=VERTEX_POINT('',#5227);
#1083=VERTEX_POINT('',#5244);
#1084=VERTEX_POINT('',#5259);
#1085=VERTEX_POINT('',#5261);
#1086=VERTEX_POINT('',#5324);
#1087=VERTEX_POINT('',#5339);
#1088=VERTEX_POINT('',#5348);
#1089=VERTEX_POINT('',#5350);
#1090=VERTEX_POINT('',#5352);
#1091=VERTEX_POINT('',#5420);
#1092=VERTEX_POINT('',#5428);
#1093=VERTEX_POINT('',#5443);
#1094=VERTEX_POINT('',#5506);
#1095=VERTEX_POINT('',#5521);
#1096=VERTEX_POINT('',#5530);
#1097=VERTEX_POINT('',#5532);
#1098=VERTEX_POINT('',#5534);
#1099=VERTEX_POINT('',#5600);
#1100=VERTEX_POINT('',#5608);
#1101=VERTEX_POINT('',#5623);
#1102=VERTEX_POINT('',#5696);
#1103=VERTEX_POINT('',#5713);
#1104=VERTEX_POINT('',#5720);
#1105=VERTEX_POINT('',#5722);
#1106=VERTEX_POINT('',#5724);
#1107=VERTEX_POINT('',#5802);
#1108=VERTEX_POINT('',#5861);
#1109=VERTEX_POINT('',#5874);
#1110=VERTEX_POINT('',#5889);
#1111=VERTEX_POINT('',#6082);
#1112=VERTEX_POINT('',#6086);
#1113=VERTEX_POINT('',#6088);
#1114=VERTEX_POINT('',#6090);
#1115=VERTEX_POINT('',#6094);
#1116=VERTEX_POINT('',#6098);
#1117=VERTEX_POINT('',#6105);
#1118=VERTEX_POINT('',#6107);
#1119=VERTEX_POINT('',#6109);
#1120=VERTEX_POINT('',#6113);
#1121=VERTEX_POINT('',#6117);
#1122=VERTEX_POINT('',#6124);
#1123=VERTEX_POINT('',#6126);
#1124=VERTEX_POINT('',#6128);
#1125=VERTEX_POINT('',#6132);
#1126=VERTEX_POINT('',#6136);
#1127=VERTEX_POINT('',#6144);
#1128=VERTEX_POINT('',#6148);
#1129=VERTEX_POINT('',#6150);
#1130=VERTEX_POINT('',#6152);
#1131=VERTEX_POINT('',#6156);
#1132=VERTEX_POINT('',#6160);
#1133=VERTEX_POINT('',#6167);
#1134=VERTEX_POINT('',#6169);
#1135=VERTEX_POINT('',#6171);
#1136=VERTEX_POINT('',#6175);
#1137=VERTEX_POINT('',#6179);
#1138=VERTEX_POINT('',#6186);
#1139=VERTEX_POINT('',#6190);
#1140=VERTEX_POINT('',#6192);
#1141=VERTEX_POINT('',#6194);
#1142=VERTEX_POINT('',#6198);
#1143=VERTEX_POINT('',#6202);
#1144=VERTEX_POINT('',#6208);
#1145=VERTEX_POINT('',#6212);
#1146=VERTEX_POINT('',#6214);
#1147=VERTEX_POINT('',#6216);
#1148=VERTEX_POINT('',#6220);
#1149=VERTEX_POINT('',#6224);
#1150=VERTEX_POINT('',#6230);
#1151=VERTEX_POINT('',#6234);
#1152=VERTEX_POINT('',#6236);
#1153=VERTEX_POINT('',#6238);
#1154=VERTEX_POINT('',#6242);
#1155=VERTEX_POINT('',#6246);
#1156=VERTEX_POINT('',#6252);
#1157=VERTEX_POINT('',#6256);
#1158=VERTEX_POINT('',#6258);
#1159=VERTEX_POINT('',#6260);
#1160=VERTEX_POINT('',#6264);
#1161=VERTEX_POINT('',#6268);
#1162=VERTEX_POINT('',#6274);
#1163=VERTEX_POINT('',#6278);
#1164=VERTEX_POINT('',#6280);
#1165=VERTEX_POINT('',#6282);
#1166=VERTEX_POINT('',#6286);
#1167=VERTEX_POINT('',#6290);
#1168=EDGE_CURVE('',#934,#934,#744,.T.);
#1169=EDGE_CURVE('',#934,#935,#745,.T.);
#1170=EDGE_CURVE('',#935,#936,#746,.T.);
#1171=EDGE_CURVE('',#936,#935,#747,.T.);
#1172=EDGE_CURVE('',#936,#937,#218,.T.);
#1173=EDGE_CURVE('',#938,#937,#748,.T.);
#1174=EDGE_CURVE('',#937,#938,#749,.T.);
#1175=EDGE_CURVE('',#939,#939,#750,.T.);
#1176=EDGE_CURVE('',#939,#940,#219,.T.);
#1177=EDGE_CURVE('',#940,#940,#751,.T.);
#1178=EDGE_CURVE('',#941,#941,#752,.T.);
#1179=EDGE_CURVE('',#941,#942,#753,.T.);
#1180=EDGE_CURVE('',#942,#942,#754,.T.);
#1181=EDGE_CURVE('',#941,#943,#220,.T.);
#1182=EDGE_CURVE('',#944,#943,#755,.T.);
#1183=EDGE_CURVE('',#945,#944,#221,.T.);
#1184=EDGE_CURVE('',#946,#945,#56,.T.);
#1185=EDGE_CURVE('',#946,#947,#222,.T.);
#1186=EDGE_CURVE('',#947,#948,#57,.T.);
#1187=EDGE_CURVE('',#949,#948,#223,.T.);
#1188=EDGE_CURVE('',#950,#949,#756,.T.);
#1189=EDGE_CURVE('',#951,#950,#224,.T.);
#1190=EDGE_CURVE('',#951,#952,#58,.T.);
#1191=EDGE_CURVE('',#952,#953,#59,.T.);
#1192=EDGE_CURVE('',#954,#953,#225,.T.);
#1193=EDGE_CURVE('',#955,#954,#757,.T.);
#1194=EDGE_CURVE('',#956,#955,#226,.T.);
#1195=EDGE_CURVE('',#956,#957,#60,.T.);
#1196=EDGE_CURVE('',#957,#958,#61,.T.);
#1197=EDGE_CURVE('',#959,#958,#227,.T.);
#1198=EDGE_CURVE('',#960,#959,#758,.T.);
#1199=EDGE_CURVE('',#961,#960,#228,.T.);
#1200=EDGE_CURVE('',#961,#962,#62,.T.);
#1201=EDGE_CURVE('',#962,#963,#63,.T.);
#1202=EDGE_CURVE('',#964,#963,#229,.T.);
#1203=EDGE_CURVE('',#965,#964,#759,.T.);
#1204=EDGE_CURVE('',#966,#965,#230,.T.);
#1205=EDGE_CURVE('',#966,#967,#64,.T.);
#1206=EDGE_CURVE('',#967,#968,#65,.T.);
#1207=EDGE_CURVE('',#969,#968,#231,.T.);
#1208=EDGE_CURVE('',#970,#969,#760,.T.);
#1209=EDGE_CURVE('',#971,#970,#232,.T.);
#1210=EDGE_CURVE('',#971,#947,#66,.T.);
#1211=EDGE_CURVE('',#972,#946,#67,.T.);
#1212=EDGE_CURVE('',#973,#972,#233,.T.);
#1213=EDGE_CURVE('',#943,#973,#761,.T.);
#1214=EDGE_CURVE('',#974,#975,#234,.T.);
#1215=EDGE_CURVE('',#976,#974,#762,.T.);
#1216=EDGE_CURVE('',#977,#976,#235,.T.);
#1217=EDGE_CURVE('',#975,#977,#68,.T.);
#1218=EDGE_CURVE('',#978,#979,#236,.T.);
#1219=EDGE_CURVE('',#980,#978,#763,.T.);
#1220=EDGE_CURVE('',#981,#980,#237,.T.);
#1221=EDGE_CURVE('',#979,#981,#69,.T.);
#1222=EDGE_CURVE('',#982,#983,#238,.T.);
#1223=EDGE_CURVE('',#984,#982,#764,.T.);
#1224=EDGE_CURVE('',#985,#984,#239,.T.);
#1225=EDGE_CURVE('',#983,#985,#70,.T.);
#1226=EDGE_CURVE('',#986,#987,#240,.T.);
#1227=EDGE_CURVE('',#988,#986,#765,.T.);
#1228=EDGE_CURVE('',#989,#988,#241,.T.);
#1229=EDGE_CURVE('',#987,#989,#71,.T.);
#1230=EDGE_CURVE('',#942,#990,#242,.T.);
#1231=EDGE_CURVE('',#990,#990,#766,.T.);
#1232=EDGE_CURVE('',#991,#991,#767,.T.);
#1233=EDGE_CURVE('',#991,#992,#768,.T.);
#1234=EDGE_CURVE('',#992,#992,#769,.T.);
#1235=EDGE_CURVE('',#992,#993,#243,.T.);
#1236=EDGE_CURVE('',#994,#993,#770,.T.);
#1237=EDGE_CURVE('',#993,#994,#771,.T.);
#1238=EDGE_CURVE('',#995,#995,#772,.T.);
#1239=EDGE_CURVE('',#994,#996,#773,.T.);
#1240=EDGE_CURVE('',#996,#997,#774,.T.);
#1241=EDGE_CURVE('',#997,#996,#775,.T.);
#1242=EDGE_CURVE('',#938,#997,#776,.T.);
#1243=EDGE_CURVE('',#998,#999,#72,.F.);
#1244=EDGE_CURVE('',#998,#1000,#777,.T.);
#1245=EDGE_CURVE('',#1001,#1000,#73,.F.);
#1246=EDGE_CURVE('',#944,#1001,#74,.F.);
#1247=EDGE_CURVE('',#973,#1002,#75,.T.);
#1248=EDGE_CURVE('',#1002,#1003,#76,.T.);
#1249=EDGE_CURVE('',#1003,#1004,#778,.T.);
#1250=EDGE_CURVE('',#999,#1004,#77,.F.);
#1251=EDGE_CURVE('',#1003,#1000,#779,.T.);
#1252=EDGE_CURVE('',#998,#1004,#780,.T.);
#1253=EDGE_CURVE('',#1005,#1006,#78,.F.);
#1254=EDGE_CURVE('',#1005,#1007,#781,.T.);
#1255=EDGE_CURVE('',#1008,#1007,#79,.F.);
#1256=EDGE_CURVE('',#984,#1008,#80,.F.);
#1257=EDGE_CURVE('',#982,#1009,#81,.T.);
#1258=EDGE_CURVE('',#1009,#1010,#82,.T.);
#1259=EDGE_CURVE('',#1010,#1011,#782,.T.);
#1260=EDGE_CURVE('',#1006,#1011,#83,.F.);
#1261=EDGE_CURVE('',#1010,#1007,#783,.T.);
#1262=EDGE_CURVE('',#1005,#1011,#784,.T.);
#1263=EDGE_CURVE('',#1012,#1013,#84,.F.);
#1264=EDGE_CURVE('',#1012,#1014,#785,.T.);
#1265=EDGE_CURVE('',#1015,#1014,#85,.F.);
#1266=EDGE_CURVE('',#988,#1015,#86,.F.);
#1267=EDGE_CURVE('',#986,#1016,#87,.T.);
#1268=EDGE_CURVE('',#1016,#1017,#88,.T.);
#1269=EDGE_CURVE('',#1017,#1013,#786,.T.);
#1270=EDGE_CURVE('',#1018,#1019,#89,.F.);
#1271=EDGE_CURVE('',#1018,#1020,#787,.T.);
#1272=EDGE_CURVE('',#1021,#1020,#90,.F.);
#1273=EDGE_CURVE('',#976,#1021,#91,.F.);
#1274=EDGE_CURVE('',#974,#1022,#92,.T.);
#1275=EDGE_CURVE('',#1022,#1023,#93,.T.);
#1276=EDGE_CURVE('',#1023,#1019,#788,.T.);
#1277=EDGE_CURVE('',#1024,#1025,#94,.F.);
#1278=EDGE_CURVE('',#1024,#1026,#789,.T.);
#1279=EDGE_CURVE('',#1027,#1026,#95,.F.);
#1280=EDGE_CURVE('',#980,#1027,#96,.F.);
#1281=EDGE_CURVE('',#978,#1028,#97,.T.);
#1282=EDGE_CURVE('',#1028,#1029,#98,.T.);
#1283=EDGE_CURVE('',#1029,#1030,#790,.T.);
#1284=EDGE_CURVE('',#1025,#1030,#99,.F.);
#1285=EDGE_CURVE('',#1029,#1026,#791,.T.);
#1286=EDGE_CURVE('',#1024,#1030,#792,.T.);
#1287=EDGE_CURVE('',#987,#1031,#793,.T.);
#1288=EDGE_CURVE('',#1031,#1016,#244,.T.);
#1289=EDGE_CURVE('',#989,#1032,#794,.T.);
#1290=EDGE_CURVE('',#1032,#1031,#100,.T.);
#1291=EDGE_CURVE('',#1015,#1032,#245,.T.);
#1292=EDGE_CURVE('',#975,#1033,#795,.T.);
#1293=EDGE_CURVE('',#1033,#1022,#246,.T.);
#1294=EDGE_CURVE('',#977,#1034,#796,.T.);
#1295=EDGE_CURVE('',#1034,#1033,#101,.T.);
#1296=EDGE_CURVE('',#1021,#1034,#247,.T.);
#1297=EDGE_CURVE('',#979,#1035,#797,.T.);
#1298=EDGE_CURVE('',#1035,#1028,#248,.T.);
#1299=EDGE_CURVE('',#981,#1036,#798,.T.);
#1300=EDGE_CURVE('',#1036,#1035,#102,.T.);
#1301=EDGE_CURVE('',#1027,#1036,#249,.T.);
#1302=EDGE_CURVE('',#972,#1037,#799,.T.);
#1303=EDGE_CURVE('',#1037,#1002,#250,.T.);
#1304=EDGE_CURVE('',#945,#1038,#800,.T.);
#1305=EDGE_CURVE('',#1038,#1037,#103,.T.);
#1306=EDGE_CURVE('',#1001,#1038,#251,.T.);
#1307=EDGE_CURVE('',#983,#1039,#801,.T.);
#1308=EDGE_CURVE('',#1039,#1009,#252,.T.);
#1309=EDGE_CURVE('',#985,#1040,#802,.T.);
#1310=EDGE_CURVE('',#1040,#1039,#104,.T.);
#1311=EDGE_CURVE('',#1008,#1040,#253,.T.);
#1312=EDGE_CURVE('',#1041,#1042,#105,.F.);
#1313=EDGE_CURVE('',#1041,#1043,#803,.T.);
#1314=EDGE_CURVE('',#1044,#1043,#106,.F.);
#1315=EDGE_CURVE('',#970,#1044,#107,.F.);
#1316=EDGE_CURVE('',#969,#1045,#108,.T.);
#1317=EDGE_CURVE('',#1045,#1046,#109,.T.);
#1318=EDGE_CURVE('',#1046,#1042,#804,.T.);
#1319=EDGE_CURVE('',#1047,#1048,#110,.F.);
#1320=EDGE_CURVE('',#1047,#1049,#805,.T.);
#1321=EDGE_CURVE('',#1050,#1049,#111,.F.);
#1322=EDGE_CURVE('',#965,#1050,#112,.F.);
#1323=EDGE_CURVE('',#964,#1051,#113,.T.);
#1324=EDGE_CURVE('',#1051,#1052,#114,.T.);
#1325=EDGE_CURVE('',#1052,#1048,#806,.T.);
#1326=EDGE_CURVE('',#1053,#1054,#115,.F.);
#1327=EDGE_CURVE('',#1053,#1055,#807,.T.);
#1328=EDGE_CURVE('',#1056,#1055,#116,.F.);
#1329=EDGE_CURVE('',#960,#1056,#117,.F.);
#1330=EDGE_CURVE('',#959,#1057,#118,.T.);
#1331=EDGE_CURVE('',#1057,#1058,#119,.T.);
#1332=EDGE_CURVE('',#1058,#1054,#808,.T.);
#1333=EDGE_CURVE('',#1059,#1060,#120,.F.);
#1334=EDGE_CURVE('',#1059,#1061,#809,.T.);
#1335=EDGE_CURVE('',#1062,#1061,#121,.F.);
#1336=EDGE_CURVE('',#955,#1062,#122,.F.);
#1337=EDGE_CURVE('',#954,#1063,#123,.T.);
#1338=EDGE_CURVE('',#1063,#1064,#124,.T.);
#1339=EDGE_CURVE('',#1064,#1060,#810,.T.);
#1340=EDGE_CURVE('',#1065,#1066,#125,.F.);
#1341=EDGE_CURVE('',#1065,#1067,#811,.T.);
#1342=EDGE_CURVE('',#1068,#1067,#126,.F.);
#1343=EDGE_CURVE('',#950,#1068,#127,.F.);
#1344=EDGE_CURVE('',#949,#1069,#128,.T.);
#1345=EDGE_CURVE('',#1069,#1070,#129,.T.);
#1346=EDGE_CURVE('',#1070,#1066,#812,.T.);
#1347=EDGE_CURVE('',#1071,#967,#130,.T.);
#1348=EDGE_CURVE('',#1071,#1072,#813,.T.);
#1349=EDGE_CURVE('',#1072,#1073,#814,.T.);
#1350=EDGE_CURVE('',#1073,#1074,#815,.T.);
#1351=EDGE_CURVE('',#968,#1074,#131,.T.);
#1352=EDGE_CURVE('',#1072,#1075,#816,.T.);
#1353=EDGE_CURVE('',#1075,#1073,#132,.T.);
#1354=EDGE_CURVE('',#1076,#971,#133,.T.);
#1355=EDGE_CURVE('',#1076,#1077,#817,.T.);
#1356=EDGE_CURVE('',#1077,#1078,#818,.T.);
#1357=EDGE_CURVE('',#1078,#1079,#819,.T.);
#1358=EDGE_CURVE('',#947,#1079,#134,.T.);
#1359=EDGE_CURVE('',#1077,#1075,#135,.T.);
#1360=EDGE_CURVE('',#1075,#1078,#820,.T.);
#1361=EDGE_CURVE('',#1074,#1045,#254,.T.);
#1362=EDGE_CURVE('',#1044,#1076,#255,.T.);
#1363=EDGE_CURVE('',#1046,#1043,#821,.T.);
#1364=EDGE_CURVE('',#1079,#1080,#822,.T.);
#1365=EDGE_CURVE('',#1080,#1081,#823,.T.);
#1366=EDGE_CURVE('',#1081,#1082,#824,.T.);
#1367=EDGE_CURVE('',#1082,#948,#136,.T.);
#1368=EDGE_CURVE('',#1078,#1080,#825,.T.);
#1369=EDGE_CURVE('',#1050,#1083,#256,.T.);
#1370=EDGE_CURVE('',#1083,#966,#137,.T.);
#1371=EDGE_CURVE('',#1083,#1084,#826,.T.);
#1372=EDGE_CURVE('',#1084,#1085,#827,.T.);
#1373=EDGE_CURVE('',#1085,#1071,#828,.T.);
#1374=EDGE_CURVE('',#1084,#1086,#138,.T.);
#1375=EDGE_CURVE('',#1086,#1085,#829,.T.);
#1376=EDGE_CURVE('',#1087,#962,#139,.T.);
#1377=EDGE_CURVE('',#1087,#1088,#830,.T.);
#1378=EDGE_CURVE('',#1088,#1089,#831,.T.);
#1379=EDGE_CURVE('',#1089,#1090,#832,.T.);
#1380=EDGE_CURVE('',#963,#1090,#140,.T.);
#1381=EDGE_CURVE('',#1088,#1086,#833,.T.);
#1382=EDGE_CURVE('',#1086,#1089,#141,.T.);
#1383=EDGE_CURVE('',#1085,#1072,#834,.T.);
#1384=EDGE_CURVE('',#1091,#1087,#835,.T.);
#1385=EDGE_CURVE('',#1091,#1088,#836,.T.);
#1386=EDGE_CURVE('',#1090,#1051,#257,.T.);
#1387=EDGE_CURVE('',#1052,#1049,#837,.T.);
#1388=EDGE_CURVE('',#1056,#1092,#258,.T.);
#1389=EDGE_CURVE('',#1092,#961,#142,.T.);
#1390=EDGE_CURVE('',#1092,#1093,#838,.T.);
#1391=EDGE_CURVE('',#1093,#1091,#839,.T.);
#1392=EDGE_CURVE('',#1093,#1094,#143,.T.);
#1393=EDGE_CURVE('',#1094,#1091,#840,.T.);
#1394=EDGE_CURVE('',#1095,#957,#144,.T.);
#1395=EDGE_CURVE('',#1095,#1096,#841,.T.);
#1396=EDGE_CURVE('',#1096,#1097,#842,.T.);
#1397=EDGE_CURVE('',#1097,#1098,#843,.T.);
#1398=EDGE_CURVE('',#958,#1098,#145,.T.);
#1399=EDGE_CURVE('',#1096,#1094,#844,.T.);
#1400=EDGE_CURVE('',#1094,#1097,#146,.T.);
#1401=EDGE_CURVE('',#1099,#1095,#845,.T.);
#1402=EDGE_CURVE('',#1099,#1096,#846,.T.);
#1403=EDGE_CURVE('',#1098,#1057,#259,.T.);
#1404=EDGE_CURVE('',#1058,#1055,#847,.T.);
#1405=EDGE_CURVE('',#1062,#1100,#260,.T.);
#1406=EDGE_CURVE('',#1100,#956,#147,.T.);
#1407=EDGE_CURVE('',#1100,#1101,#848,.T.);
#1408=EDGE_CURVE('',#1101,#1099,#849,.T.);
#1409=EDGE_CURVE('',#1101,#1102,#148,.T.);
#1410=EDGE_CURVE('',#1102,#1099,#850,.T.);
#1411=EDGE_CURVE('',#1103,#952,#149,.T.);
#1412=EDGE_CURVE('',#1103,#1104,#851,.T.);
#1413=EDGE_CURVE('',#1104,#1105,#852,.T.);
#1414=EDGE_CURVE('',#1105,#1106,#853,.T.);
#1415=EDGE_CURVE('',#953,#1106,#150,.T.);
#1416=EDGE_CURVE('',#1104,#1102,#854,.T.);
#1417=EDGE_CURVE('',#1102,#1105,#151,.T.);
#1418=EDGE_CURVE('',#1107,#1103,#855,.T.);
#1419=EDGE_CURVE('',#1107,#1104,#856,.T.);
#1420=EDGE_CURVE('',#1106,#1063,#261,.T.);
#1421=EDGE_CURVE('',#1064,#1061,#857,.T.);
#1422=EDGE_CURVE('',#1082,#1069,#262,.T.);
#1423=EDGE_CURVE('',#1080,#1108,#858,.T.);
#1424=EDGE_CURVE('',#1108,#1081,#152,.T.);
#1425=EDGE_CURVE('',#1068,#1109,#263,.T.);
#1426=EDGE_CURVE('',#1109,#951,#153,.T.);
#1427=EDGE_CURVE('',#1109,#1110,#859,.T.);
#1428=EDGE_CURVE('',#1110,#1107,#860,.T.);
#1429=EDGE_CURVE('',#1110,#1108,#154,.T.);
#1430=EDGE_CURVE('',#1108,#1107,#861,.T.);
#1431=EDGE_CURVE('',#1094,#995,#264,.T.);
#1432=EDGE_CURVE('',#1070,#1067,#862,.T.);
#1433=EDGE_CURVE('',#1040,#1039,#863,.T.);
#1434=EDGE_CURVE('',#1032,#1031,#864,.T.);
#1435=EDGE_CURVE('',#1034,#1033,#865,.T.);
#1436=EDGE_CURVE('',#1036,#1035,#866,.T.);
#1437=EDGE_CURVE('',#1038,#1037,#867,.T.);
#1438=EDGE_CURVE('',#1017,#1014,#868,.T.);
#1439=EDGE_CURVE('',#1012,#1111,#869,.T.);
#1440=EDGE_CURVE('',#1111,#1013,#870,.T.);
#1441=EDGE_CURVE('',#1112,#1112,#871,.T.);
#1442=EDGE_CURVE('',#1112,#1113,#265,.T.);
#1443=EDGE_CURVE('',#1113,#1114,#872,.T.);
#1444=EDGE_CURVE('',#1114,#1113,#873,.T.);
#1445=EDGE_CURVE('',#1114,#1115,#266,.T.);
#1446=EDGE_CURVE('',#1115,#1115,#874,.T.);
#1447=EDGE_CURVE('',#1116,#1116,#875,.T.);
#1448=EDGE_CURVE('',#1111,#1116,#267,.T.);
#1449=EDGE_CURVE('',#1117,#1117,#876,.T.);
#1450=EDGE_CURVE('',#1117,#1118,#268,.T.);
#1451=EDGE_CURVE('',#1118,#1119,#877,.T.);
#1452=EDGE_CURVE('',#1119,#1118,#878,.T.);
#1453=EDGE_CURVE('',#1119,#1120,#269,.T.);
#1454=EDGE_CURVE('',#1120,#1120,#879,.T.);
#1455=EDGE_CURVE('',#1121,#1121,#880,.T.);
#1456=EDGE_CURVE('',#1006,#1121,#270,.T.);
#1457=EDGE_CURVE('',#1122,#1122,#881,.T.);
#1458=EDGE_CURVE('',#1122,#1123,#271,.T.);
#1459=EDGE_CURVE('',#1123,#1124,#882,.T.);
#1460=EDGE_CURVE('',#1124,#1123,#883,.T.);
#1461=EDGE_CURVE('',#1124,#1125,#272,.T.);
#1462=EDGE_CURVE('',#1125,#1125,#884,.T.);
#1463=EDGE_CURVE('',#1126,#1126,#885,.T.);
#1464=EDGE_CURVE('',#1025,#1126,#273,.T.);
#1465=EDGE_CURVE('',#1023,#1020,#886,.T.);
#1466=EDGE_CURVE('',#1018,#1127,#887,.T.);
#1467=EDGE_CURVE('',#1127,#1019,#888,.T.);
#1468=EDGE_CURVE('',#1128,#1128,#889,.T.);
#1469=EDGE_CURVE('',#1128,#1129,#274,.T.);
#1470=EDGE_CURVE('',#1129,#1130,#890,.T.);
#1471=EDGE_CURVE('',#1130,#1129,#891,.T.);
#1472=EDGE_CURVE('',#1130,#1131,#275,.T.);
#1473=EDGE_CURVE('',#1131,#1131,#892,.T.);
#1474=EDGE_CURVE('',#1132,#1132,#893,.T.);
#1475=EDGE_CURVE('',#1127,#1132,#276,.T.);
#1476=EDGE_CURVE('',#1133,#1133,#894,.T.);
#1477=EDGE_CURVE('',#1133,#1134,#277,.T.);
#1478=EDGE_CURVE('',#1134,#1135,#895,.T.);
#1479=EDGE_CURVE('',#1135,#1134,#896,.T.);
#1480=EDGE_CURVE('',#1135,#1136,#278,.T.);
#1481=EDGE_CURVE('',#1136,#1136,#897,.T.);
#1482=EDGE_CURVE('',#1137,#1137,#898,.T.);
#1483=EDGE_CURVE('',#999,#1137,#279,.T.);
#1484=EDGE_CURVE('',#1059,#1138,#899,.T.);
#1485=EDGE_CURVE('',#1138,#1060,#900,.T.);
#1486=EDGE_CURVE('',#1139,#1139,#901,.T.);
#1487=EDGE_CURVE('',#1139,#1140,#280,.T.);
#1488=EDGE_CURVE('',#1140,#1141,#902,.T.);
#1489=EDGE_CURVE('',#1141,#1140,#903,.T.);
#1490=EDGE_CURVE('',#1141,#1142,#281,.T.);
#1491=EDGE_CURVE('',#1142,#1142,#904,.T.);
#1492=EDGE_CURVE('',#1143,#1143,#905,.T.);
#1493=EDGE_CURVE('',#1138,#1143,#282,.T.);
#1494=EDGE_CURVE('',#1065,#1144,#906,.T.);
#1495=EDGE_CURVE('',#1144,#1066,#907,.T.);
#1496=EDGE_CURVE('',#1145,#1145,#908,.T.);
#1497=EDGE_CURVE('',#1145,#1146,#283,.T.);
#1498=EDGE_CURVE('',#1146,#1147,#909,.T.);
#1499=EDGE_CURVE('',#1147,#1146,#910,.T.);
#1500=EDGE_CURVE('',#1147,#1148,#284,.T.);
#1501=EDGE_CURVE('',#1148,#1148,#911,.T.);
#1502=EDGE_CURVE('',#1149,#1149,#912,.T.);
#1503=EDGE_CURVE('',#1144,#1149,#285,.T.);
#1504=EDGE_CURVE('',#1041,#1150,#913,.T.);
#1505=EDGE_CURVE('',#1150,#1042,#914,.T.);
#1506=EDGE_CURVE('',#1151,#1151,#915,.T.);
#1507=EDGE_CURVE('',#1151,#1152,#286,.T.);
#1508=EDGE_CURVE('',#1152,#1153,#916,.T.);
#1509=EDGE_CURVE('',#1153,#1152,#917,.T.);
#1510=EDGE_CURVE('',#1153,#1154,#287,.T.);
#1511=EDGE_CURVE('',#1154,#1154,#918,.T.);
#1512=EDGE_CURVE('',#1155,#1155,#919,.T.);
#1513=EDGE_CURVE('',#1150,#1155,#288,.T.);
#1514=EDGE_CURVE('',#1047,#1156,#920,.T.);
#1515=EDGE_CURVE('',#1156,#1048,#921,.T.);
#1516=EDGE_CURVE('',#1157,#1157,#922,.T.);
#1517=EDGE_CURVE('',#1157,#1158,#289,.T.);
#1518=EDGE_CURVE('',#1158,#1159,#923,.T.);
#1519=EDGE_CURVE('',#1159,#1158,#924,.T.);
#1520=EDGE_CURVE('',#1159,#1160,#290,.T.);
#1521=EDGE_CURVE('',#1160,#1160,#925,.T.);
#1522=EDGE_CURVE('',#1161,#1161,#926,.T.);
#1523=EDGE_CURVE('',#1156,#1161,#291,.T.);
#1524=EDGE_CURVE('',#1053,#1162,#927,.T.);
#1525=EDGE_CURVE('',#1162,#1054,#928,.T.);
#1526=EDGE_CURVE('',#1163,#1163,#929,.T.);
#1527=EDGE_CURVE('',#1163,#1164,#292,.T.);
#1528=EDGE_CURVE('',#1164,#1165,#930,.T.);
#1529=EDGE_CURVE('',#1165,#1164,#931,.T.);
#1530=EDGE_CURVE('',#1165,#1166,#293,.T.);
#1531=EDGE_CURVE('',#1166,#1166,#932,.T.);
#1532=EDGE_CURVE('',#1167,#1167,#933,.T.);
#1533=EDGE_CURVE('',#1162,#1167,#294,.T.);
#1534=ORIENTED_EDGE('',*,*,#1168,.T.);
#1535=ORIENTED_EDGE('',*,*,#1169,.T.);
#1536=ORIENTED_EDGE('',*,*,#1170,.T.);
#1537=ORIENTED_EDGE('',*,*,#1171,.T.);
#1538=ORIENTED_EDGE('',*,*,#1169,.F.);
#1539=ORIENTED_EDGE('',*,*,#1171,.F.);
#1540=ORIENTED_EDGE('',*,*,#1172,.T.);
#1541=ORIENTED_EDGE('',*,*,#1173,.F.);
#1542=ORIENTED_EDGE('',*,*,#1174,.F.);
#1543=ORIENTED_EDGE('',*,*,#1172,.F.);
#1544=ORIENTED_EDGE('',*,*,#1170,.F.);
#1545=ORIENTED_EDGE('',*,*,#1168,.F.);
#1546=ORIENTED_EDGE('',*,*,#1175,.F.);
#1547=ORIENTED_EDGE('',*,*,#1176,.T.);
#1548=ORIENTED_EDGE('',*,*,#1177,.F.);
#1549=ORIENTED_EDGE('',*,*,#1176,.F.);
#1550=ORIENTED_EDGE('',*,*,#1177,.T.);
#1551=ORIENTED_EDGE('',*,*,#1178,.T.);
#1552=ORIENTED_EDGE('',*,*,#1179,.T.);
#1553=ORIENTED_EDGE('',*,*,#1180,.T.);
#1554=ORIENTED_EDGE('',*,*,#1179,.F.);
#1555=ORIENTED_EDGE('',*,*,#1178,.F.);
#1556=ORIENTED_EDGE('',*,*,#1181,.T.);
#1557=ORIENTED_EDGE('',*,*,#1182,.F.);
#1558=ORIENTED_EDGE('',*,*,#1183,.F.);
#1559=ORIENTED_EDGE('',*,*,#1184,.F.);
#1560=ORIENTED_EDGE('',*,*,#1185,.T.);
#1561=ORIENTED_EDGE('',*,*,#1186,.T.);
#1562=ORIENTED_EDGE('',*,*,#1187,.F.);
#1563=ORIENTED_EDGE('',*,*,#1188,.F.);
#1564=ORIENTED_EDGE('',*,*,#1189,.F.);
#1565=ORIENTED_EDGE('',*,*,#1190,.T.);
#1566=ORIENTED_EDGE('',*,*,#1191,.T.);
#1567=ORIENTED_EDGE('',*,*,#1192,.F.);
#1568=ORIENTED_EDGE('',*,*,#1193,.F.);
#1569=ORIENTED_EDGE('',*,*,#1194,.F.);
#1570=ORIENTED_EDGE('',*,*,#1195,.T.);
#1571=ORIENTED_EDGE('',*,*,#1196,.T.);
#1572=ORIENTED_EDGE('',*,*,#1197,.F.);
#1573=ORIENTED_EDGE('',*,*,#1198,.F.);
#1574=ORIENTED_EDGE('',*,*,#1199,.F.);
#1575=ORIENTED_EDGE('',*,*,#1200,.T.);
#1576=ORIENTED_EDGE('',*,*,#1201,.T.);
#1577=ORIENTED_EDGE('',*,*,#1202,.F.);
#1578=ORIENTED_EDGE('',*,*,#1203,.F.);
#1579=ORIENTED_EDGE('',*,*,#1204,.F.);
#1580=ORIENTED_EDGE('',*,*,#1205,.T.);
#1581=ORIENTED_EDGE('',*,*,#1206,.T.);
#1582=ORIENTED_EDGE('',*,*,#1207,.F.);
#1583=ORIENTED_EDGE('',*,*,#1208,.F.);
#1584=ORIENTED_EDGE('',*,*,#1209,.F.);
#1585=ORIENTED_EDGE('',*,*,#1210,.T.);
#1586=ORIENTED_EDGE('',*,*,#1185,.F.);
#1587=ORIENTED_EDGE('',*,*,#1211,.F.);
#1588=ORIENTED_EDGE('',*,*,#1212,.F.);
#1589=ORIENTED_EDGE('',*,*,#1213,.F.);
#1590=ORIENTED_EDGE('',*,*,#1181,.F.);
#1591=ORIENTED_EDGE('',*,*,#1214,.F.);
#1592=ORIENTED_EDGE('',*,*,#1215,.F.);
#1593=ORIENTED_EDGE('',*,*,#1216,.F.);
#1594=ORIENTED_EDGE('',*,*,#1217,.F.);
#1595=ORIENTED_EDGE('',*,*,#1218,.F.);
#1596=ORIENTED_EDGE('',*,*,#1219,.F.);
#1597=ORIENTED_EDGE('',*,*,#1220,.F.);
#1598=ORIENTED_EDGE('',*,*,#1221,.F.);
#1599=ORIENTED_EDGE('',*,*,#1222,.F.);
#1600=ORIENTED_EDGE('',*,*,#1223,.F.);
#1601=ORIENTED_EDGE('',*,*,#1224,.F.);
#1602=ORIENTED_EDGE('',*,*,#1225,.F.);
#1603=ORIENTED_EDGE('',*,*,#1226,.F.);
#1604=ORIENTED_EDGE('',*,*,#1227,.F.);
#1605=ORIENTED_EDGE('',*,*,#1228,.F.);
#1606=ORIENTED_EDGE('',*,*,#1229,.F.);
#1607=ORIENTED_EDGE('',*,*,#1180,.F.);
#1608=ORIENTED_EDGE('',*,*,#1230,.T.);
#1609=ORIENTED_EDGE('',*,*,#1231,.F.);
#1610=ORIENTED_EDGE('',*,*,#1230,.F.);
#1611=ORIENTED_EDGE('',*,*,#1232,.T.);
#1612=ORIENTED_EDGE('',*,*,#1233,.T.);
#1613=ORIENTED_EDGE('',*,*,#1234,.T.);
#1614=ORIENTED_EDGE('',*,*,#1233,.F.);
#1615=ORIENTED_EDGE('',*,*,#1234,.F.);
#1616=ORIENTED_EDGE('',*,*,#1235,.T.);
#1617=ORIENTED_EDGE('',*,*,#1236,.F.);
#1618=ORIENTED_EDGE('',*,*,#1237,.F.);
#1619=ORIENTED_EDGE('',*,*,#1235,.F.);
#1620=ORIENTED_EDGE('',*,*,#1238,.T.);
#1621=ORIENTED_EDGE('',*,*,#1232,.F.);
#1622=ORIENTED_EDGE('',*,*,#1237,.T.);
#1623=ORIENTED_EDGE('',*,*,#1239,.T.);
#1624=ORIENTED_EDGE('',*,*,#1240,.T.);
#1625=ORIENTED_EDGE('',*,*,#1241,.T.);
#1626=ORIENTED_EDGE('',*,*,#1239,.F.);
#1627=ORIENTED_EDGE('',*,*,#1236,.T.);
#1628=ORIENTED_EDGE('',*,*,#1173,.T.);
#1629=ORIENTED_EDGE('',*,*,#1174,.T.);
#1630=ORIENTED_EDGE('',*,*,#1242,.T.);
#1631=ORIENTED_EDGE('',*,*,#1240,.F.);
#1632=ORIENTED_EDGE('',*,*,#1241,.F.);
#1633=ORIENTED_EDGE('',*,*,#1242,.F.);
#1634=ORIENTED_EDGE('',*,*,#1243,.F.);
#1635=ORIENTED_EDGE('',*,*,#1244,.T.);
#1636=ORIENTED_EDGE('',*,*,#1245,.F.);
#1637=ORIENTED_EDGE('',*,*,#1246,.F.);
#1638=ORIENTED_EDGE('',*,*,#1182,.T.);
#1639=ORIENTED_EDGE('',*,*,#1213,.T.);
#1640=ORIENTED_EDGE('',*,*,#1247,.T.);
#1641=ORIENTED_EDGE('',*,*,#1248,.T.);
#1642=ORIENTED_EDGE('',*,*,#1249,.T.);
#1643=ORIENTED_EDGE('',*,*,#1250,.F.);
#1644=ORIENTED_EDGE('',*,*,#1249,.F.);
#1645=ORIENTED_EDGE('',*,*,#1251,.T.);
#1646=ORIENTED_EDGE('',*,*,#1244,.F.);
#1647=ORIENTED_EDGE('',*,*,#1252,.T.);
#1648=ORIENTED_EDGE('',*,*,#1253,.F.);
#1649=ORIENTED_EDGE('',*,*,#1254,.T.);
#1650=ORIENTED_EDGE('',*,*,#1255,.F.);
#1651=ORIENTED_EDGE('',*,*,#1256,.F.);
#1652=ORIENTED_EDGE('',*,*,#1223,.T.);
#1653=ORIENTED_EDGE('',*,*,#1257,.T.);
#1654=ORIENTED_EDGE('',*,*,#1258,.T.);
#1655=ORIENTED_EDGE('',*,*,#1259,.T.);
#1656=ORIENTED_EDGE('',*,*,#1260,.F.);
#1657=ORIENTED_EDGE('',*,*,#1259,.F.);
#1658=ORIENTED_EDGE('',*,*,#1261,.T.);
#1659=ORIENTED_EDGE('',*,*,#1254,.F.);
#1660=ORIENTED_EDGE('',*,*,#1262,.T.);
#1661=ORIENTED_EDGE('',*,*,#1263,.F.);
#1662=ORIENTED_EDGE('',*,*,#1264,.T.);
#1663=ORIENTED_EDGE('',*,*,#1265,.F.);
#1664=ORIENTED_EDGE('',*,*,#1266,.F.);
#1665=ORIENTED_EDGE('',*,*,#1227,.T.);
#1666=ORIENTED_EDGE('',*,*,#1267,.T.);
#1667=ORIENTED_EDGE('',*,*,#1268,.T.);
#1668=ORIENTED_EDGE('',*,*,#1269,.T.);
#1669=ORIENTED_EDGE('',*,*,#1270,.F.);
#1670=ORIENTED_EDGE('',*,*,#1271,.T.);
#1671=ORIENTED_EDGE('',*,*,#1272,.F.);
#1672=ORIENTED_EDGE('',*,*,#1273,.F.);
#1673=ORIENTED_EDGE('',*,*,#1215,.T.);
#1674=ORIENTED_EDGE('',*,*,#1274,.T.);
#1675=ORIENTED_EDGE('',*,*,#1275,.T.);
#1676=ORIENTED_EDGE('',*,*,#1276,.T.);
#1677=ORIENTED_EDGE('',*,*,#1277,.F.);
#1678=ORIENTED_EDGE('',*,*,#1278,.T.);
#1679=ORIENTED_EDGE('',*,*,#1279,.F.);
#1680=ORIENTED_EDGE('',*,*,#1280,.F.);
#1681=ORIENTED_EDGE('',*,*,#1219,.T.);
#1682=ORIENTED_EDGE('',*,*,#1281,.T.);
#1683=ORIENTED_EDGE('',*,*,#1282,.T.);
#1684=ORIENTED_EDGE('',*,*,#1283,.T.);
#1685=ORIENTED_EDGE('',*,*,#1284,.F.);
#1686=ORIENTED_EDGE('',*,*,#1283,.F.);
#1687=ORIENTED_EDGE('',*,*,#1285,.T.);
#1688=ORIENTED_EDGE('',*,*,#1278,.F.);
#1689=ORIENTED_EDGE('',*,*,#1286,.T.);
#1690=ORIENTED_EDGE('',*,*,#1287,.T.);
#1691=ORIENTED_EDGE('',*,*,#1288,.T.);
#1692=ORIENTED_EDGE('',*,*,#1267,.F.);
#1693=ORIENTED_EDGE('',*,*,#1226,.T.);
#1694=ORIENTED_EDGE('',*,*,#1287,.F.);
#1695=ORIENTED_EDGE('',*,*,#1229,.T.);
#1696=ORIENTED_EDGE('',*,*,#1289,.T.);
#1697=ORIENTED_EDGE('',*,*,#1290,.T.);
#1698=ORIENTED_EDGE('',*,*,#1291,.T.);
#1699=ORIENTED_EDGE('',*,*,#1289,.F.);
#1700=ORIENTED_EDGE('',*,*,#1228,.T.);
#1701=ORIENTED_EDGE('',*,*,#1266,.T.);
#1702=ORIENTED_EDGE('',*,*,#1292,.T.);
#1703=ORIENTED_EDGE('',*,*,#1293,.T.);
#1704=ORIENTED_EDGE('',*,*,#1274,.F.);
#1705=ORIENTED_EDGE('',*,*,#1214,.T.);
#1706=ORIENTED_EDGE('',*,*,#1292,.F.);
#1707=ORIENTED_EDGE('',*,*,#1217,.T.);
#1708=ORIENTED_EDGE('',*,*,#1294,.T.);
#1709=ORIENTED_EDGE('',*,*,#1295,.T.);
#1710=ORIENTED_EDGE('',*,*,#1296,.T.);
#1711=ORIENTED_EDGE('',*,*,#1294,.F.);
#1712=ORIENTED_EDGE('',*,*,#1216,.T.);
#1713=ORIENTED_EDGE('',*,*,#1273,.T.);
#1714=ORIENTED_EDGE('',*,*,#1297,.T.);
#1715=ORIENTED_EDGE('',*,*,#1298,.T.);
#1716=ORIENTED_EDGE('',*,*,#1281,.F.);
#1717=ORIENTED_EDGE('',*,*,#1218,.T.);
#1718=ORIENTED_EDGE('',*,*,#1297,.F.);
#1719=ORIENTED_EDGE('',*,*,#1221,.T.);
#1720=ORIENTED_EDGE('',*,*,#1299,.T.);
#1721=ORIENTED_EDGE('',*,*,#1300,.T.);
#1722=ORIENTED_EDGE('',*,*,#1301,.T.);
#1723=ORIENTED_EDGE('',*,*,#1299,.F.);
#1724=ORIENTED_EDGE('',*,*,#1220,.T.);
#1725=ORIENTED_EDGE('',*,*,#1280,.T.);
#1726=ORIENTED_EDGE('',*,*,#1302,.T.);
#1727=ORIENTED_EDGE('',*,*,#1303,.T.);
#1728=ORIENTED_EDGE('',*,*,#1247,.F.);
#1729=ORIENTED_EDGE('',*,*,#1212,.T.);
#1730=ORIENTED_EDGE('',*,*,#1302,.F.);
#1731=ORIENTED_EDGE('',*,*,#1211,.T.);
#1732=ORIENTED_EDGE('',*,*,#1184,.T.);
#1733=ORIENTED_EDGE('',*,*,#1304,.T.);
#1734=ORIENTED_EDGE('',*,*,#1305,.T.);
#1735=ORIENTED_EDGE('',*,*,#1306,.T.);
#1736=ORIENTED_EDGE('',*,*,#1304,.F.);
#1737=ORIENTED_EDGE('',*,*,#1183,.T.);
#1738=ORIENTED_EDGE('',*,*,#1246,.T.);
#1739=ORIENTED_EDGE('',*,*,#1307,.T.);
#1740=ORIENTED_EDGE('',*,*,#1308,.T.);
#1741=ORIENTED_EDGE('',*,*,#1257,.F.);
#1742=ORIENTED_EDGE('',*,*,#1222,.T.);
#1743=ORIENTED_EDGE('',*,*,#1307,.F.);
#1744=ORIENTED_EDGE('',*,*,#1225,.T.);
#1745=ORIENTED_EDGE('',*,*,#1309,.T.);
#1746=ORIENTED_EDGE('',*,*,#1310,.T.);
#1747=ORIENTED_EDGE('',*,*,#1311,.T.);
#1748=ORIENTED_EDGE('',*,*,#1309,.F.);
#1749=ORIENTED_EDGE('',*,*,#1224,.T.);
#1750=ORIENTED_EDGE('',*,*,#1256,.T.);
#1751=ORIENTED_EDGE('',*,*,#1312,.F.);
#1752=ORIENTED_EDGE('',*,*,#1313,.T.);
#1753=ORIENTED_EDGE('',*,*,#1314,.F.);
#1754=ORIENTED_EDGE('',*,*,#1315,.F.);
#1755=ORIENTED_EDGE('',*,*,#1208,.T.);
#1756=ORIENTED_EDGE('',*,*,#1316,.T.);
#1757=ORIENTED_EDGE('',*,*,#1317,.T.);
#1758=ORIENTED_EDGE('',*,*,#1318,.T.);
#1759=ORIENTED_EDGE('',*,*,#1319,.F.);
#1760=ORIENTED_EDGE('',*,*,#1320,.T.);
#1761=ORIENTED_EDGE('',*,*,#1321,.F.);
#1762=ORIENTED_EDGE('',*,*,#1322,.F.);
#1763=ORIENTED_EDGE('',*,*,#1203,.T.);
#1764=ORIENTED_EDGE('',*,*,#1323,.T.);
#1765=ORIENTED_EDGE('',*,*,#1324,.T.);
#1766=ORIENTED_EDGE('',*,*,#1325,.T.);
#1767=ORIENTED_EDGE('',*,*,#1326,.F.);
#1768=ORIENTED_EDGE('',*,*,#1327,.T.);
#1769=ORIENTED_EDGE('',*,*,#1328,.F.);
#1770=ORIENTED_EDGE('',*,*,#1329,.F.);
#1771=ORIENTED_EDGE('',*,*,#1198,.T.);
#1772=ORIENTED_EDGE('',*,*,#1330,.T.);
#1773=ORIENTED_EDGE('',*,*,#1331,.T.);
#1774=ORIENTED_EDGE('',*,*,#1332,.T.);
#1775=ORIENTED_EDGE('',*,*,#1333,.F.);
#1776=ORIENTED_EDGE('',*,*,#1334,.T.);
#1777=ORIENTED_EDGE('',*,*,#1335,.F.);
#1778=ORIENTED_EDGE('',*,*,#1336,.F.);
#1779=ORIENTED_EDGE('',*,*,#1193,.T.);
#1780=ORIENTED_EDGE('',*,*,#1337,.T.);
#1781=ORIENTED_EDGE('',*,*,#1338,.T.);
#1782=ORIENTED_EDGE('',*,*,#1339,.T.);
#1783=ORIENTED_EDGE('',*,*,#1340,.F.);
#1784=ORIENTED_EDGE('',*,*,#1341,.T.);
#1785=ORIENTED_EDGE('',*,*,#1342,.F.);
#1786=ORIENTED_EDGE('',*,*,#1343,.F.);
#1787=ORIENTED_EDGE('',*,*,#1188,.T.);
#1788=ORIENTED_EDGE('',*,*,#1344,.T.);
#1789=ORIENTED_EDGE('',*,*,#1345,.T.);
#1790=ORIENTED_EDGE('',*,*,#1346,.T.);
#1791=ORIENTED_EDGE('',*,*,#1347,.F.);
#1792=ORIENTED_EDGE('',*,*,#1348,.T.);
#1793=ORIENTED_EDGE('',*,*,#1349,.T.);
#1794=ORIENTED_EDGE('',*,*,#1350,.T.);
#1795=ORIENTED_EDGE('',*,*,#1351,.F.);
#1796=ORIENTED_EDGE('',*,*,#1206,.F.);
#1797=ORIENTED_EDGE('',*,*,#1349,.F.);
#1798=ORIENTED_EDGE('',*,*,#1352,.T.);
#1799=ORIENTED_EDGE('',*,*,#1353,.T.);
#1800=ORIENTED_EDGE('',*,*,#1354,.F.);
#1801=ORIENTED_EDGE('',*,*,#1355,.T.);
#1802=ORIENTED_EDGE('',*,*,#1356,.T.);
#1803=ORIENTED_EDGE('',*,*,#1357,.T.);
#1804=ORIENTED_EDGE('',*,*,#1358,.F.);
#1805=ORIENTED_EDGE('',*,*,#1210,.F.);
#1806=ORIENTED_EDGE('',*,*,#1356,.F.);
#1807=ORIENTED_EDGE('',*,*,#1359,.T.);
#1808=ORIENTED_EDGE('',*,*,#1360,.T.);
#1809=ORIENTED_EDGE('',*,*,#1351,.T.);
#1810=ORIENTED_EDGE('',*,*,#1361,.T.);
#1811=ORIENTED_EDGE('',*,*,#1316,.F.);
#1812=ORIENTED_EDGE('',*,*,#1207,.T.);
#1813=ORIENTED_EDGE('',*,*,#1350,.F.);
#1814=ORIENTED_EDGE('',*,*,#1353,.F.);
#1815=ORIENTED_EDGE('',*,*,#1359,.F.);
#1816=ORIENTED_EDGE('',*,*,#1355,.F.);
#1817=ORIENTED_EDGE('',*,*,#1362,.F.);
#1818=ORIENTED_EDGE('',*,*,#1314,.T.);
#1819=ORIENTED_EDGE('',*,*,#1363,.F.);
#1820=ORIENTED_EDGE('',*,*,#1317,.F.);
#1821=ORIENTED_EDGE('',*,*,#1361,.F.);
#1822=ORIENTED_EDGE('',*,*,#1354,.T.);
#1823=ORIENTED_EDGE('',*,*,#1209,.T.);
#1824=ORIENTED_EDGE('',*,*,#1315,.T.);
#1825=ORIENTED_EDGE('',*,*,#1362,.T.);
#1826=ORIENTED_EDGE('',*,*,#1358,.T.);
#1827=ORIENTED_EDGE('',*,*,#1364,.T.);
#1828=ORIENTED_EDGE('',*,*,#1365,.T.);
#1829=ORIENTED_EDGE('',*,*,#1366,.T.);
#1830=ORIENTED_EDGE('',*,*,#1367,.T.);
#1831=ORIENTED_EDGE('',*,*,#1186,.F.);
#1832=ORIENTED_EDGE('',*,*,#1357,.F.);
#1833=ORIENTED_EDGE('',*,*,#1368,.T.);
#1834=ORIENTED_EDGE('',*,*,#1364,.F.);
#1835=ORIENTED_EDGE('',*,*,#1204,.T.);
#1836=ORIENTED_EDGE('',*,*,#1322,.T.);
#1837=ORIENTED_EDGE('',*,*,#1369,.T.);
#1838=ORIENTED_EDGE('',*,*,#1370,.T.);
#1839=ORIENTED_EDGE('',*,*,#1347,.T.);
#1840=ORIENTED_EDGE('',*,*,#1205,.F.);
#1841=ORIENTED_EDGE('',*,*,#1370,.F.);
#1842=ORIENTED_EDGE('',*,*,#1371,.T.);
#1843=ORIENTED_EDGE('',*,*,#1372,.T.);
#1844=ORIENTED_EDGE('',*,*,#1373,.T.);
#1845=ORIENTED_EDGE('',*,*,#1372,.F.);
#1846=ORIENTED_EDGE('',*,*,#1374,.T.);
#1847=ORIENTED_EDGE('',*,*,#1375,.T.);
#1848=ORIENTED_EDGE('',*,*,#1376,.F.);
#1849=ORIENTED_EDGE('',*,*,#1377,.T.);
#1850=ORIENTED_EDGE('',*,*,#1378,.T.);
#1851=ORIENTED_EDGE('',*,*,#1379,.T.);
#1852=ORIENTED_EDGE('',*,*,#1380,.F.);
#1853=ORIENTED_EDGE('',*,*,#1201,.F.);
#1854=ORIENTED_EDGE('',*,*,#1378,.F.);
#1855=ORIENTED_EDGE('',*,*,#1381,.T.);
#1856=ORIENTED_EDGE('',*,*,#1382,.T.);
#1857=ORIENTED_EDGE('',*,*,#1348,.F.);
#1858=ORIENTED_EDGE('',*,*,#1373,.F.);
#1859=ORIENTED_EDGE('',*,*,#1383,.T.);
#1860=ORIENTED_EDGE('',*,*,#1377,.F.);
#1861=ORIENTED_EDGE('',*,*,#1384,.F.);
#1862=ORIENTED_EDGE('',*,*,#1385,.T.);
#1863=ORIENTED_EDGE('',*,*,#1380,.T.);
#1864=ORIENTED_EDGE('',*,*,#1386,.T.);
#1865=ORIENTED_EDGE('',*,*,#1323,.F.);
#1866=ORIENTED_EDGE('',*,*,#1202,.T.);
#1867=ORIENTED_EDGE('',*,*,#1369,.F.);
#1868=ORIENTED_EDGE('',*,*,#1321,.T.);
#1869=ORIENTED_EDGE('',*,*,#1387,.F.);
#1870=ORIENTED_EDGE('',*,*,#1324,.F.);
#1871=ORIENTED_EDGE('',*,*,#1386,.F.);
#1872=ORIENTED_EDGE('',*,*,#1379,.F.);
#1873=ORIENTED_EDGE('',*,*,#1382,.F.);
#1874=ORIENTED_EDGE('',*,*,#1374,.F.);
#1875=ORIENTED_EDGE('',*,*,#1371,.F.);
#1876=ORIENTED_EDGE('',*,*,#1199,.T.);
#1877=ORIENTED_EDGE('',*,*,#1329,.T.);
#1878=ORIENTED_EDGE('',*,*,#1388,.T.);
#1879=ORIENTED_EDGE('',*,*,#1389,.T.);
#1880=ORIENTED_EDGE('',*,*,#1376,.T.);
#1881=ORIENTED_EDGE('',*,*,#1200,.F.);
#1882=ORIENTED_EDGE('',*,*,#1389,.F.);
#1883=ORIENTED_EDGE('',*,*,#1390,.T.);
#1884=ORIENTED_EDGE('',*,*,#1391,.T.);
#1885=ORIENTED_EDGE('',*,*,#1384,.T.);
#1886=ORIENTED_EDGE('',*,*,#1391,.F.);
#1887=ORIENTED_EDGE('',*,*,#1392,.T.);
#1888=ORIENTED_EDGE('',*,*,#1393,.T.);
#1889=ORIENTED_EDGE('',*,*,#1394,.F.);
#1890=ORIENTED_EDGE('',*,*,#1395,.T.);
#1891=ORIENTED_EDGE('',*,*,#1396,.T.);
#1892=ORIENTED_EDGE('',*,*,#1397,.T.);
#1893=ORIENTED_EDGE('',*,*,#1398,.F.);
#1894=ORIENTED_EDGE('',*,*,#1196,.F.);
#1895=ORIENTED_EDGE('',*,*,#1396,.F.);
#1896=ORIENTED_EDGE('',*,*,#1399,.T.);
#1897=ORIENTED_EDGE('',*,*,#1400,.T.);
#1898=ORIENTED_EDGE('',*,*,#1395,.F.);
#1899=ORIENTED_EDGE('',*,*,#1401,.F.);
#1900=ORIENTED_EDGE('',*,*,#1402,.T.);
#1901=ORIENTED_EDGE('',*,*,#1398,.T.);
#1902=ORIENTED_EDGE('',*,*,#1403,.T.);
#1903=ORIENTED_EDGE('',*,*,#1330,.F.);
#1904=ORIENTED_EDGE('',*,*,#1197,.T.);
#1905=ORIENTED_EDGE('',*,*,#1388,.F.);
#1906=ORIENTED_EDGE('',*,*,#1328,.T.);
#1907=ORIENTED_EDGE('',*,*,#1404,.F.);
#1908=ORIENTED_EDGE('',*,*,#1331,.F.);
#1909=ORIENTED_EDGE('',*,*,#1403,.F.);
#1910=ORIENTED_EDGE('',*,*,#1397,.F.);
#1911=ORIENTED_EDGE('',*,*,#1400,.F.);
#1912=ORIENTED_EDGE('',*,*,#1392,.F.);
#1913=ORIENTED_EDGE('',*,*,#1390,.F.);
#1914=ORIENTED_EDGE('',*,*,#1194,.T.);
#1915=ORIENTED_EDGE('',*,*,#1336,.T.);
#1916=ORIENTED_EDGE('',*,*,#1405,.T.);
#1917=ORIENTED_EDGE('',*,*,#1406,.T.);
#1918=ORIENTED_EDGE('',*,*,#1394,.T.);
#1919=ORIENTED_EDGE('',*,*,#1195,.F.);
#1920=ORIENTED_EDGE('',*,*,#1406,.F.);
#1921=ORIENTED_EDGE('',*,*,#1407,.T.);
#1922=ORIENTED_EDGE('',*,*,#1408,.T.);
#1923=ORIENTED_EDGE('',*,*,#1401,.T.);
#1924=ORIENTED_EDGE('',*,*,#1408,.F.);
#1925=ORIENTED_EDGE('',*,*,#1409,.T.);
#1926=ORIENTED_EDGE('',*,*,#1410,.T.);
#1927=ORIENTED_EDGE('',*,*,#1411,.F.);
#1928=ORIENTED_EDGE('',*,*,#1412,.T.);
#1929=ORIENTED_EDGE('',*,*,#1413,.T.);
#1930=ORIENTED_EDGE('',*,*,#1414,.T.);
#1931=ORIENTED_EDGE('',*,*,#1415,.F.);
#1932=ORIENTED_EDGE('',*,*,#1191,.F.);
#1933=ORIENTED_EDGE('',*,*,#1413,.F.);
#1934=ORIENTED_EDGE('',*,*,#1416,.T.);
#1935=ORIENTED_EDGE('',*,*,#1417,.T.);
#1936=ORIENTED_EDGE('',*,*,#1412,.F.);
#1937=ORIENTED_EDGE('',*,*,#1418,.F.);
#1938=ORIENTED_EDGE('',*,*,#1419,.T.);
#1939=ORIENTED_EDGE('',*,*,#1415,.T.);
#1940=ORIENTED_EDGE('',*,*,#1420,.T.);
#1941=ORIENTED_EDGE('',*,*,#1337,.F.);
#1942=ORIENTED_EDGE('',*,*,#1192,.T.);
#1943=ORIENTED_EDGE('',*,*,#1405,.F.);
#1944=ORIENTED_EDGE('',*,*,#1335,.T.);
#1945=ORIENTED_EDGE('',*,*,#1421,.F.);
#1946=ORIENTED_EDGE('',*,*,#1338,.F.);
#1947=ORIENTED_EDGE('',*,*,#1420,.F.);
#1948=ORIENTED_EDGE('',*,*,#1414,.F.);
#1949=ORIENTED_EDGE('',*,*,#1417,.F.);
#1950=ORIENTED_EDGE('',*,*,#1409,.F.);
#1951=ORIENTED_EDGE('',*,*,#1407,.F.);
#1952=ORIENTED_EDGE('',*,*,#1422,.T.);
#1953=ORIENTED_EDGE('',*,*,#1344,.F.);
#1954=ORIENTED_EDGE('',*,*,#1187,.T.);
#1955=ORIENTED_EDGE('',*,*,#1367,.F.);
#1956=ORIENTED_EDGE('',*,*,#1365,.F.);
#1957=ORIENTED_EDGE('',*,*,#1423,.T.);
#1958=ORIENTED_EDGE('',*,*,#1424,.T.);
#1959=ORIENTED_EDGE('',*,*,#1189,.T.);
#1960=ORIENTED_EDGE('',*,*,#1343,.T.);
#1961=ORIENTED_EDGE('',*,*,#1425,.T.);
#1962=ORIENTED_EDGE('',*,*,#1426,.T.);
#1963=ORIENTED_EDGE('',*,*,#1411,.T.);
#1964=ORIENTED_EDGE('',*,*,#1190,.F.);
#1965=ORIENTED_EDGE('',*,*,#1426,.F.);
#1966=ORIENTED_EDGE('',*,*,#1427,.T.);
#1967=ORIENTED_EDGE('',*,*,#1428,.T.);
#1968=ORIENTED_EDGE('',*,*,#1418,.T.);
#1969=ORIENTED_EDGE('',*,*,#1428,.F.);
#1970=ORIENTED_EDGE('',*,*,#1429,.T.);
#1971=ORIENTED_EDGE('',*,*,#1430,.T.);
#1972=ORIENTED_EDGE('',*,*,#1375,.F.);
#1973=ORIENTED_EDGE('',*,*,#1381,.F.);
#1974=ORIENTED_EDGE('',*,*,#1385,.F.);
#1975=ORIENTED_EDGE('',*,*,#1393,.F.);
#1976=ORIENTED_EDGE('',*,*,#1431,.T.);
#1977=ORIENTED_EDGE('',*,*,#1238,.F.);
#1978=ORIENTED_EDGE('',*,*,#1431,.F.);
#1979=ORIENTED_EDGE('',*,*,#1399,.F.);
#1980=ORIENTED_EDGE('',*,*,#1402,.F.);
#1981=ORIENTED_EDGE('',*,*,#1410,.F.);
#1982=ORIENTED_EDGE('',*,*,#1416,.F.);
#1983=ORIENTED_EDGE('',*,*,#1419,.F.);
#1984=ORIENTED_EDGE('',*,*,#1430,.F.);
#1985=ORIENTED_EDGE('',*,*,#1423,.F.);
#1986=ORIENTED_EDGE('',*,*,#1368,.F.);
#1987=ORIENTED_EDGE('',*,*,#1360,.F.);
#1988=ORIENTED_EDGE('',*,*,#1352,.F.);
#1989=ORIENTED_EDGE('',*,*,#1383,.F.);
#1990=ORIENTED_EDGE('',*,*,#1425,.F.);
#1991=ORIENTED_EDGE('',*,*,#1342,.T.);
#1992=ORIENTED_EDGE('',*,*,#1432,.F.);
#1993=ORIENTED_EDGE('',*,*,#1345,.F.);
#1994=ORIENTED_EDGE('',*,*,#1422,.F.);
#1995=ORIENTED_EDGE('',*,*,#1366,.F.);
#1996=ORIENTED_EDGE('',*,*,#1424,.F.);
#1997=ORIENTED_EDGE('',*,*,#1429,.F.);
#1998=ORIENTED_EDGE('',*,*,#1427,.F.);
#1999=ORIENTED_EDGE('',*,*,#1310,.F.);
#2000=ORIENTED_EDGE('',*,*,#1433,.T.);
#2001=ORIENTED_EDGE('',*,*,#1290,.F.);
#2002=ORIENTED_EDGE('',*,*,#1434,.T.);
#2003=ORIENTED_EDGE('',*,*,#1295,.F.);
#2004=ORIENTED_EDGE('',*,*,#1435,.T.);
#2005=ORIENTED_EDGE('',*,*,#1300,.F.);
#2006=ORIENTED_EDGE('',*,*,#1436,.T.);
#2007=ORIENTED_EDGE('',*,*,#1305,.F.);
#2008=ORIENTED_EDGE('',*,*,#1437,.T.);
#2009=ORIENTED_EDGE('',*,*,#1231,.T.);
#2010=ORIENTED_EDGE('',*,*,#1175,.T.);
#2011=ORIENTED_EDGE('',*,*,#1269,.F.);
#2012=ORIENTED_EDGE('',*,*,#1438,.T.);
#2013=ORIENTED_EDGE('',*,*,#1264,.F.);
#2014=ORIENTED_EDGE('',*,*,#1439,.T.);
#2015=ORIENTED_EDGE('',*,*,#1440,.T.);
#2016=ORIENTED_EDGE('',*,*,#1441,.T.);
#2017=ORIENTED_EDGE('',*,*,#1442,.T.);
#2018=ORIENTED_EDGE('',*,*,#1443,.T.);
#2019=ORIENTED_EDGE('',*,*,#1444,.T.);
#2020=ORIENTED_EDGE('',*,*,#1442,.F.);
#2021=ORIENTED_EDGE('',*,*,#1443,.F.);
#2022=ORIENTED_EDGE('',*,*,#1444,.F.);
#2023=ORIENTED_EDGE('',*,*,#1445,.T.);
#2024=ORIENTED_EDGE('',*,*,#1446,.F.);
#2025=ORIENTED_EDGE('',*,*,#1445,.F.);
#2026=ORIENTED_EDGE('',*,*,#1447,.F.);
#2027=ORIENTED_EDGE('',*,*,#1441,.F.);
#2028=ORIENTED_EDGE('',*,*,#1446,.T.);
#2029=ORIENTED_EDGE('',*,*,#1439,.F.);
#2030=ORIENTED_EDGE('',*,*,#1263,.T.);
#2031=ORIENTED_EDGE('',*,*,#1440,.F.);
#2032=ORIENTED_EDGE('',*,*,#1448,.T.);
#2033=ORIENTED_EDGE('',*,*,#1447,.T.);
#2034=ORIENTED_EDGE('',*,*,#1448,.F.);
#2035=ORIENTED_EDGE('',*,*,#1291,.F.);
#2036=ORIENTED_EDGE('',*,*,#1265,.T.);
#2037=ORIENTED_EDGE('',*,*,#1438,.F.);
#2038=ORIENTED_EDGE('',*,*,#1268,.F.);
#2039=ORIENTED_EDGE('',*,*,#1288,.F.);
#2040=ORIENTED_EDGE('',*,*,#1434,.F.);
#2041=ORIENTED_EDGE('',*,*,#1449,.T.);
#2042=ORIENTED_EDGE('',*,*,#1450,.T.);
#2043=ORIENTED_EDGE('',*,*,#1451,.T.);
#2044=ORIENTED_EDGE('',*,*,#1452,.T.);
#2045=ORIENTED_EDGE('',*,*,#1450,.F.);
#2046=ORIENTED_EDGE('',*,*,#1451,.F.);
#2047=ORIENTED_EDGE('',*,*,#1452,.F.);
#2048=ORIENTED_EDGE('',*,*,#1453,.T.);
#2049=ORIENTED_EDGE('',*,*,#1454,.F.);
#2050=ORIENTED_EDGE('',*,*,#1453,.F.);
#2051=ORIENTED_EDGE('',*,*,#1455,.F.);
#2052=ORIENTED_EDGE('',*,*,#1449,.F.);
#2053=ORIENTED_EDGE('',*,*,#1454,.T.);
#2054=ORIENTED_EDGE('',*,*,#1262,.F.);
#2055=ORIENTED_EDGE('',*,*,#1253,.T.);
#2056=ORIENTED_EDGE('',*,*,#1456,.T.);
#2057=ORIENTED_EDGE('',*,*,#1455,.T.);
#2058=ORIENTED_EDGE('',*,*,#1456,.F.);
#2059=ORIENTED_EDGE('',*,*,#1260,.T.);
#2060=ORIENTED_EDGE('',*,*,#1311,.F.);
#2061=ORIENTED_EDGE('',*,*,#1255,.T.);
#2062=ORIENTED_EDGE('',*,*,#1261,.F.);
#2063=ORIENTED_EDGE('',*,*,#1258,.F.);
#2064=ORIENTED_EDGE('',*,*,#1308,.F.);
#2065=ORIENTED_EDGE('',*,*,#1433,.F.);
#2066=ORIENTED_EDGE('',*,*,#1457,.T.);
#2067=ORIENTED_EDGE('',*,*,#1458,.T.);
#2068=ORIENTED_EDGE('',*,*,#1459,.T.);
#2069=ORIENTED_EDGE('',*,*,#1460,.T.);
#2070=ORIENTED_EDGE('',*,*,#1458,.F.);
#2071=ORIENTED_EDGE('',*,*,#1459,.F.);
#2072=ORIENTED_EDGE('',*,*,#1460,.F.);
#2073=ORIENTED_EDGE('',*,*,#1461,.T.);
#2074=ORIENTED_EDGE('',*,*,#1462,.F.);
#2075=ORIENTED_EDGE('',*,*,#1461,.F.);
#2076=ORIENTED_EDGE('',*,*,#1463,.F.);
#2077=ORIENTED_EDGE('',*,*,#1457,.F.);
#2078=ORIENTED_EDGE('',*,*,#1462,.T.);
#2079=ORIENTED_EDGE('',*,*,#1286,.F.);
#2080=ORIENTED_EDGE('',*,*,#1277,.T.);
#2081=ORIENTED_EDGE('',*,*,#1464,.T.);
#2082=ORIENTED_EDGE('',*,*,#1463,.T.);
#2083=ORIENTED_EDGE('',*,*,#1464,.F.);
#2084=ORIENTED_EDGE('',*,*,#1284,.T.);
#2085=ORIENTED_EDGE('',*,*,#1301,.F.);
#2086=ORIENTED_EDGE('',*,*,#1279,.T.);
#2087=ORIENTED_EDGE('',*,*,#1285,.F.);
#2088=ORIENTED_EDGE('',*,*,#1282,.F.);
#2089=ORIENTED_EDGE('',*,*,#1298,.F.);
#2090=ORIENTED_EDGE('',*,*,#1436,.F.);
#2091=ORIENTED_EDGE('',*,*,#1276,.F.);
#2092=ORIENTED_EDGE('',*,*,#1465,.T.);
#2093=ORIENTED_EDGE('',*,*,#1271,.F.);
#2094=ORIENTED_EDGE('',*,*,#1466,.T.);
#2095=ORIENTED_EDGE('',*,*,#1467,.T.);
#2096=ORIENTED_EDGE('',*,*,#1468,.T.);
#2097=ORIENTED_EDGE('',*,*,#1469,.T.);
#2098=ORIENTED_EDGE('',*,*,#1470,.T.);
#2099=ORIENTED_EDGE('',*,*,#1471,.T.);
#2100=ORIENTED_EDGE('',*,*,#1469,.F.);
#2101=ORIENTED_EDGE('',*,*,#1470,.F.);
#2102=ORIENTED_EDGE('',*,*,#1471,.F.);
#2103=ORIENTED_EDGE('',*,*,#1472,.T.);
#2104=ORIENTED_EDGE('',*,*,#1473,.F.);
#2105=ORIENTED_EDGE('',*,*,#1472,.F.);
#2106=ORIENTED_EDGE('',*,*,#1474,.F.);
#2107=ORIENTED_EDGE('',*,*,#1468,.F.);
#2108=ORIENTED_EDGE('',*,*,#1473,.T.);
#2109=ORIENTED_EDGE('',*,*,#1466,.F.);
#2110=ORIENTED_EDGE('',*,*,#1270,.T.);
#2111=ORIENTED_EDGE('',*,*,#1467,.F.);
#2112=ORIENTED_EDGE('',*,*,#1475,.T.);
#2113=ORIENTED_EDGE('',*,*,#1474,.T.);
#2114=ORIENTED_EDGE('',*,*,#1475,.F.);
#2115=ORIENTED_EDGE('',*,*,#1296,.F.);
#2116=ORIENTED_EDGE('',*,*,#1272,.T.);
#2117=ORIENTED_EDGE('',*,*,#1465,.F.);
#2118=ORIENTED_EDGE('',*,*,#1275,.F.);
#2119=ORIENTED_EDGE('',*,*,#1293,.F.);
#2120=ORIENTED_EDGE('',*,*,#1435,.F.);
#2121=ORIENTED_EDGE('',*,*,#1476,.T.);
#2122=ORIENTED_EDGE('',*,*,#1477,.T.);
#2123=ORIENTED_EDGE('',*,*,#1478,.T.);
#2124=ORIENTED_EDGE('',*,*,#1479,.T.);
#2125=ORIENTED_EDGE('',*,*,#1477,.F.);
#2126=ORIENTED_EDGE('',*,*,#1478,.F.);
#2127=ORIENTED_EDGE('',*,*,#1479,.F.);
#2128=ORIENTED_EDGE('',*,*,#1480,.T.);
#2129=ORIENTED_EDGE('',*,*,#1481,.F.);
#2130=ORIENTED_EDGE('',*,*,#1480,.F.);
#2131=ORIENTED_EDGE('',*,*,#1482,.F.);
#2132=ORIENTED_EDGE('',*,*,#1476,.F.);
#2133=ORIENTED_EDGE('',*,*,#1481,.T.);
#2134=ORIENTED_EDGE('',*,*,#1252,.F.);
#2135=ORIENTED_EDGE('',*,*,#1243,.T.);
#2136=ORIENTED_EDGE('',*,*,#1483,.T.);
#2137=ORIENTED_EDGE('',*,*,#1482,.T.);
#2138=ORIENTED_EDGE('',*,*,#1483,.F.);
#2139=ORIENTED_EDGE('',*,*,#1250,.T.);
#2140=ORIENTED_EDGE('',*,*,#1306,.F.);
#2141=ORIENTED_EDGE('',*,*,#1245,.T.);
#2142=ORIENTED_EDGE('',*,*,#1251,.F.);
#2143=ORIENTED_EDGE('',*,*,#1248,.F.);
#2144=ORIENTED_EDGE('',*,*,#1303,.F.);
#2145=ORIENTED_EDGE('',*,*,#1437,.F.);
#2146=ORIENTED_EDGE('',*,*,#1339,.F.);
#2147=ORIENTED_EDGE('',*,*,#1421,.T.);
#2148=ORIENTED_EDGE('',*,*,#1334,.F.);
#2149=ORIENTED_EDGE('',*,*,#1484,.T.);
#2150=ORIENTED_EDGE('',*,*,#1485,.T.);
#2151=ORIENTED_EDGE('',*,*,#1486,.T.);
#2152=ORIENTED_EDGE('',*,*,#1487,.T.);
#2153=ORIENTED_EDGE('',*,*,#1488,.T.);
#2154=ORIENTED_EDGE('',*,*,#1489,.T.);
#2155=ORIENTED_EDGE('',*,*,#1487,.F.);
#2156=ORIENTED_EDGE('',*,*,#1488,.F.);
#2157=ORIENTED_EDGE('',*,*,#1489,.F.);
#2158=ORIENTED_EDGE('',*,*,#1490,.T.);
#2159=ORIENTED_EDGE('',*,*,#1491,.F.);
#2160=ORIENTED_EDGE('',*,*,#1490,.F.);
#2161=ORIENTED_EDGE('',*,*,#1492,.F.);
#2162=ORIENTED_EDGE('',*,*,#1486,.F.);
#2163=ORIENTED_EDGE('',*,*,#1491,.T.);
#2164=ORIENTED_EDGE('',*,*,#1484,.F.);
#2165=ORIENTED_EDGE('',*,*,#1333,.T.);
#2166=ORIENTED_EDGE('',*,*,#1485,.F.);
#2167=ORIENTED_EDGE('',*,*,#1493,.T.);
#2168=ORIENTED_EDGE('',*,*,#1492,.T.);
#2169=ORIENTED_EDGE('',*,*,#1493,.F.);
#2170=ORIENTED_EDGE('',*,*,#1346,.F.);
#2171=ORIENTED_EDGE('',*,*,#1432,.T.);
#2172=ORIENTED_EDGE('',*,*,#1341,.F.);
#2173=ORIENTED_EDGE('',*,*,#1494,.T.);
#2174=ORIENTED_EDGE('',*,*,#1495,.T.);
#2175=ORIENTED_EDGE('',*,*,#1496,.T.);
#2176=ORIENTED_EDGE('',*,*,#1497,.T.);
#2177=ORIENTED_EDGE('',*,*,#1498,.T.);
#2178=ORIENTED_EDGE('',*,*,#1499,.T.);
#2179=ORIENTED_EDGE('',*,*,#1497,.F.);
#2180=ORIENTED_EDGE('',*,*,#1498,.F.);
#2181=ORIENTED_EDGE('',*,*,#1499,.F.);
#2182=ORIENTED_EDGE('',*,*,#1500,.T.);
#2183=ORIENTED_EDGE('',*,*,#1501,.F.);
#2184=ORIENTED_EDGE('',*,*,#1500,.F.);
#2185=ORIENTED_EDGE('',*,*,#1502,.F.);
#2186=ORIENTED_EDGE('',*,*,#1496,.F.);
#2187=ORIENTED_EDGE('',*,*,#1501,.T.);
#2188=ORIENTED_EDGE('',*,*,#1494,.F.);
#2189=ORIENTED_EDGE('',*,*,#1340,.T.);
#2190=ORIENTED_EDGE('',*,*,#1495,.F.);
#2191=ORIENTED_EDGE('',*,*,#1503,.T.);
#2192=ORIENTED_EDGE('',*,*,#1502,.T.);
#2193=ORIENTED_EDGE('',*,*,#1503,.F.);
#2194=ORIENTED_EDGE('',*,*,#1318,.F.);
#2195=ORIENTED_EDGE('',*,*,#1363,.T.);
#2196=ORIENTED_EDGE('',*,*,#1313,.F.);
#2197=ORIENTED_EDGE('',*,*,#1504,.T.);
#2198=ORIENTED_EDGE('',*,*,#1505,.T.);
#2199=ORIENTED_EDGE('',*,*,#1506,.T.);
#2200=ORIENTED_EDGE('',*,*,#1507,.T.);
#2201=ORIENTED_EDGE('',*,*,#1508,.T.);
#2202=ORIENTED_EDGE('',*,*,#1509,.T.);
#2203=ORIENTED_EDGE('',*,*,#1507,.F.);
#2204=ORIENTED_EDGE('',*,*,#1508,.F.);
#2205=ORIENTED_EDGE('',*,*,#1509,.F.);
#2206=ORIENTED_EDGE('',*,*,#1510,.T.);
#2207=ORIENTED_EDGE('',*,*,#1511,.F.);
#2208=ORIENTED_EDGE('',*,*,#1510,.F.);
#2209=ORIENTED_EDGE('',*,*,#1512,.F.);
#2210=ORIENTED_EDGE('',*,*,#1506,.F.);
#2211=ORIENTED_EDGE('',*,*,#1511,.T.);
#2212=ORIENTED_EDGE('',*,*,#1504,.F.);
#2213=ORIENTED_EDGE('',*,*,#1312,.T.);
#2214=ORIENTED_EDGE('',*,*,#1505,.F.);
#2215=ORIENTED_EDGE('',*,*,#1513,.T.);
#2216=ORIENTED_EDGE('',*,*,#1512,.T.);
#2217=ORIENTED_EDGE('',*,*,#1513,.F.);
#2218=ORIENTED_EDGE('',*,*,#1325,.F.);
#2219=ORIENTED_EDGE('',*,*,#1387,.T.);
#2220=ORIENTED_EDGE('',*,*,#1320,.F.);
#2221=ORIENTED_EDGE('',*,*,#1514,.T.);
#2222=ORIENTED_EDGE('',*,*,#1515,.T.);
#2223=ORIENTED_EDGE('',*,*,#1516,.T.);
#2224=ORIENTED_EDGE('',*,*,#1517,.T.);
#2225=ORIENTED_EDGE('',*,*,#1518,.T.);
#2226=ORIENTED_EDGE('',*,*,#1519,.T.);
#2227=ORIENTED_EDGE('',*,*,#1517,.F.);
#2228=ORIENTED_EDGE('',*,*,#1518,.F.);
#2229=ORIENTED_EDGE('',*,*,#1519,.F.);
#2230=ORIENTED_EDGE('',*,*,#1520,.T.);
#2231=ORIENTED_EDGE('',*,*,#1521,.F.);
#2232=ORIENTED_EDGE('',*,*,#1520,.F.);
#2233=ORIENTED_EDGE('',*,*,#1522,.F.);
#2234=ORIENTED_EDGE('',*,*,#1516,.F.);
#2235=ORIENTED_EDGE('',*,*,#1521,.T.);
#2236=ORIENTED_EDGE('',*,*,#1514,.F.);
#2237=ORIENTED_EDGE('',*,*,#1319,.T.);
#2238=ORIENTED_EDGE('',*,*,#1515,.F.);
#2239=ORIENTED_EDGE('',*,*,#1523,.T.);
#2240=ORIENTED_EDGE('',*,*,#1522,.T.);
#2241=ORIENTED_EDGE('',*,*,#1523,.F.);
#2242=ORIENTED_EDGE('',*,*,#1332,.F.);
#2243=ORIENTED_EDGE('',*,*,#1404,.T.);
#2244=ORIENTED_EDGE('',*,*,#1327,.F.);
#2245=ORIENTED_EDGE('',*,*,#1524,.T.);
#2246=ORIENTED_EDGE('',*,*,#1525,.T.);
#2247=ORIENTED_EDGE('',*,*,#1526,.T.);
#2248=ORIENTED_EDGE('',*,*,#1527,.T.);
#2249=ORIENTED_EDGE('',*,*,#1528,.T.);
#2250=ORIENTED_EDGE('',*,*,#1529,.T.);
#2251=ORIENTED_EDGE('',*,*,#1527,.F.);
#2252=ORIENTED_EDGE('',*,*,#1528,.F.);
#2253=ORIENTED_EDGE('',*,*,#1529,.F.);
#2254=ORIENTED_EDGE('',*,*,#1530,.T.);
#2255=ORIENTED_EDGE('',*,*,#1531,.F.);
#2256=ORIENTED_EDGE('',*,*,#1530,.F.);
#2257=ORIENTED_EDGE('',*,*,#1532,.F.);
#2258=ORIENTED_EDGE('',*,*,#1526,.F.);
#2259=ORIENTED_EDGE('',*,*,#1531,.T.);
#2260=ORIENTED_EDGE('',*,*,#1524,.F.);
#2261=ORIENTED_EDGE('',*,*,#1326,.T.);
#2262=ORIENTED_EDGE('',*,*,#1525,.F.);
#2263=ORIENTED_EDGE('',*,*,#1533,.T.);
#2264=ORIENTED_EDGE('',*,*,#1532,.T.);
#2265=ORIENTED_EDGE('',*,*,#1533,.F.);
#2266=(
BOUNDED_SURFACE()
B_SPLINE_SURFACE(2,2,((#3482,#3483,#3484,#3485,#3486,#3487,#3488,#3489,
#3490),(#3491,#3492,#3493,#3494,#3495,#3496,#3497,#3498,#3499),(#3500,#3501,
#3502,#3503,#3504,#3505,#3506,#3507,#3508)),.UNSPECIFIED.,.F.,.T.,.F.)
B_SPLINE_SURFACE_WITH_KNOTS((3,3),(3,2,2,2,3),(0.,1.5707963267949),(-3.14159265358979,
-1.5707963267949,0.,1.5707963267949,3.14159265358979),.UNSPECIFIED.)
GEOMETRIC_REPRESENTATION_ITEM()
RATIONAL_B_SPLINE_SURFACE(((1.,0.707106781186548,1.,0.707106781186548,1.,
0.707106781186548,1.,0.707106781186548,1.),(0.707106781186547,0.5,0.707106781186547,
0.5,0.707106781186547,0.5,0.707106781186547,0.5,0.707106781186547),(1.,
0.707106781186548,1.,0.707106781186548,1.,0.707106781186548,1.,0.707106781186548,
1.)))
REPRESENTATION_ITEM('')
SURFACE()
);
#2267=(
BOUNDED_SURFACE()
B_SPLINE_SURFACE(2,2,((#5969,#5970,#5971,#5972,#5973,#5974,#5975),(#5976,
#5977,#5978,#5979,#5980,#5981,#5982),(#5983,#5984,#5985,#5986,#5987,#5988,
#5989)),.UNSPECIFIED.,.F.,.F.,.F.)
B_SPLINE_SURFACE_WITH_KNOTS((3,3),(3,2,2,3),(0.,1.4133505126867),(-0.423656288962261,
0.696539277969858,1.81673484490198,2.9369304118341),.UNSPECIFIED.)
GEOMETRIC_REPRESENTATION_ITEM()
RATIONAL_B_SPLINE_SURFACE(((1.,0.847203165735383,1.,0.847203165735383,1.,
0.847203165735383,1.),(0.760524860761225,0.644319069657372,0.760524860761225,
0.644319069657372,0.760524860761225,0.644319069657372,0.760524860761225),
(1.,0.847203165735383,1.,0.847203165735383,1.,0.847203165735383,1.)))
REPRESENTATION_ITEM('')
SURFACE()
);
#2268=(
BOUNDED_SURFACE()
B_SPLINE_SURFACE(2,2,((#5991,#5992,#5993,#5994,#5995,#5996,#5997),(#5998,
#5999,#6000,#6001,#6002,#6003,#6004),(#6005,#6006,#6007,#6008,#6009,#6010,
#6011)),.UNSPECIFIED.,.F.,.F.,.F.)
B_SPLINE_SURFACE_WITH_KNOTS((3,3),(3,2,2,3),(0.,1.4133505126867),(-1.68029335039818,
-0.560097783466061,0.56009778346606,1.68029335039818),.UNSPECIFIED.)
GEOMETRIC_REPRESENTATION_ITEM()
RATIONAL_B_SPLINE_SURFACE(((1.,0.847203165735383,1.,0.847203165735383,1.,
0.847203165735383,1.),(0.760524860761225,0.644319069657371,0.760524860761225,
0.644319069657371,0.760524860761225,0.644319069657371,0.760524860761225),
(1.,0.847203165735383,1.,0.847203165735383,1.,0.847203165735383,1.)))
REPRESENTATION_ITEM('')
SURFACE()
);
#2269=(
BOUNDED_SURFACE()
B_SPLINE_SURFACE(2,2,((#6013,#6014,#6015,#6016,#6017,#6018,#6019),(#6020,
#6021,#6022,#6023,#6024,#6025,#6026),(#6027,#6028,#6029,#6030,#6031,#6032,
#6033)),.UNSPECIFIED.,.F.,.F.,.F.)
B_SPLINE_SURFACE_WITH_KNOTS((3,3),(3,2,2,3),(0.,1.4133505126867),(-1.68029335039818,
-0.56009778346606,0.56009778346606,1.68029335039818),.UNSPECIFIED.)
GEOMETRIC_REPRESENTATION_ITEM()
RATIONAL_B_SPLINE_SURFACE(((1.,0.847203165735383,1.,0.847203165735383,1.,
0.847203165735383,1.),(0.760524860761228,0.644319069657374,0.760524860761228,
0.644319069657374,0.760524860761228,0.644319069657374,0.760524860761228),
(1.,0.847203165735383,1.,0.847203165735383,1.,0.847203165735383,1.)))
REPRESENTATION_ITEM('')
SURFACE()
);
#2270=(
BOUNDED_SURFACE()
B_SPLINE_SURFACE(2,2,((#6035,#6036,#6037,#6038,#6039,#6040,#6041),(#6042,
#6043,#6044,#6045,#6046,#6047,#6048),(#6049,#6050,#6051,#6052,#6053,#6054,
#6055)),.UNSPECIFIED.,.F.,.F.,.F.)
B_SPLINE_SURFACE_WITH_KNOTS((3,3),(3,2,2,3),(0.,1.4133505126867),(-2.9369304118341,
-1.81673484490198,-0.696539277969857,0.423656288962262),.UNSPECIFIED.)
GEOMETRIC_REPRESENTATION_ITEM()
RATIONAL_B_SPLINE_SURFACE(((1.,0.847203165735383,1.,0.847203165735383,1.,
0.847203165735383,1.),(0.760524860761227,0.644319069657373,0.760524860761227,
0.644319069657373,0.760524860761227,0.644319069657373,0.760524860761227),
(1.,0.847203165735383,1.,0.847203165735383,1.,0.847203165735383,1.)))
REPRESENTATION_ITEM('')
SURFACE()
);
#2271=(
BOUNDED_SURFACE()
B_SPLINE_SURFACE(2,2,((#6057,#6058,#6059,#6060,#6061,#6062,#6063),(#6064,
#6065,#6066,#6067,#6068,#6069,#6070),(#6071,#6072,#6073,#6074,#6075,#6076,
#6077)),.UNSPECIFIED.,.F.,.F.,.F.)
B_SPLINE_SURFACE_WITH_KNOTS((3,3),(3,2,2,3),(0.,1.4133505126867),(-1.68029335039818,
-0.560097783466059,0.56009778346606,1.68029335039818),.UNSPECIFIED.)
GEOMETRIC_REPRESENTATION_ITEM()
RATIONAL_B_SPLINE_SURFACE(((1.,0.847203165735383,1.,0.847203165735383,1.,
0.847203165735383,1.),(0.760524860761229,0.644319069657375,0.760524860761229,
0.644319069657375,0.760524860761229,0.644319069657375,0.760524860761229),
(1.,0.847203165735383,1.,0.847203165735383,1.,0.847203165735383,1.)))
REPRESENTATION_ITEM('')
SURFACE()
);
#2272=ADVANCED_FACE('',(#428),#2266,.T.);
#2273=ADVANCED_FACE('',(#429),#372,.F.);
#2274=ADVANCED_FACE('',(#430),#179,.F.);
#2275=ADVANCED_FACE('',(#431),#373,.F.);
#2276=ADVANCED_FACE('',(#432),#180,.T.);
#2277=ADVANCED_FACE('',(#433),#155,.F.);
#2278=ADVANCED_FACE('',(#434,#40,#41,#42,#43),#374,.T.);
#2279=ADVANCED_FACE('',(#435),#375,.T.);
#2280=ADVANCED_FACE('',(#436),#156,.T.);
#2281=ADVANCED_FACE('',(#437),#376,.F.);
#2282=ADVANCED_FACE('',(#438,#44),#181,.T.);
#2283=ADVANCED_FACE('',(#439),#157,.F.);
#2284=ADVANCED_FACE('',(#440),#158,.T.);
#2285=ADVANCED_FACE('',(#441),#159,.F.);
#2286=ADVANCED_FACE('',(#442),#182,.T.);
#2287=ADVANCED_FACE('',(#443),#160,.F.);
#2288=ADVANCED_FACE('',(#444),#183,.T.);
#2289=ADVANCED_FACE('',(#445),#161,.F.);
#2290=ADVANCED_FACE('',(#446),#162,.F.);
#2291=ADVANCED_FACE('',(#447),#163,.F.);
#2292=ADVANCED_FACE('',(#448),#184,.T.);
#2293=ADVANCED_FACE('',(#449),#377,.F.);
#2294=ADVANCED_FACE('',(#450),#25,.T.);
#2295=ADVANCED_FACE('',(#451),#378,.F.);
#2296=ADVANCED_FACE('',(#452),#379,.F.);
#2297=ADVANCED_FACE('',(#453),#26,.T.);
#2298=ADVANCED_FACE('',(#454),#380,.F.);
#2299=ADVANCED_FACE('',(#455),#381,.F.);
#2300=ADVANCED_FACE('',(#456),#27,.T.);
#2301=ADVANCED_FACE('',(#457),#382,.F.);
#2302=ADVANCED_FACE('',(#458),#383,.F.);
#2303=ADVANCED_FACE('',(#459),#28,.T.);
#2304=ADVANCED_FACE('',(#460),#384,.F.);
#2305=ADVANCED_FACE('',(#461),#385,.F.);
#2306=ADVANCED_FACE('',(#462),#29,.T.);
#2307=ADVANCED_FACE('',(#463),#386,.F.);
#2308=ADVANCED_FACE('',(#464),#164,.F.);
#2309=ADVANCED_FACE('',(#465),#165,.F.);
#2310=ADVANCED_FACE('',(#466),#166,.F.);
#2311=ADVANCED_FACE('',(#467),#167,.F.);
#2312=ADVANCED_FACE('',(#468),#168,.F.);
#2313=ADVANCED_FACE('',(#469),#169,.F.);
#2314=ADVANCED_FACE('',(#470),#30,.T.);
#2315=ADVANCED_FACE('',(#471),#170,.F.);
#2316=ADVANCED_FACE('',(#472),#31,.T.);
#2317=ADVANCED_FACE('',(#473),#387,.F.);
#2318=ADVANCED_FACE('',(#474),#388,.T.);
#2319=ADVANCED_FACE('',(#475),#389,.F.);
#2320=ADVANCED_FACE('',(#476),#171,.F.);
#2321=ADVANCED_FACE('',(#477),#185,.F.);
#2322=ADVANCED_FACE('',(#478),#390,.F.);
#2323=ADVANCED_FACE('',(#479),#172,.F.);
#2324=ADVANCED_FACE('',(#480),#32,.T.);
#2325=ADVANCED_FACE('',(#481),#173,.F.);
#2326=ADVANCED_FACE('',(#482),#33,.T.);
#2327=ADVANCED_FACE('',(#483),#186,.F.);
#2328=ADVANCED_FACE('',(#484),#187,.F.);
#2329=ADVANCED_FACE('',(#485),#391,.F.);
#2330=ADVANCED_FACE('',(#486),#392,.T.);
#2331=ADVANCED_FACE('',(#487),#393,.F.);
#2332=ADVANCED_FACE('',(#488),#174,.F.);
#2333=ADVANCED_FACE('',(#489),#34,.T.);
#2334=ADVANCED_FACE('',(#490),#175,.F.);
#2335=ADVANCED_FACE('',(#491),#35,.T.);
#2336=ADVANCED_FACE('',(#492),#188,.F.);
#2337=ADVANCED_FACE('',(#493),#394,.F.);
#2338=ADVANCED_FACE('',(#494),#395,.T.);
#2339=ADVANCED_FACE('',(#495),#396,.F.);
#2340=ADVANCED_FACE('',(#496),#176,.F.);
#2341=ADVANCED_FACE('',(#497),#36,.T.);
#2342=ADVANCED_FACE('',(#498),#177,.F.);
#2343=ADVANCED_FACE('',(#499),#37,.T.);
#2344=ADVANCED_FACE('',(#500),#189,.F.);
#2345=ADVANCED_FACE('',(#501),#397,.F.);
#2346=ADVANCED_FACE('',(#502),#398,.T.);
#2347=ADVANCED_FACE('',(#503),#399,.F.);
#2348=ADVANCED_FACE('',(#504),#38,.T.);
#2349=ADVANCED_FACE('',(#505),#400,.F.);
#2350=ADVANCED_FACE('',(#506),#178,.F.);
#2351=ADVANCED_FACE('',(#507),#39,.T.);
#2352=ADVANCED_FACE('',(#508),#401,.T.);
#2353=ADVANCED_FACE('',(#509),#402,.T.);
#2354=ADVANCED_FACE('',(#510),#2267,.F.);
#2355=ADVANCED_FACE('',(#511),#2268,.F.);
#2356=ADVANCED_FACE('',(#512),#2269,.F.);
#2357=ADVANCED_FACE('',(#513),#2270,.F.);
#2358=ADVANCED_FACE('',(#514),#2271,.F.);
#2359=ADVANCED_FACE('',(#515,#45),#190,.T.);
#2360=ADVANCED_FACE('',(#516),#191,.T.);
#2361=ADVANCED_FACE('',(#517),#15,.F.);
#2362=ADVANCED_FACE('',(#518),#403,.F.);
#2363=ADVANCED_FACE('',(#519,#46),#192,.F.);
#2364=ADVANCED_FACE('',(#520),#193,.T.);
#2365=ADVANCED_FACE('',(#521),#404,.F.);
#2366=ADVANCED_FACE('',(#522),#405,.T.);
#2367=ADVANCED_FACE('',(#523),#16,.F.);
#2368=ADVANCED_FACE('',(#524),#406,.F.);
#2369=ADVANCED_FACE('',(#525,#47),#194,.F.);
#2370=ADVANCED_FACE('',(#526),#195,.T.);
#2371=ADVANCED_FACE('',(#527),#407,.F.);
#2372=ADVANCED_FACE('',(#528),#408,.T.);
#2373=ADVANCED_FACE('',(#529),#17,.F.);
#2374=ADVANCED_FACE('',(#530),#409,.F.);
#2375=ADVANCED_FACE('',(#531,#48),#196,.F.);
#2376=ADVANCED_FACE('',(#532),#197,.T.);
#2377=ADVANCED_FACE('',(#533),#410,.F.);
#2378=ADVANCED_FACE('',(#534),#411,.T.);
#2379=ADVANCED_FACE('',(#535),#198,.T.);
#2380=ADVANCED_FACE('',(#536),#18,.F.);
#2381=ADVANCED_FACE('',(#537),#412,.F.);
#2382=ADVANCED_FACE('',(#538,#49),#199,.F.);
#2383=ADVANCED_FACE('',(#539),#200,.T.);
#2384=ADVANCED_FACE('',(#540),#413,.F.);
#2385=ADVANCED_FACE('',(#541),#414,.T.);
#2386=ADVANCED_FACE('',(#542),#19,.F.);
#2387=ADVANCED_FACE('',(#543),#415,.F.);
#2388=ADVANCED_FACE('',(#544,#50),#201,.F.);
#2389=ADVANCED_FACE('',(#545),#202,.T.);
#2390=ADVANCED_FACE('',(#546),#416,.F.);
#2391=ADVANCED_FACE('',(#547),#417,.T.);
#2392=ADVANCED_FACE('',(#548),#203,.T.);
#2393=ADVANCED_FACE('',(#549),#20,.F.);
#2394=ADVANCED_FACE('',(#550),#418,.F.);
#2395=ADVANCED_FACE('',(#551,#51),#204,.F.);
#2396=ADVANCED_FACE('',(#552),#205,.T.);
#2397=ADVANCED_FACE('',(#553),#419,.F.);
#2398=ADVANCED_FACE('',(#554),#206,.T.);
#2399=ADVANCED_FACE('',(#555),#21,.F.);
#2400=ADVANCED_FACE('',(#556),#420,.F.);
#2401=ADVANCED_FACE('',(#557,#52),#207,.F.);
#2402=ADVANCED_FACE('',(#558),#208,.T.);
#2403=ADVANCED_FACE('',(#559),#421,.F.);
#2404=ADVANCED_FACE('',(#560),#209,.T.);
#2405=ADVANCED_FACE('',(#561),#22,.F.);
#2406=ADVANCED_FACE('',(#562),#422,.F.);
#2407=ADVANCED_FACE('',(#563,#53),#210,.F.);
#2408=ADVANCED_FACE('',(#564),#211,.T.);
#2409=ADVANCED_FACE('',(#565),#423,.F.);
#2410=ADVANCED_FACE('',(#566),#212,.T.);
#2411=ADVANCED_FACE('',(#567),#23,.F.);
#2412=ADVANCED_FACE('',(#568),#424,.F.);
#2413=ADVANCED_FACE('',(#569,#54),#213,.F.);
#2414=ADVANCED_FACE('',(#570),#214,.T.);
#2415=ADVANCED_FACE('',(#571),#425,.F.);
#2416=ADVANCED_FACE('',(#572),#215,.T.);
#2417=ADVANCED_FACE('',(#573),#24,.F.);
#2418=ADVANCED_FACE('',(#574),#426,.F.);
#2419=ADVANCED_FACE('',(#575,#55),#216,.F.);
#2420=ADVANCED_FACE('',(#576),#217,.T.);
#2421=ADVANCED_FACE('',(#577),#427,.F.);
#2422=CLOSED_SHELL('',(#2272,#2273,#2274,#2275,#2276,#2277,#2278,#2279,
#2280,#2281,#2282,#2283,#2284,#2285,#2286,#2287,#2288,#2289,#2290,#2291,
#2292,#2293,#2294,#2295,#2296,#2297,#2298,#2299,#2300,#2301,#2302,#2303,
#2304,#2305,#2306,#2307,#2308,#2309,#2310,#2311,#2312,#2313,#2314,#2315,
#2316,#2317,#2318,#2319,#2320,#2321,#2322,#2323,#2324,#2325,#2326,#2327,
#2328,#2329,#2330,#2331,#2332,#2333,#2334,#2335,#2336,#2337,#2338,#2339,
#2340,#2341,#2342,#2343,#2344,#2345,#2346,#2347,#2348,#2349,#2350,#2351,
#2352,#2353,#2354,#2355,#2356,#2357,#2358,#2359,#2360,#2361,#2362,#2363,
#2364,#2365,#2366,#2367,#2368,#2369,#2370,#2371,#2372,#2373,#2374,#2375,
#2376,#2377,#2378,#2379,#2380,#2381,#2382,#2383,#2384,#2385,#2386,#2387,
#2388,#2389,#2390,#2391,#2392,#2393,#2394,#2395,#2396,#2397,#2398,#2399,
#2400,#2401,#2402,#2403,#2404,#2405,#2406,#2407,#2408,#2409,#2410,#2411,
#2412,#2413,#2414,#2415,#2416,#2417,#2418,#2419,#2420,#2421));
#2423=DERIVED_UNIT_ELEMENT(#2426,1.);
#2424=DERIVED_UNIT_ELEMENT(#6300,-3.);
#2425=DIMENSIONAL_EXPONENTS(0.,1.,0.,0.,0.,0.,0.);
#2426=(
CONVERSION_BASED_UNIT('gram',#2428)
MASS_UNIT()
NAMED_UNIT(#2425)
);
#2427=(
MASS_UNIT()
NAMED_UNIT(*)
SI_UNIT(.KILO.,.GRAM.)
);
#2428=MASS_MEASURE_WITH_UNIT(MASS_MEASURE(0.001),#2427);
#2429=DERIVED_UNIT((#2423,#2424));
#2430=MEASURE_REPRESENTATION_ITEM('density measure',
POSITIVE_RATIO_MEASURE(1.),#2429);
#2431=PROPERTY_DEFINITION_REPRESENTATION(#2436,#2433);
#2432=PROPERTY_DEFINITION_REPRESENTATION(#2437,#2434);
#2433=REPRESENTATION('material name',(#2435),#6297);
#2434=REPRESENTATION('density',(#2430),#6297);
#2435=DESCRIPTIVE_REPRESENTATION_ITEM('Generic','Generic');
#2436=PROPERTY_DEFINITION('material property','material name',#6307);
#2437=PROPERTY_DEFINITION('material property','density of part',#6307);
#2438=DATE_TIME_ROLE('creation_date');
#2439=APPLIED_DATE_AND_TIME_ASSIGNMENT(#2440,#2438,(#6307));
#2440=DATE_AND_TIME(#2441,#2442);
#2441=CALENDAR_DATE(2026,1,6);
#2442=LOCAL_TIME(0,0,0.,#2443);
#2443=COORDINATED_UNIVERSAL_TIME_OFFSET(0,0,.BEHIND.);
#2444=AXIS2_PLACEMENT_3D('',#3481,#2764,#2765);
#2445=AXIS2_PLACEMENT_3D('',#3510,#2766,#2767);
#2446=AXIS2_PLACEMENT_3D('',#3512,#2768,#2769);
#2447=AXIS2_PLACEMENT_3D('',#3514,#2770,#2771);
#2448=AXIS2_PLACEMENT_3D('',#3515,#2772,#2773);
#2449=AXIS2_PLACEMENT_3D('',#3516,#2774,#2775);
#2450=AXIS2_PLACEMENT_3D('',#3520,#2777,#2778);
#2451=AXIS2_PLACEMENT_3D('',#3521,#2779,#2780);
#2452=AXIS2_PLACEMENT_3D('',#3522,#2781,#2782);
#2453=AXIS2_PLACEMENT_3D('',#3523,#2783,#2784);
#2454=AXIS2_PLACEMENT_3D('',#3525,#2785,#2786);
#2455=AXIS2_PLACEMENT_3D('',#3528,#2788,#2789);
#2456=AXIS2_PLACEMENT_3D('',#3529,#2790,#2791);
#2457=AXIS2_PLACEMENT_3D('',#3530,#2792,#2793);
#2458=AXIS2_PLACEMENT_3D('',#3532,#2794,#2795);
#2459=AXIS2_PLACEMENT_3D('',#3534,#2796,#2797);
#2460=AXIS2_PLACEMENT_3D('',#3535,#2798,#2799);
#2461=AXIS2_PLACEMENT_3D('',#3536,#2800,#2801);
#2462=AXIS2_PLACEMENT_3D('',#3540,#2803,#2804);
#2463=AXIS2_PLACEMENT_3D('',#3561,#2808,#2809);
#2464=AXIS2_PLACEMENT_3D('',#3577,#2812,#2813);
#2465=AXIS2_PLACEMENT_3D('',#3593,#2816,#2817);
#2466=AXIS2_PLACEMENT_3D('',#3609,#2820,#2821);
#2467=AXIS2_PLACEMENT_3D('',#3625,#2824,#2825);
#2468=AXIS2_PLACEMENT_3D('',#3643,#2828,#2829);
#2469=AXIS2_PLACEMENT_3D('',#3648,#2831,#2832);
#2470=AXIS2_PLACEMENT_3D('',#3669,#2835,#2836);
#2471=AXIS2_PLACEMENT_3D('',#3689,#2839,#2840);
#2472=AXIS2_PLACEMENT_3D('',#3709,#2843,#2844);
#2473=AXIS2_PLACEMENT_3D('',#3724,#2846,#2847);
#2474=AXIS2_PLACEMENT_3D('',#3727,#2849,#2850);
#2475=AXIS2_PLACEMENT_3D('',#3728,#2851,#2852);
#2476=AXIS2_PLACEMENT_3D('',#3730,#2853,#2854);
#2477=AXIS2_PLACEMENT_3D('',#3732,#2855,#2856);
#2478=AXIS2_PLACEMENT_3D('',#3733,#2857,#2858);
#2479=AXIS2_PLACEMENT_3D('',#3734,#2859,#2860);
#2480=AXIS2_PLACEMENT_3D('',#3738,#2862,#2863);
#2481=AXIS2_PLACEMENT_3D('',#3739,#2864,#2865);
#2482=AXIS2_PLACEMENT_3D('',#3740,#2866,#2867);
#2483=AXIS2_PLACEMENT_3D('',#3742,#2868,#2869);
#2484=AXIS2_PLACEMENT_3D('',#3743,#2870,#2871);
#2485=AXIS2_PLACEMENT_3D('',#3745,#2872,#2873);
#2486=AXIS2_PLACEMENT_3D('',#3747,#2874,#2875);
#2487=AXIS2_PLACEMENT_3D('',#3748,#2876,#2877);
#2488=AXIS2_PLACEMENT_3D('',#3749,#2878,#2879);
#2489=AXIS2_PLACEMENT_3D('',#3750,#2880,#2881);
#2490=AXIS2_PLACEMENT_3D('',#3751,#2882,#2883);
#2491=AXIS2_PLACEMENT_3D('',#3777,#2884,#2885);
#2492=AXIS2_PLACEMENT_3D('',#3822,#2886,#2887);
#2493=AXIS2_PLACEMENT_3D('',#3845,#2888,#2889);
#2494=AXIS2_PLACEMENT_3D('',#3846,#2890,#2891);
#2495=AXIS2_PLACEMENT_3D('',#3847,#2892,#2893);
#2496=AXIS2_PLACEMENT_3D('',#3848,#2894,#2895);
#2497=AXIS2_PLACEMENT_3D('',#3884,#2896,#2897);
#2498=AXIS2_PLACEMENT_3D('',#3929,#2898,#2899);
#2499=AXIS2_PLACEMENT_3D('',#3942,#2900,#2901);
#2500=AXIS2_PLACEMENT_3D('',#3943,#2902,#2903);
#2501=AXIS2_PLACEMENT_3D('',#3944,#2904,#2905);
#2502=AXIS2_PLACEMENT_3D('',#3945,#2906,#2907);
#2503=AXIS2_PLACEMENT_3D('',#3989,#2908,#2909);
#2504=AXIS2_PLACEMENT_3D('',#4033,#2910,#2911);
#2505=AXIS2_PLACEMENT_3D('',#4034,#2912,#2913);
#2506=AXIS2_PLACEMENT_3D('',#4078,#2914,#2915);
#2507=AXIS2_PLACEMENT_3D('',#4122,#2916,#2917);
#2508=AXIS2_PLACEMENT_3D('',#4123,#2918,#2919);
#2509=AXIS2_PLACEMENT_3D('',#4137,#2920,#2921);
#2510=AXIS2_PLACEMENT_3D('',#4182,#2922,#2923);
#2511=AXIS2_PLACEMENT_3D('',#4217,#2924,#2925);
#2512=AXIS2_PLACEMENT_3D('',#4218,#2926,#2927);
#2513=AXIS2_PLACEMENT_3D('',#4219,#2928,#2929);
#2514=AXIS2_PLACEMENT_3D('',#4220,#2930,#2931);
#2515=AXIS2_PLACEMENT_3D('',#4222,#2932,#2933);
#2516=AXIS2_PLACEMENT_3D('',#4285,#2935,#2936);
#2517=AXIS2_PLACEMENT_3D('',#4298,#2937,#2938);
#2518=AXIS2_PLACEMENT_3D('',#4300,#2940,#2941);
#2519=AXIS2_PLACEMENT_3D('',#4302,#2942,#2943);
#2520=AXIS2_PLACEMENT_3D('',#4375,#2945,#2946);
#2521=AXIS2_PLACEMENT_3D('',#4390,#2947,#2948);
#2522=AXIS2_PLACEMENT_3D('',#4392,#2950,#2951);
#2523=AXIS2_PLACEMENT_3D('',#4394,#2952,#2953);
#2524=AXIS2_PLACEMENT_3D('',#4462,#2955,#2956);
#2525=AXIS2_PLACEMENT_3D('',#4476,#2957,#2958);
#2526=AXIS2_PLACEMENT_3D('',#4478,#2960,#2961);
#2527=AXIS2_PLACEMENT_3D('',#4480,#2962,#2963);
#2528=AXIS2_PLACEMENT_3D('',#4543,#2965,#2966);
#2529=AXIS2_PLACEMENT_3D('',#4556,#2967,#2968);
#2530=AXIS2_PLACEMENT_3D('',#4558,#2970,#2971);
#2531=AXIS2_PLACEMENT_3D('',#4560,#2972,#2973);
#2532=AXIS2_PLACEMENT_3D('',#4628,#2975,#2976);
#2533=AXIS2_PLACEMENT_3D('',#4642,#2977,#2978);
#2534=AXIS2_PLACEMENT_3D('',#4644,#2980,#2981);
#2535=AXIS2_PLACEMENT_3D('',#4682,#2982,#2983);
#2536=AXIS2_PLACEMENT_3D('',#4718,#2984,#2985);
#2537=AXIS2_PLACEMENT_3D('',#4719,#2986,#2987);
#2538=AXIS2_PLACEMENT_3D('',#4757,#2988,#2989);
#2539=AXIS2_PLACEMENT_3D('',#4793,#2990,#2991);
#2540=AXIS2_PLACEMENT_3D('',#4794,#2992,#2993);
#2541=AXIS2_PLACEMENT_3D('',#4832,#2994,#2995);
#2542=AXIS2_PLACEMENT_3D('',#4868,#2996,#2997);
#2543=AXIS2_PLACEMENT_3D('',#4869,#2998,#2999);
#2544=AXIS2_PLACEMENT_3D('',#4907,#3000,#3001);
#2545=AXIS2_PLACEMENT_3D('',#4943,#3002,#3003);
#2546=AXIS2_PLACEMENT_3D('',#4944,#3004,#3005);
#2547=AXIS2_PLACEMENT_3D('',#4982,#3006,#3007);
#2548=AXIS2_PLACEMENT_3D('',#5018,#3008,#3009);
#2549=AXIS2_PLACEMENT_3D('',#5019,#3010,#3011);
#2550=AXIS2_PLACEMENT_3D('',#5030,#3012,#3013);
#2551=AXIS2_PLACEMENT_3D('',#5032,#3014,#3015);
#2552=AXIS2_PLACEMENT_3D('',#5034,#3016,#3017);
#2553=AXIS2_PLACEMENT_3D('',#5102,#3018,#3019);
#2554=AXIS2_PLACEMENT_3D('',#5113,#3020,#3021);
#2555=AXIS2_PLACEMENT_3D('',#5132,#3022,#3023);
#2556=AXIS2_PLACEMENT_3D('',#5134,#3024,#3025);
#2557=AXIS2_PLACEMENT_3D('',#5136,#3026,#3027);
#2558=AXIS2_PLACEMENT_3D('',#5215,#3028,#3029);
#2559=AXIS2_PLACEMENT_3D('',#5216,#3030,#3031);
#2560=AXIS2_PLACEMENT_3D('',#5218,#3033,#3034);
#2561=AXIS2_PLACEMENT_3D('',#5220,#3036,#3037);
#2562=AXIS2_PLACEMENT_3D('',#5221,#3038,#3039);
#2563=AXIS2_PLACEMENT_3D('',#5222,#3040,#3041);
#2564=AXIS2_PLACEMENT_3D('',#5224,#3042,#3043);
#2565=AXIS2_PLACEMENT_3D('',#5226,#3044,#3045);
#2566=AXIS2_PLACEMENT_3D('',#5228,#3046,#3047);
#2567=AXIS2_PLACEMENT_3D('',#5241,#3048,#3049);
#2568=AXIS2_PLACEMENT_3D('',#5242,#3050,#3051);
#2569=AXIS2_PLACEMENT_3D('',#5243,#3052,#3053);
#2570=AXIS2_PLACEMENT_3D('',#5258,#3055,#3056);
#2571=AXIS2_PLACEMENT_3D('',#5260,#3057,#3058);
#2572=AXIS2_PLACEMENT_3D('',#5262,#3059,#3060);
#2573=AXIS2_PLACEMENT_3D('',#5263,#3061,#3062);
#2574=AXIS2_PLACEMENT_3D('',#5337,#3063,#3064);
#2575=AXIS2_PLACEMENT_3D('',#5338,#3065,#3066);
#2576=AXIS2_PLACEMENT_3D('',#5349,#3067,#3068);
#2577=AXIS2_PLACEMENT_3D('',#5351,#3069,#3070);
#2578=AXIS2_PLACEMENT_3D('',#5353,#3071,#3072);
#2579=AXIS2_PLACEMENT_3D('',#5408,#3073,#3074);
#2580=AXIS2_PLACEMENT_3D('',#5417,#3075,#3076);
#2581=AXIS2_PLACEMENT_3D('',#5418,#3077,#3078);
#2582=AXIS2_PLACEMENT_3D('',#5419,#3079,#3080);
#2583=AXIS2_PLACEMENT_3D('',#5421,#3081,#3082);
#2584=AXIS2_PLACEMENT_3D('',#5422,#3083,#3084);
#2585=AXIS2_PLACEMENT_3D('',#5423,#3085,#3086);
#2586=AXIS2_PLACEMENT_3D('',#5425,#3088,#3089);
#2587=AXIS2_PLACEMENT_3D('',#5426,#3090,#3091);
#2588=AXIS2_PLACEMENT_3D('',#5427,#3092,#3093);
#2589=AXIS2_PLACEMENT_3D('',#5442,#3095,#3096);
#2590=AXIS2_PLACEMENT_3D('',#5444,#3097,#3098);
#2591=AXIS2_PLACEMENT_3D('',#5445,#3099,#3100);
#2592=AXIS2_PLACEMENT_3D('',#5519,#3101,#3102);
#2593=AXIS2_PLACEMENT_3D('',#5520,#3103,#3104);
#2594=AXIS2_PLACEMENT_3D('',#5531,#3105,#3106);
#2595=AXIS2_PLACEMENT_3D('',#5533,#3107,#3108);
#2596=AXIS2_PLACEMENT_3D('',#5535,#3109,#3110);
#2597=AXIS2_PLACEMENT_3D('',#5590,#3111,#3112);
#2598=AXIS2_PLACEMENT_3D('',#5599,#3113,#3114);
#2599=AXIS2_PLACEMENT_3D('',#5601,#3115,#3116);
#2600=AXIS2_PLACEMENT_3D('',#5602,#3117,#3118);
#2601=AXIS2_PLACEMENT_3D('',#5603,#3119,#3120);
#2602=AXIS2_PLACEMENT_3D('',#5605,#3122,#3123);
#2603=AXIS2_PLACEMENT_3D('',#5606,#3124,#3125);
#2604=AXIS2_PLACEMENT_3D('',#5607,#3126,#3127);
#2605=AXIS2_PLACEMENT_3D('',#5622,#3129,#3130);
#2606=AXIS2_PLACEMENT_3D('',#5624,#3131,#3132);
#2607=AXIS2_PLACEMENT_3D('',#5625,#3133,#3134);
#2608=AXIS2_PLACEMENT_3D('',#5711,#3135,#3136);
#2609=AXIS2_PLACEMENT_3D('',#5712,#3137,#3138);
#2610=AXIS2_PLACEMENT_3D('',#5721,#3139,#3140);
#2611=AXIS2_PLACEMENT_3D('',#5723,#3141,#3142);
#2612=AXIS2_PLACEMENT_3D('',#5725,#3143,#3144);
#2613=AXIS2_PLACEMENT_3D('',#5790,#3145,#3146);
#2614=AXIS2_PLACEMENT_3D('',#5801,#3147,#3148);
#2615=AXIS2_PLACEMENT_3D('',#5803,#3149,#3150);
#2616=AXIS2_PLACEMENT_3D('',#5804,#3151,#3152);
#2617=AXIS2_PLACEMENT_3D('',#5805,#3153,#3154);
#2618=AXIS2_PLACEMENT_3D('',#5807,#3156,#3157);
#2619=AXIS2_PLACEMENT_3D('',#5808,#3158,#3159);
#2620=AXIS2_PLACEMENT_3D('',#5809,#3160,#3161);
#2621=AXIS2_PLACEMENT_3D('',#5862,#3163,#3164);
#2622=AXIS2_PLACEMENT_3D('',#5873,#3165,#3166);
#2623=AXIS2_PLACEMENT_3D('',#5888,#3168,#3169);
#2624=AXIS2_PLACEMENT_3D('',#5890,#3170,#3171);
#2625=AXIS2_PLACEMENT_3D('',#5891,#3172,#3173);
#2626=AXIS2_PLACEMENT_3D('',#5964,#3174,#3175);
#2627=AXIS2_PLACEMENT_3D('',#5965,#3176,#3177);
#2628=AXIS2_PLACEMENT_3D('',#5967,#3179,#3180);
#2629=AXIS2_PLACEMENT_3D('',#5968,#3181,#3182);
#2630=AXIS2_PLACEMENT_3D('',#5990,#3183,#3184);
#2631=AXIS2_PLACEMENT_3D('',#6012,#3185,#3186);
#2632=AXIS2_PLACEMENT_3D('',#6034,#3187,#3188);
#2633=AXIS2_PLACEMENT_3D('',#6056,#3189,#3190);
#2634=AXIS2_PLACEMENT_3D('',#6078,#3191,#3192);
#2635=AXIS2_PLACEMENT_3D('',#6079,#3193,#3194);
#2636=AXIS2_PLACEMENT_3D('',#6080,#3195,#3196);
#2637=AXIS2_PLACEMENT_3D('',#6081,#3197,#3198);
#2638=AXIS2_PLACEMENT_3D('',#6083,#3199,#3200);
#2639=AXIS2_PLACEMENT_3D('',#6084,#3201,#3202);
#2640=AXIS2_PLACEMENT_3D('',#6085,#3203,#3204);
#2641=AXIS2_PLACEMENT_3D('',#6087,#3205,#3206);
#2642=AXIS2_PLACEMENT_3D('',#6091,#3208,#3209);
#2643=AXIS2_PLACEMENT_3D('',#6092,#3210,#3211);
#2644=AXIS2_PLACEMENT_3D('',#6093,#3212,#3213);
#2645=AXIS2_PLACEMENT_3D('',#6096,#3215,#3216);
#2646=AXIS2_PLACEMENT_3D('',#6097,#3217,#3218);
#2647=AXIS2_PLACEMENT_3D('',#6099,#3219,#3220);
#2648=AXIS2_PLACEMENT_3D('',#6100,#3221,#3222);
#2649=AXIS2_PLACEMENT_3D('',#6101,#3223,#3224);
#2650=AXIS2_PLACEMENT_3D('',#6103,#3226,#3227);
#2651=AXIS2_PLACEMENT_3D('',#6104,#3228,#3229);
#2652=AXIS2_PLACEMENT_3D('',#6106,#3230,#3231);
#2653=AXIS2_PLACEMENT_3D('',#6110,#3233,#3234);
#2654=AXIS2_PLACEMENT_3D('',#6111,#3235,#3236);
#2655=AXIS2_PLACEMENT_3D('',#6112,#3237,#3238);
#2656=AXIS2_PLACEMENT_3D('',#6115,#3240,#3241);
#2657=AXIS2_PLACEMENT_3D('',#6116,#3242,#3243);
#2658=AXIS2_PLACEMENT_3D('',#6118,#3244,#3245);
#2659=AXIS2_PLACEMENT_3D('',#6119,#3246,#3247);
#2660=AXIS2_PLACEMENT_3D('',#6120,#3248,#3249);
#2661=AXIS2_PLACEMENT_3D('',#6122,#3251,#3252);
#2662=AXIS2_PLACEMENT_3D('',#6123,#3253,#3254);
#2663=AXIS2_PLACEMENT_3D('',#6125,#3255,#3256);
#2664=AXIS2_PLACEMENT_3D('',#6129,#3258,#3259);
#2665=AXIS2_PLACEMENT_3D('',#6130,#3260,#3261);
#2666=AXIS2_PLACEMENT_3D('',#6131,#3262,#3263);
#2667=AXIS2_PLACEMENT_3D('',#6134,#3265,#3266);
#2668=AXIS2_PLACEMENT_3D('',#6135,#3267,#3268);
#2669=AXIS2_PLACEMENT_3D('',#6137,#3269,#3270);
#2670=AXIS2_PLACEMENT_3D('',#6138,#3271,#3272);
#2671=AXIS2_PLACEMENT_3D('',#6139,#3273,#3274);
#2672=AXIS2_PLACEMENT_3D('',#6141,#3276,#3277);
#2673=AXIS2_PLACEMENT_3D('',#6142,#3278,#3279);
#2674=AXIS2_PLACEMENT_3D('',#6143,#3280,#3281);
#2675=AXIS2_PLACEMENT_3D('',#6145,#3282,#3283);
#2676=AXIS2_PLACEMENT_3D('',#6146,#3284,#3285);
#2677=AXIS2_PLACEMENT_3D('',#6147,#3286,#3287);
#2678=AXIS2_PLACEMENT_3D('',#6149,#3288,#3289);
#2679=AXIS2_PLACEMENT_3D('',#6153,#3291,#3292);
#2680=AXIS2_PLACEMENT_3D('',#6154,#3293,#3294);
#2681=AXIS2_PLACEMENT_3D('',#6155,#3295,#3296);
#2682=AXIS2_PLACEMENT_3D('',#6158,#3298,#3299);
#2683=AXIS2_PLACEMENT_3D('',#6159,#3300,#3301);
#2684=AXIS2_PLACEMENT_3D('',#6161,#3302,#3303);
#2685=AXIS2_PLACEMENT_3D('',#6162,#3304,#3305);
#2686=AXIS2_PLACEMENT_3D('',#6163,#3306,#3307);
#2687=AXIS2_PLACEMENT_3D('',#6165,#3309,#3310);
#2688=AXIS2_PLACEMENT_3D('',#6166,#3311,#3312);
#2689=AXIS2_PLACEMENT_3D('',#6168,#3313,#3314);
#2690=AXIS2_PLACEMENT_3D('',#6172,#3316,#3317);
#2691=AXIS2_PLACEMENT_3D('',#6173,#3318,#3319);
#2692=AXIS2_PLACEMENT_3D('',#6174,#3320,#3321);
#2693=AXIS2_PLACEMENT_3D('',#6177,#3323,#3324);
#2694=AXIS2_PLACEMENT_3D('',#6178,#3325,#3326);
#2695=AXIS2_PLACEMENT_3D('',#6180,#3327,#3328);
#2696=AXIS2_PLACEMENT_3D('',#6181,#3329,#3330);
#2697=AXIS2_PLACEMENT_3D('',#6182,#3331,#3332);
#2698=AXIS2_PLACEMENT_3D('',#6184,#3334,#3335);
#2699=AXIS2_PLACEMENT_3D('',#6185,#3336,#3337);
#2700=AXIS2_PLACEMENT_3D('',#6187,#3338,#3339);
#2701=AXIS2_PLACEMENT_3D('',#6188,#3340,#3341);
#2702=AXIS2_PLACEMENT_3D('',#6189,#3342,#3343);
#2703=AXIS2_PLACEMENT_3D('',#6191,#3344,#3345);
#2704=AXIS2_PLACEMENT_3D('',#6195,#3347,#3348);
#2705=AXIS2_PLACEMENT_3D('',#6196,#3349,#3350);
#2706=AXIS2_PLACEMENT_3D('',#6197,#3351,#3352);
#2707=AXIS2_PLACEMENT_3D('',#6200,#3354,#3355);
#2708=AXIS2_PLACEMENT_3D('',#6201,#3356,#3357);
#2709=AXIS2_PLACEMENT_3D('',#6203,#3358,#3359);
#2710=AXIS2_PLACEMENT_3D('',#6204,#3360,#3361);
#2711=AXIS2_PLACEMENT_3D('',#6205,#3362,#3363);
#2712=AXIS2_PLACEMENT_3D('',#6207,#3365,#3366);
#2713=AXIS2_PLACEMENT_3D('',#6209,#3367,#3368);
#2714=AXIS2_PLACEMENT_3D('',#6210,#3369,#3370);
#2715=AXIS2_PLACEMENT_3D('',#6211,#3371,#3372);
#2716=AXIS2_PLACEMENT_3D('',#6213,#3373,#3374);
#2717=AXIS2_PLACEMENT_3D('',#6217,#3376,#3377);
#2718=AXIS2_PLACEMENT_3D('',#6218,#3378,#3379);
#2719=AXIS2_PLACEMENT_3D('',#6219,#3380,#3381);
#2720=AXIS2_PLACEMENT_3D('',#6222,#3383,#3384);
#2721=AXIS2_PLACEMENT_3D('',#6223,#3385,#3386);
#2722=AXIS2_PLACEMENT_3D('',#6225,#3387,#3388);
#2723=AXIS2_PLACEMENT_3D('',#6226,#3389,#3390);
#2724=AXIS2_PLACEMENT_3D('',#6227,#3391,#3392);
#2725=AXIS2_PLACEMENT_3D('',#6229,#3394,#3395);
#2726=AXIS2_PLACEMENT_3D('',#6231,#3396,#3397);
#2727=AXIS2_PLACEMENT_3D('',#6232,#3398,#3399);
#2728=AXIS2_PLACEMENT_3D('',#6233,#3400,#3401);
#2729=AXIS2_PLACEMENT_3D('',#6235,#3402,#3403);
#2730=AXIS2_PLACEMENT_3D('',#6239,#3405,#3406);
#2731=AXIS2_PLACEMENT_3D('',#6240,#3407,#3408);
#2732=AXIS2_PLACEMENT_3D('',#6241,#3409,#3410);
#2733=AXIS2_PLACEMENT_3D('',#6244,#3412,#3413);
#2734=AXIS2_PLACEMENT_3D('',#6245,#3414,#3415);
#2735=AXIS2_PLACEMENT_3D('',#6247,#3416,#3417);
#2736=AXIS2_PLACEMENT_3D('',#6248,#3418,#3419);
#2737=AXIS2_PLACEMENT_3D('',#6249,#3420,#3421);
#2738=AXIS2_PLACEMENT_3D('',#6251,#3423,#3424);
#2739=AXIS2_PLACEMENT_3D('',#6253,#3425,#3426);
#2740=AXIS2_PLACEMENT_3D('',#6254,#3427,#3428);
#2741=AXIS2_PLACEMENT_3D('',#6255,#3429,#3430);
#2742=AXIS2_PLACEMENT_3D('',#6257,#3431,#3432);
#2743=AXIS2_PLACEMENT_3D('',#6261,#3434,#3435);
#2744=AXIS2_PLACEMENT_3D('',#6262,#3436,#3437);
#2745=AXIS2_PLACEMENT_3D('',#6263,#3438,#3439);
#2746=AXIS2_PLACEMENT_3D('',#6266,#3441,#3442);
#2747=AXIS2_PLACEMENT_3D('',#6267,#3443,#3444);
#2748=AXIS2_PLACEMENT_3D('',#6269,#3445,#3446);
#2749=AXIS2_PLACEMENT_3D('',#6270,#3447,#3448);
#2750=AXIS2_PLACEMENT_3D('',#6271,#3449,#3450);
#2751=AXIS2_PLACEMENT_3D('',#6273,#3452,#3453);
#2752=AXIS2_PLACEMENT_3D('',#6275,#3454,#3455);
#2753=AXIS2_PLACEMENT_3D('',#6276,#3456,#3457);
#2754=AXIS2_PLACEMENT_3D('',#6277,#3458,#3459);
#2755=AXIS2_PLACEMENT_3D('',#6279,#3460,#3461);
#2756=AXIS2_PLACEMENT_3D('',#6283,#3463,#3464);
#2757=AXIS2_PLACEMENT_3D('',#6284,#3465,#3466);
#2758=AXIS2_PLACEMENT_3D('',#6285,#3467,#3468);
#2759=AXIS2_PLACEMENT_3D('',#6288,#3470,#3471);
#2760=AXIS2_PLACEMENT_3D('',#6289,#3472,#3473);
#2761=AXIS2_PLACEMENT_3D('',#6291,#3474,#3475);
#2762=AXIS2_PLACEMENT_3D('',#6292,#3476,#3477);
#2763=AXIS2_PLACEMENT_3D('',#6293,#3478,#3479);
#2764=DIRECTION('axis',(0.,0.,1.));
#2765=DIRECTION('refdir',(1.,0.,0.));
#2766=DIRECTION('center_axis',(0.,0.,1.));
#2767=DIRECTION('ref_axis',(-1.,0.,0.));
#2768=DIRECTION('center_axis',(1.22464679914735E-16,-1.,0.));
#2769=DIRECTION('ref_axis',(-1.,-1.22464679914735E-16,0.));
#2770=DIRECTION('center_axis',(0.,0.,-1.));
#2771=DIRECTION('ref_axis',(-1.,0.,0.));
#2772=DIRECTION('center_axis',(0.,0.,-1.));
#2773=DIRECTION('ref_axis',(-1.,0.,0.));
#2774=DIRECTION('center_axis',(0.,0.,1.));
#2775=DIRECTION('ref_axis',(-1.,0.,0.));
#2776=DIRECTION('',(0.,0.,-1.));
#2777=DIRECTION('center_axis',(0.,0.,1.));
#2778=DIRECTION('ref_axis',(1.,5.51634334851328E-16,0.));
#2779=DIRECTION('center_axis',(0.,0.,1.));
#2780=DIRECTION('ref_axis',(1.,5.51634334851328E-16,0.));
#2781=DIRECTION('center_axis',(0.,0.,1.));
#2782=DIRECTION('ref_axis',(1.,0.,0.));
#2783=DIRECTION('center_axis',(0.,0.,1.));
#2784=DIRECTION('ref_axis',(1.,0.,0.));
#2785=DIRECTION('center_axis',(0.,0.,-1.));
#2786=DIRECTION('ref_axis',(1.,0.,0.));
#2787=DIRECTION('',(0.,0.,-1.));
#2788=DIRECTION('center_axis',(0.,0.,1.));
#2789=DIRECTION('ref_axis',(1.,0.,0.));
#2790=DIRECTION('center_axis',(0.,0.,1.));
#2791=DIRECTION('ref_axis',(1.,0.,0.));
#2792=DIRECTION('center_axis',(0.,0.,1.));
#2793=DIRECTION('ref_axis',(1.,-1.22464679914735E-16,0.));
#2794=DIRECTION('center_axis',(0.,0.,1.));
#2795=DIRECTION('ref_axis',(1.,-1.22464679914735E-16,0.));
#2796=DIRECTION('center_axis',(0.,-1.,0.));
#2797=DIRECTION('ref_axis',(-1.,0.,0.));
#2798=DIRECTION('center_axis',(0.,0.,-1.));
#2799=DIRECTION('ref_axis',(1.,0.,0.));
#2800=DIRECTION('center_axis',(0.,0.,1.));
#2801=DIRECTION('ref_axis',(1.,0.,0.));
#2802=DIRECTION('',(0.,0.,-1.));
#2803=DIRECTION('center_axis',(0.,0.,-1.));
#2804=DIRECTION('ref_axis',(-1.,-1.22464679914735E-16,0.));
#2805=DIRECTION('',(0.,0.,1.));
#2806=DIRECTION('',(0.,0.,-1.));
#2807=DIRECTION('',(0.,0.,-1.));
#2808=DIRECTION('center_axis',(0.,0.,-1.));
#2809=DIRECTION('ref_axis',(-0.809016994374947,-0.587785252292473,0.));
#2810=DIRECTION('',(0.,0.,1.));
#2811=DIRECTION('',(0.,0.,-1.));
#2812=DIRECTION('center_axis',(0.,0.,-1.));
#2813=DIRECTION('ref_axis',(0.309016994374947,-0.951056516295154,0.));
#2814=DIRECTION('',(0.,0.,1.));
#2815=DIRECTION('',(0.,0.,-1.));
#2816=DIRECTION('center_axis',(0.,0.,-1.));
#2817=DIRECTION('ref_axis',(1.,0.,0.));
#2818=DIRECTION('',(0.,0.,1.));
#2819=DIRECTION('',(0.,0.,-1.));
#2820=DIRECTION('center_axis',(0.,0.,-1.));
#2821=DIRECTION('ref_axis',(0.309016994374947,0.951056516295154,0.));
#2822=DIRECTION('',(0.,0.,1.));
#2823=DIRECTION('',(0.,0.,-1.));
#2824=DIRECTION('center_axis',(0.,0.,-1.));
#2825=DIRECTION('ref_axis',(-0.809016994374947,0.587785252292473,0.));
#2826=DIRECTION('',(0.,0.,1.));
#2827=DIRECTION('',(0.,0.,-1.));
#2828=DIRECTION('center_axis',(0.,0.,-1.));
#2829=DIRECTION('ref_axis',(-1.,-1.22464679914735E-16,0.));
#2830=DIRECTION('',(0.,0.,-1.));
#2831=DIRECTION('center_axis',(0.,0.,-1.));
#2832=DIRECTION('ref_axis',(0.809016994374947,-0.587785252292473,0.));
#2833=DIRECTION('',(0.,0.,1.));
#2834=DIRECTION('',(0.,0.,-1.));
#2835=DIRECTION('center_axis',(0.,0.,-1.));
#2836=DIRECTION('ref_axis',(-0.309016994374947,-0.951056516295154,0.));
#2837=DIRECTION('',(0.,0.,1.));
#2838=DIRECTION('',(0.,0.,-1.));
#2839=DIRECTION('center_axis',(0.,0.,-1.));
#2840=DIRECTION('ref_axis',(-0.309016994374947,0.951056516295154,0.));
#2841=DIRECTION('',(0.,0.,1.));
#2842=DIRECTION('',(0.,0.,-1.));
#2843=DIRECTION('center_axis',(0.,0.,-1.));
#2844=DIRECTION('ref_axis',(0.809016994374948,0.587785252292473,0.));
#2845=DIRECTION('',(0.,0.,1.));
#2846=DIRECTION('center_axis',(0.,0.,-1.));
#2847=DIRECTION('ref_axis',(1.,0.,0.));
#2848=DIRECTION('',(0.,0.,1.));
#2849=DIRECTION('center_axis',(0.,0.,1.));
#2850=DIRECTION('ref_axis',(1.,0.,0.));
#2851=DIRECTION('center_axis',(0.,0.,1.));
#2852=DIRECTION('ref_axis',(1.,0.,0.));
#2853=DIRECTION('center_axis',(0.,0.,-1.));
#2854=DIRECTION('ref_axis',(1.,0.,0.));
#2855=DIRECTION('center_axis',(1.22464679914735E-16,-1.,0.));
#2856=DIRECTION('ref_axis',(-1.,-1.22464679914735E-16,0.));
#2857=DIRECTION('center_axis',(0.,0.,1.));
#2858=DIRECTION('ref_axis',(1.,0.,0.));
#2859=DIRECTION('center_axis',(0.,0.,-1.));
#2860=DIRECTION('ref_axis',(1.,0.,0.));
#2861=DIRECTION('',(0.,0.,1.));
#2862=DIRECTION('center_axis',(0.,0.,-1.));
#2863=DIRECTION('ref_axis',(1.,0.,0.));
#2864=DIRECTION('center_axis',(0.,0.,-1.));
#2865=DIRECTION('ref_axis',(1.,0.,0.));
#2866=DIRECTION('center_axis',(0.,0.,-1.));
#2867=DIRECTION('ref_axis',(-1.,0.,0.));
#2868=DIRECTION('center_axis',(0.,0.,-1.));
#2869=DIRECTION('ref_axis',(-1.,0.,0.));
#2870=DIRECTION('center_axis',(0.,0.,-1.));
#2871=DIRECTION('ref_axis',(-1.,0.,0.));
#2872=DIRECTION('center_axis',(-1.22464679914735E-16,-1.,0.));
#2873=DIRECTION('ref_axis',(1.,-1.22464679914735E-16,0.));
#2874=DIRECTION('center_axis',(0.,0.,1.));
#2875=DIRECTION('ref_axis',(1.,0.,0.));
#2876=DIRECTION('center_axis',(0.,0.,1.));
#2877=DIRECTION('ref_axis',(1.,0.,0.));
#2878=DIRECTION('center_axis',(0.,0.,-1.));
#2879=DIRECTION('ref_axis',(1.,5.51634334851328E-16,0.));
#2880=DIRECTION('center_axis',(-6.74099014766063E-16,1.,0.));
#2881=DIRECTION('ref_axis',(-1.,-6.74099014766063E-16,0.));
#2882=DIRECTION('center_axis',(0.,0.,-1.));
#2883=DIRECTION('ref_axis',(-1.,0.,0.));
#2884=DIRECTION('center_axis',(0.,0.,1.));
#2885=DIRECTION('ref_axis',(-1.,-1.22464679914735E-16,0.));
#2886=DIRECTION('center_axis',(0.,0.,1.));
#2887=DIRECTION('ref_axis',(-1.,-1.22464679914735E-16,0.));
#2888=DIRECTION('center_axis',(0.,0.,1.));
#2889=DIRECTION('ref_axis',(1.,0.,0.));
#2890=DIRECTION('center_axis',(0.,0.,1.));
#2891=DIRECTION('ref_axis',(1.,0.,0.));
#2892=DIRECTION('center_axis',(0.,0.,-1.));
#2893=DIRECTION('ref_axis',(-1.,0.,0.));
#2894=DIRECTION('center_axis',(0.,0.,-1.));
#2895=DIRECTION('ref_axis',(-1.,0.,0.));
#2896=DIRECTION('center_axis',(0.,0.,1.));
#2897=DIRECTION('ref_axis',(-0.309016994374947,0.951056516295154,0.));
#2898=DIRECTION('center_axis',(0.,0.,1.));
#2899=DIRECTION('ref_axis',(-0.309016994374947,0.951056516295154,0.));
#2900=DIRECTION('center_axis',(0.,0.,1.));
#2901=DIRECTION('ref_axis',(1.,0.,0.));
#2902=DIRECTION('center_axis',(0.,0.,1.));
#2903=DIRECTION('ref_axis',(1.,0.,0.));
#2904=DIRECTION('center_axis',(0.,0.,-1.));
#2905=DIRECTION('ref_axis',(-1.,0.,0.));
#2906=DIRECTION('center_axis',(0.,0.,-1.));
#2907=DIRECTION('ref_axis',(-1.,0.,0.));
#2908=DIRECTION('center_axis',(0.,0.,1.));
#2909=DIRECTION('ref_axis',(0.809016994374948,0.587785252292473,0.));
#2910=DIRECTION('center_axis',(0.,0.,1.));
#2911=DIRECTION('ref_axis',(0.809016994374948,0.587785252292473,0.));
#2912=DIRECTION('center_axis',(0.,0.,-1.));
#2913=DIRECTION('ref_axis',(-1.,0.,0.));
#2914=DIRECTION('center_axis',(0.,0.,1.));
#2915=DIRECTION('ref_axis',(0.809016994374947,-0.587785252292473,0.));
#2916=DIRECTION('center_axis',(0.,0.,1.));
#2917=DIRECTION('ref_axis',(0.809016994374947,-0.587785252292473,0.));
#2918=DIRECTION('center_axis',(0.,0.,-1.));
#2919=DIRECTION('ref_axis',(-1.,0.,0.));
#2920=DIRECTION('center_axis',(0.,0.,1.));
#2921=DIRECTION('ref_axis',(-0.309016994374947,-0.951056516295154,0.));
#2922=DIRECTION('center_axis',(0.,0.,1.));
#2923=DIRECTION('ref_axis',(-0.309016994374947,-0.951056516295154,0.));
#2924=DIRECTION('center_axis',(0.,0.,1.));
#2925=DIRECTION('ref_axis',(1.,0.,0.));
#2926=DIRECTION('center_axis',(0.,0.,1.));
#2927=DIRECTION('ref_axis',(1.,0.,0.));
#2928=DIRECTION('center_axis',(0.,0.,-1.));
#2929=DIRECTION('ref_axis',(-1.,0.,0.));
#2930=DIRECTION('center_axis',(0.,0.,-1.));
#2931=DIRECTION('ref_axis',(-0.87104277754115,0.491207165759417,0.));
#2932=DIRECTION('center_axis',(0.,0.,-1.));
#2933=DIRECTION('ref_axis',(-0.999686900443244,-0.0250220119530863,0.));
#2934=DIRECTION('',(0.,0.,1.));
#2935=DIRECTION('center_axis',(0.,0.,1.));
#2936=DIRECTION('ref_axis',(-0.332717588809777,-0.943026513994494,0.));
#2937=DIRECTION('center_axis',(0.,0.,1.));
#2938=DIRECTION('ref_axis',(0.197998754758594,-0.980202271530752,0.));
#2939=DIRECTION('',(0.,0.,-1.));
#2940=DIRECTION('center_axis',(0.,0.,-1.));
#2941=DIRECTION('ref_axis',(0.197998754758594,0.980202271530752,0.));
#2942=DIRECTION('center_axis',(0.,0.,-1.));
#2943=DIRECTION('ref_axis',(-0.332717588809777,0.943026513994494,0.));
#2944=DIRECTION('',(0.,0.,1.));
#2945=DIRECTION('center_axis',(7.21116631331632E-17,2.88102671913662E-15,
1.));
#2946=DIRECTION('ref_axis',(-0.999686900443243,0.0250220119530869,0.));
#2947=DIRECTION('center_axis',(0.,0.,1.));
#2948=DIRECTION('ref_axis',(-0.87104277754115,-0.491207165759416,0.));
#2949=DIRECTION('',(0.,0.,-1.));
#2950=DIRECTION('center_axis',(0.,0.,-1.));
#2951=DIRECTION('ref_axis',(0.993412737712116,0.114591153896442,0.));
#2952=DIRECTION('center_axis',(0.,0.,-1.));
#2953=DIRECTION('ref_axis',(0.79405612190389,0.607844449894013,0.));
#2954=DIRECTION('',(0.,0.,1.));
#2955=DIRECTION('center_axis',(1.38115148212806E-15,4.10851975168919E-16,
1.));
#2956=DIRECTION('ref_axis',(-0.28512289377218,0.958490967848408,0.));
#2957=DIRECTION('center_axis',(0.,0.,1.));
#2958=DIRECTION('ref_axis',(-0.736332796934139,0.676619547573929,0.));
#2959=DIRECTION('',(0.,0.,-1.));
#2960=DIRECTION('center_axis',(0.,0.,-1.));
#2961=DIRECTION('ref_axis',(0.415964082004578,-0.909381043612681,0.));
#2962=DIRECTION('center_axis',(0.,0.,-1.));
#2963=DIRECTION('ref_axis',(0.82347126112131,-0.567357984087012,0.));
#2964=DIRECTION('',(0.,0.,1.));
#2965=DIRECTION('center_axis',(8.17542728000852E-16,-1.18659287456889E-15,
1.));
#2966=DIRECTION('ref_axis',(0.823471261121311,0.567357984087012,0.));
#2967=DIRECTION('center_axis',(0.,0.,1.));
#2968=DIRECTION('ref_axis',(0.415964082004578,0.909381043612681,0.));
#2969=DIRECTION('',(0.,0.,-1.));
#2970=DIRECTION('center_axis',(0.,0.,-1.));
#2971=DIRECTION('ref_axis',(-0.736332796934139,-0.676619547573929,0.));
#2972=DIRECTION('center_axis',(0.,0.,-1.));
#2973=DIRECTION('ref_axis',(-0.285122893772181,-0.958490967848408,0.));
#2974=DIRECTION('',(0.,0.,1.));
#2975=DIRECTION('center_axis',(-8.75882288968222E-16,-1.14420670246093E-15,
1.));
#2976=DIRECTION('ref_axis',(0.794056121903889,-0.607844449894013,0.));
#2977=DIRECTION('center_axis',(0.,0.,1.));
#2978=DIRECTION('ref_axis',(0.993412737712116,-0.114591153896443,0.));
#2979=DIRECTION('',(0.,0.,-1.));
#2980=DIRECTION('center_axis',(0.,0.,-1.));
#2981=DIRECTION('ref_axis',(-1.,0.,0.));
#2982=DIRECTION('center_axis',(0.,0.,1.));
#2983=DIRECTION('ref_axis',(-0.809016994374947,0.587785252292473,0.));
#2984=DIRECTION('center_axis',(0.,0.,1.));
#2985=DIRECTION('ref_axis',(-0.809016994374947,0.587785252292473,0.));
#2986=DIRECTION('center_axis',(0.,0.,-1.));
#2987=DIRECTION('ref_axis',(-1.,0.,0.));
#2988=DIRECTION('center_axis',(0.,0.,1.));
#2989=DIRECTION('ref_axis',(0.309016994374948,0.951056516295154,0.));
#2990=DIRECTION('center_axis',(0.,0.,1.));
#2991=DIRECTION('ref_axis',(0.309016994374948,0.951056516295154,0.));
#2992=DIRECTION('center_axis',(0.,0.,-1.));
#2993=DIRECTION('ref_axis',(1.,-1.22464679914735E-16,0.));
#2994=DIRECTION('center_axis',(0.,0.,1.));
#2995=DIRECTION('ref_axis',(1.,0.,0.));
#2996=DIRECTION('center_axis',(0.,0.,1.));
#2997=DIRECTION('ref_axis',(1.,0.,0.));
#2998=DIRECTION('center_axis',(0.,0.,-1.));
#2999=DIRECTION('ref_axis',(-1.,0.,0.));
#3000=DIRECTION('center_axis',(0.,0.,1.));
#3001=DIRECTION('ref_axis',(0.309016994374947,-0.951056516295154,0.));
#3002=DIRECTION('center_axis',(0.,0.,1.));
#3003=DIRECTION('ref_axis',(0.309016994374947,-0.951056516295154,0.));
#3004=DIRECTION('center_axis',(0.,0.,-1.));
#3005=DIRECTION('ref_axis',(-1.,0.,0.));
#3006=DIRECTION('center_axis',(0.,0.,1.));
#3007=DIRECTION('ref_axis',(-0.809016994374947,-0.587785252292473,0.));
#3008=DIRECTION('center_axis',(0.,0.,1.));
#3009=DIRECTION('ref_axis',(-0.809016994374947,-0.587785252292473,0.));
#3010=DIRECTION('center_axis',(0.,0.,1.));
#3011=DIRECTION('ref_axis',(1.,0.,0.));
#3012=DIRECTION('center_axis',(0.,0.,1.));
#3013=DIRECTION('ref_axis',(-0.0761971834577402,0.997092768619404,0.));
#3014=DIRECTION('center_axis',(-0.93014622428851,0.367189326426884,7.2448555093934E-17));
#3015=DIRECTION('ref_axis',(-3.70074341541719E-16,-7.40148683083438E-16,
-1.));
#3016=DIRECTION('center_axis',(0.,0.,-1.));
#3017=DIRECTION('ref_axis',(-0.0761971834577402,0.997092768619404,0.));
#3018=DIRECTION('center_axis',(0.,0.,1.));
#3019=DIRECTION('ref_axis',(-1.,0.,0.));
#3020=DIRECTION('center_axis',(0.,0.,1.));
#3021=DIRECTION('ref_axis',(1.,0.,0.));
#3022=DIRECTION('center_axis',(0.,0.,-1.));
#3023=DIRECTION('ref_axis',(-0.971837799558207,-0.235650782620942,0.));
#3024=DIRECTION('center_axis',(-0.636648792171157,0.771153885697924,-3.56730333096247E-16));
#3025=DIRECTION('ref_axis',(0.771153885697925,0.636648792171156,0.));
#3026=DIRECTION('center_axis',(0.,0.,1.));
#3027=DIRECTION('ref_axis',(-0.971837799558207,-0.235650782620942,0.));
#3028=DIRECTION('center_axis',(0.,0.,1.));
#3029=DIRECTION('ref_axis',(-1.,0.,0.));
#3030=DIRECTION('center_axis',(0.,0.,-1.));
#3031=DIRECTION('ref_axis',(-0.209215455178014,-0.977869568661719,0.));
#3032=DIRECTION('',(0.,0.,1.));
#3033=DIRECTION('center_axis',(0.,0.,1.));
#3034=DIRECTION('ref_axis',(-0.809016994374947,0.587785252292473,0.));
#3035=DIRECTION('',(0.,0.,-1.));
#3036=DIRECTION('center_axis',(0.,0.,1.));
#3037=DIRECTION('ref_axis',(-0.809016994374947,0.587785252292473,0.));
#3038=DIRECTION('center_axis',(0.,0.,1.));
#3039=DIRECTION('ref_axis',(0.865358094226563,0.501154036955277,0.));
#3040=DIRECTION('center_axis',(0.,0.,1.));
#3041=DIRECTION('ref_axis',(1.,0.,0.));
#3042=DIRECTION('center_axis',(0.,0.,1.));
#3043=DIRECTION('ref_axis',(-0.777763303541455,0.628557271586514,0.));
#3044=DIRECTION('center_axis',(-0.636648792171157,-0.771153885697924,-2.85384266476997E-16));
#3045=DIRECTION('ref_axis',(0.,3.70074341541719E-16,-1.));
#3046=DIRECTION('center_axis',(0.,0.,-1.));
#3047=DIRECTION('ref_axis',(-0.777763303541455,0.628557271586514,0.));
#3048=DIRECTION('center_axis',(0.,0.,-1.));
#3049=DIRECTION('ref_axis',(-1.,0.,0.));
#3050=DIRECTION('center_axis',(0.,0.,1.));
#3051=DIRECTION('ref_axis',(-1.,0.,0.));
#3052=DIRECTION('center_axis',(0.,0.,1.));
#3053=DIRECTION('ref_axis',(0.744036169849864,-0.668139340224136,0.));
#3054=DIRECTION('',(0.,0.,-1.));
#3055=DIRECTION('center_axis',(0.,0.,1.));
#3056=DIRECTION('ref_axis',(-0.996468894892036,0.0839627388348187,0.));
#3057=DIRECTION('center_axis',(0.,0.,-1.));
#3058=DIRECTION('ref_axis',(-0.838135567402566,0.545461979110166,0.));
#3059=DIRECTION('center_axis',(0.536675631830167,0.843788638344752,1.48957410803276E-16));
#3060=DIRECTION('ref_axis',(0.843788638344752,-0.536675631830167,0.));
#3061=DIRECTION('center_axis',(0.,0.,1.));
#3062=DIRECTION('ref_axis',(-0.838135567402566,0.545461979110166,0.));
#3063=DIRECTION('center_axis',(0.,0.,1.));
#3064=DIRECTION('ref_axis',(-1.,0.,0.));
#3065=DIRECTION('center_axis',(0.,0.,1.));
#3066=DIRECTION('ref_axis',(1.,0.,0.));
#3067=DIRECTION('center_axis',(0.,0.,1.));
#3068=DIRECTION('ref_axis',(0.924745350334312,0.380586438322585,0.));
#3069=DIRECTION('center_axis',(0.0617868110534747,0.998089369735918,2.28657134165772E-17));
#3070=DIRECTION('ref_axis',(3.70074341541719E-16,0.,-1.));
#3071=DIRECTION('center_axis',(0.,0.,-1.));
#3072=DIRECTION('ref_axis',(0.924745350334312,0.380586438322585,0.));
#3073=DIRECTION('center_axis',(0.,0.,1.));
#3074=DIRECTION('ref_axis',(-1.,0.,0.));
#3075=DIRECTION('center_axis',(0.,0.,-1.));
#3076=DIRECTION('ref_axis',(-1.,0.,0.));
#3077=DIRECTION('center_axis',(0.,0.,1.));
#3078=DIRECTION('ref_axis',(-1.,0.,0.));
#3079=DIRECTION('center_axis',(0.,0.,-1.));
#3080=DIRECTION('ref_axis',(-1.,0.,0.));
#3081=DIRECTION('center_axis',(0.,0.,1.));
#3082=DIRECTION('ref_axis',(0.259767035706531,0.96567131424737,0.));
#3083=DIRECTION('center_axis',(0.,0.,1.));
#3084=DIRECTION('ref_axis',(-1.,0.,0.));
#3085=DIRECTION('center_axis',(0.,0.,-1.));
#3086=DIRECTION('ref_axis',(-0.994660356498355,-0.103202593041864,0.));
#3087=DIRECTION('',(0.,0.,1.));
#3088=DIRECTION('center_axis',(0.,0.,1.));
#3089=DIRECTION('ref_axis',(0.309016994374948,0.951056516295154,0.));
#3090=DIRECTION('center_axis',(0.,0.,1.));
#3091=DIRECTION('ref_axis',(0.309016994374948,0.951056516295154,0.));
#3092=DIRECTION('center_axis',(0.,0.,1.));
#3093=DIRECTION('ref_axis',(-0.405518452400057,-0.914086858434724,0.));
#3094=DIRECTION('',(0.,0.,-1.));
#3095=DIRECTION('center_axis',(0.,0.,1.));
#3096=DIRECTION('ref_axis',(1.,0.,0.));
#3097=DIRECTION('center_axis',(0.,0.,-1.));
#3098=DIRECTION('ref_axis',(0.259767035706531,0.96567131424737,0.));
#3099=DIRECTION('center_axis',(0.968332573576025,-0.249663827879875,-1.8478835341886E-16));
#3100=DIRECTION('ref_axis',(-0.249663827879875,-0.968332573576025,0.));
#3101=DIRECTION('center_axis',(0.,0.,1.));
#3102=DIRECTION('ref_axis',(-1.,0.,0.));
#3103=DIRECTION('center_axis',(0.,0.,1.));
#3104=DIRECTION('ref_axis',(1.,0.,0.));
#3105=DIRECTION('center_axis',(0.,0.,1.));
#3106=DIRECTION('ref_axis',(0.647721240902744,-0.761877414078807,0.));
#3107=DIRECTION('center_axis',(0.968332573576025,0.249663827879875,-9.23941767094297E-17));
#3108=DIRECTION('ref_axis',(0.,-3.70074341541719E-16,-1.));
#3109=DIRECTION('center_axis',(0.,0.,-1.));
#3110=DIRECTION('ref_axis',(0.647721240902744,-0.761877414078807,0.));
#3111=DIRECTION('center_axis',(0.,0.,1.));
#3112=DIRECTION('ref_axis',(-1.,0.,0.));
#3113=DIRECTION('center_axis',(0.,0.,-1.));
#3114=DIRECTION('ref_axis',(-1.,0.,0.));
#3115=DIRECTION('center_axis',(0.,0.,1.));
#3116=DIRECTION('ref_axis',(0.998680424625985,0.0513557150554966,0.));
#3117=DIRECTION('center_axis',(0.,0.,1.));
#3118=DIRECTION('ref_axis',(-1.,0.,0.));
#3119=DIRECTION('center_axis',(0.,0.,-1.));
#3120=DIRECTION('ref_axis',(-0.405518452400057,0.914086858434724,0.));
#3121=DIRECTION('',(0.,0.,1.));
#3122=DIRECTION('center_axis',(0.,0.,1.));
#3123=DIRECTION('ref_axis',(1.,0.,0.));
#3124=DIRECTION('center_axis',(0.,0.,1.));
#3125=DIRECTION('ref_axis',(1.,0.,0.));
#3126=DIRECTION('center_axis',(0.,0.,1.));
#3127=DIRECTION('ref_axis',(-0.994660356498355,0.103202593041864,0.));
#3128=DIRECTION('',(0.,0.,-1.));
#3129=DIRECTION('center_axis',(0.,0.,1.));
#3130=DIRECTION('ref_axis',(1.,0.,0.));
#3131=DIRECTION('center_axis',(0.,0.,-1.));
#3132=DIRECTION('ref_axis',(0.998680424625985,0.0513557150554966,0.));
#3133=DIRECTION('center_axis',(0.0617868110534743,-0.998089369735918,-2.28657134165771E-17));
#3134=DIRECTION('ref_axis',(-0.998089369735918,-0.0617868110534743,0.));
#3135=DIRECTION('center_axis',(0.,0.,1.));
#3136=DIRECTION('ref_axis',(-1.,0.,0.));
#3137=DIRECTION('center_axis',(0.,0.,1.));
#3138=DIRECTION('ref_axis',(-0.996431318325591,-0.0844075106843304,0.));
#3139=DIRECTION('center_axis',(0.,0.,1.));
#3140=DIRECTION('ref_axis',(-0.52443160822114,-0.851452575484148,0.));
#3141=DIRECTION('center_axis',(0.536675631830166,-0.843788638344753,3.26614227865084E-16));
#3142=DIRECTION('ref_axis',(-5.55111512312578E-16,-7.40148683083438E-16,
-1.));
#3143=DIRECTION('center_axis',(0.,0.,-1.));
#3144=DIRECTION('ref_axis',(-0.52443160822114,-0.851452575484148,0.));
#3145=DIRECTION('center_axis',(0.,0.,1.));
#3146=DIRECTION('ref_axis',(-1.,0.,0.));
#3147=DIRECTION('center_axis',(0.,0.,-1.));
#3148=DIRECTION('ref_axis',(-1.,0.,0.));
#3149=DIRECTION('center_axis',(0.,0.,1.));
#3150=DIRECTION('ref_axis',(0.357451410611545,-0.933931736826529,0.));
#3151=DIRECTION('center_axis',(0.,0.,1.));
#3152=DIRECTION('ref_axis',(-1.,0.,0.));
#3153=DIRECTION('center_axis',(0.,0.,-1.));
#3154=DIRECTION('ref_axis',(0.744036169849864,0.668139340224136,0.));
#3155=DIRECTION('',(0.,0.,1.));
#3156=DIRECTION('center_axis',(0.,0.,1.));
#3157=DIRECTION('ref_axis',(0.309016994374947,-0.951056516295154,0.));
#3158=DIRECTION('center_axis',(0.,0.,1.));
#3159=DIRECTION('ref_axis',(0.309016994374947,-0.951056516295154,0.));
#3160=DIRECTION('center_axis',(0.,0.,-1.));
#3161=DIRECTION('ref_axis',(0.865358094226562,-0.501154036955278,0.));
#3162=DIRECTION('',(0.,0.,1.));
#3163=DIRECTION('center_axis',(0.,0.,1.));
#3164=DIRECTION('ref_axis',(-1.,0.,0.));
#3165=DIRECTION('center_axis',(0.,0.,1.));
#3166=DIRECTION('ref_axis',(-0.209215455178014,0.977869568661719,0.));
#3167=DIRECTION('',(0.,0.,-1.));
#3168=DIRECTION('center_axis',(0.,0.,1.));
#3169=DIRECTION('ref_axis',(1.,0.,0.));
#3170=DIRECTION('center_axis',(0.,0.,-1.));
#3171=DIRECTION('ref_axis',(0.357451410611545,-0.933931736826529,0.));
#3172=DIRECTION('center_axis',(-0.93014622428851,-0.367189326426884,0.));
#3173=DIRECTION('ref_axis',(-0.367189326426884,0.93014622428851,0.));
#3174=DIRECTION('center_axis',(0.,0.,1.));
#3175=DIRECTION('ref_axis',(-1.,0.,0.));
#3176=DIRECTION('center_axis',(0.,0.,1.));
#3177=DIRECTION('ref_axis',(-1.,0.,0.));
#3178=DIRECTION('',(0.,0.,-1.));
#3179=DIRECTION('center_axis',(0.,0.,1.));
#3180=DIRECTION('ref_axis',(-0.809016994374948,-0.587785252292473,0.));
#3181=DIRECTION('center_axis',(0.,0.,1.));
#3182=DIRECTION('ref_axis',(-0.809016994374948,-0.587785252292473,0.));
#3183=DIRECTION('center_axis',(0.,0.,-1.));
#3184=DIRECTION('ref_axis',(-0.309016994374946,0.951056516295154,0.));
#3185=DIRECTION('center_axis',(0.,0.,-1.));
#3186=DIRECTION('ref_axis',(0.809016994374948,0.587785252292473,0.));
#3187=DIRECTION('center_axis',(0.,0.,-1.));
#3188=DIRECTION('ref_axis',(0.809016994374947,-0.587785252292474,0.));
#3189=DIRECTION('center_axis',(0.,0.,-1.));
#3190=DIRECTION('ref_axis',(-0.309016994374947,-0.951056516295154,0.));
#3191=DIRECTION('center_axis',(0.,0.,-1.));
#3192=DIRECTION('ref_axis',(-1.,2.22044604925031E-16,0.));
#3193=DIRECTION('center_axis',(0.,0.,1.));
#3194=DIRECTION('ref_axis',(1.,0.,0.));
#3195=DIRECTION('center_axis',(0.,0.,1.));
#3196=DIRECTION('ref_axis',(1.,0.,0.));
#3197=DIRECTION('center_axis',(0.,0.,1.));
#3198=DIRECTION('ref_axis',(1.,0.,0.));
#3199=DIRECTION('center_axis',(0.,0.,-1.));
#3200=DIRECTION('ref_axis',(-1.,0.,0.));
#3201=DIRECTION('center_axis',(0.,0.,-1.));
#3202=DIRECTION('ref_axis',(-1.,0.,0.));
#3203=DIRECTION('center_axis',(0.,0.,1.));
#3204=DIRECTION('ref_axis',(-1.,0.,0.));
#3205=DIRECTION('center_axis',(0.,0.,1.));
#3206=DIRECTION('ref_axis',(-1.,0.,0.));
#3207=DIRECTION('',(-0.707106781186548,-8.65956056235493E-17,-0.707106781186548));
#3208=DIRECTION('center_axis',(0.,0.,-1.));
#3209=DIRECTION('ref_axis',(-1.,0.,0.));
#3210=DIRECTION('center_axis',(0.,0.,-1.));
#3211=DIRECTION('ref_axis',(-1.,0.,0.));
#3212=DIRECTION('center_axis',(0.,0.,1.));
#3213=DIRECTION('ref_axis',(1.,0.,0.));
#3214=DIRECTION('',(0.,0.,-1.));
#3215=DIRECTION('center_axis',(0.,0.,1.));
#3216=DIRECTION('ref_axis',(1.,0.,0.));
#3217=DIRECTION('center_axis',(0.,0.,-1.));
#3218=DIRECTION('ref_axis',(-1.,0.,0.));
#3219=DIRECTION('center_axis',(0.,0.,-1.));
#3220=DIRECTION('ref_axis',(-1.,0.,0.));
#3221=DIRECTION('center_axis',(0.,0.,1.));
#3222=DIRECTION('ref_axis',(1.,0.,0.));
#3223=DIRECTION('center_axis',(0.,0.,1.));
#3224=DIRECTION('ref_axis',(-1.,0.,0.));
#3225=DIRECTION('',(0.,0.,-1.));
#3226=DIRECTION('center_axis',(0.,0.,1.));
#3227=DIRECTION('ref_axis',(1.,0.,0.));
#3228=DIRECTION('center_axis',(0.,0.,1.));
#3229=DIRECTION('ref_axis',(-1.,0.,0.));
#3230=DIRECTION('center_axis',(0.,0.,1.));
#3231=DIRECTION('ref_axis',(-1.,0.,0.));
#3232=DIRECTION('',(-0.707106781186548,-8.65956056235493E-17,-0.707106781186548));
#3233=DIRECTION('center_axis',(0.,0.,-1.));
#3234=DIRECTION('ref_axis',(-1.,0.,0.));
#3235=DIRECTION('center_axis',(0.,0.,-1.));
#3236=DIRECTION('ref_axis',(-1.,0.,0.));
#3237=DIRECTION('center_axis',(0.,0.,1.));
#3238=DIRECTION('ref_axis',(1.,0.,0.));
#3239=DIRECTION('',(0.,0.,-1.));
#3240=DIRECTION('center_axis',(0.,0.,1.));
#3241=DIRECTION('ref_axis',(1.,0.,0.));
#3242=DIRECTION('center_axis',(0.,0.,-1.));
#3243=DIRECTION('ref_axis',(-1.,0.,0.));
#3244=DIRECTION('center_axis',(0.,0.,-1.));
#3245=DIRECTION('ref_axis',(-1.,0.,0.));
#3246=DIRECTION('center_axis',(0.,0.,1.));
#3247=DIRECTION('ref_axis',(1.,0.,0.));
#3248=DIRECTION('center_axis',(0.,0.,1.));
#3249=DIRECTION('ref_axis',(-1.,0.,0.));
#3250=DIRECTION('',(0.,0.,-1.));
#3251=DIRECTION('center_axis',(0.,0.,1.));
#3252=DIRECTION('ref_axis',(-0.309016994374948,0.951056516295154,0.));
#3253=DIRECTION('center_axis',(0.,0.,1.));
#3254=DIRECTION('ref_axis',(-1.,0.,0.));
#3255=DIRECTION('center_axis',(0.,0.,1.));
#3256=DIRECTION('ref_axis',(-1.,0.,0.));
#3257=DIRECTION('',(-0.707106781186548,-8.65956056235493E-17,-0.707106781186548));
#3258=DIRECTION('center_axis',(0.,0.,-1.));
#3259=DIRECTION('ref_axis',(-1.,0.,0.));
#3260=DIRECTION('center_axis',(0.,0.,-1.));
#3261=DIRECTION('ref_axis',(-1.,0.,0.));
#3262=DIRECTION('center_axis',(0.,0.,1.));
#3263=DIRECTION('ref_axis',(1.,0.,0.));
#3264=DIRECTION('',(0.,0.,-1.));
#3265=DIRECTION('center_axis',(0.,0.,1.));
#3266=DIRECTION('ref_axis',(1.,0.,0.));
#3267=DIRECTION('center_axis',(0.,0.,-1.));
#3268=DIRECTION('ref_axis',(-1.,0.,0.));
#3269=DIRECTION('center_axis',(0.,0.,-1.));
#3270=DIRECTION('ref_axis',(-1.,0.,0.));
#3271=DIRECTION('center_axis',(0.,0.,1.));
#3272=DIRECTION('ref_axis',(1.,0.,0.));
#3273=DIRECTION('center_axis',(0.,0.,1.));
#3274=DIRECTION('ref_axis',(-1.,0.,0.));
#3275=DIRECTION('',(0.,0.,-1.));
#3276=DIRECTION('center_axis',(0.,0.,1.));
#3277=DIRECTION('ref_axis',(-0.309016994374947,-0.951056516295154,0.));
#3278=DIRECTION('center_axis',(0.,0.,1.));
#3279=DIRECTION('ref_axis',(1.,0.,0.));
#3280=DIRECTION('center_axis',(0.,0.,1.));
#3281=DIRECTION('ref_axis',(1.,0.,0.));
#3282=DIRECTION('center_axis',(0.,0.,-1.));
#3283=DIRECTION('ref_axis',(-1.,0.,0.));
#3284=DIRECTION('center_axis',(0.,0.,-1.));
#3285=DIRECTION('ref_axis',(-1.,0.,0.));
#3286=DIRECTION('center_axis',(0.,0.,1.));
#3287=DIRECTION('ref_axis',(-1.,0.,0.));
#3288=DIRECTION('center_axis',(0.,0.,1.));
#3289=DIRECTION('ref_axis',(-1.,0.,0.));
#3290=DIRECTION('',(-0.707106781186548,-8.65956056235493E-17,-0.707106781186548));
#3291=DIRECTION('center_axis',(0.,0.,-1.));
#3292=DIRECTION('ref_axis',(-1.,0.,0.));
#3293=DIRECTION('center_axis',(0.,0.,-1.));
#3294=DIRECTION('ref_axis',(-1.,0.,0.));
#3295=DIRECTION('center_axis',(0.,0.,1.));
#3296=DIRECTION('ref_axis',(1.,0.,0.));
#3297=DIRECTION('',(0.,0.,-1.));
#3298=DIRECTION('center_axis',(0.,0.,1.));
#3299=DIRECTION('ref_axis',(1.,0.,0.));
#3300=DIRECTION('center_axis',(0.,0.,-1.));
#3301=DIRECTION('ref_axis',(-1.,0.,0.));
#3302=DIRECTION('center_axis',(0.,0.,-1.));
#3303=DIRECTION('ref_axis',(-1.,0.,0.));
#3304=DIRECTION('center_axis',(0.,0.,1.));
#3305=DIRECTION('ref_axis',(1.,0.,0.));
#3306=DIRECTION('center_axis',(0.,0.,1.));
#3307=DIRECTION('ref_axis',(-1.,0.,0.));
#3308=DIRECTION('',(0.,0.,-1.));
#3309=DIRECTION('center_axis',(0.,0.,1.));
#3310=DIRECTION('ref_axis',(1.,0.,0.));
#3311=DIRECTION('center_axis',(0.,0.,1.));
#3312=DIRECTION('ref_axis',(-1.,0.,0.));
#3313=DIRECTION('center_axis',(0.,0.,1.));
#3314=DIRECTION('ref_axis',(-1.,0.,0.));
#3315=DIRECTION('',(-0.707106781186548,-8.65956056235493E-17,-0.707106781186548));
#3316=DIRECTION('center_axis',(0.,0.,-1.));
#3317=DIRECTION('ref_axis',(-1.,0.,0.));
#3318=DIRECTION('center_axis',(0.,0.,-1.));
#3319=DIRECTION('ref_axis',(-1.,0.,0.));
#3320=DIRECTION('center_axis',(0.,0.,1.));
#3321=DIRECTION('ref_axis',(1.,0.,0.));
#3322=DIRECTION('',(0.,0.,-1.));
#3323=DIRECTION('center_axis',(0.,0.,1.));
#3324=DIRECTION('ref_axis',(1.,0.,0.));
#3325=DIRECTION('center_axis',(0.,0.,-1.));
#3326=DIRECTION('ref_axis',(-1.,0.,0.));
#3327=DIRECTION('center_axis',(0.,0.,-1.));
#3328=DIRECTION('ref_axis',(-1.,0.,0.));
#3329=DIRECTION('center_axis',(0.,0.,1.));
#3330=DIRECTION('ref_axis',(1.,0.,0.));
#3331=DIRECTION('center_axis',(0.,0.,1.));
#3332=DIRECTION('ref_axis',(-1.,0.,0.));
#3333=DIRECTION('',(0.,0.,-1.));
#3334=DIRECTION('center_axis',(0.,0.,1.));
#3335=DIRECTION('ref_axis',(-1.,-1.22464679914735E-16,0.));
#3336=DIRECTION('center_axis',(0.,0.,1.));
#3337=DIRECTION('ref_axis',(0.309016994374947,-0.951056516295154,0.));
#3338=DIRECTION('center_axis',(0.,0.,-1.));
#3339=DIRECTION('ref_axis',(-0.309016994374947,0.951056516295154,0.));
#3340=DIRECTION('center_axis',(0.,0.,-1.));
#3341=DIRECTION('ref_axis',(-0.309016994374947,0.951056516295154,0.));
#3342=DIRECTION('center_axis',(0.,0.,1.));
#3343=DIRECTION('ref_axis',(-0.309016994374947,0.951056516295154,0.));
#3344=DIRECTION('center_axis',(0.,0.,1.));
#3345=DIRECTION('ref_axis',(-0.309016994374947,0.951056516295154,0.));
#3346=DIRECTION('',(-0.218508012224411,0.672498511963958,-0.707106781186547));
#3347=DIRECTION('center_axis',(0.,0.,-1.));
#3348=DIRECTION('ref_axis',(-0.309016994374947,0.951056516295154,0.));
#3349=DIRECTION('center_axis',(0.,0.,-1.));
#3350=DIRECTION('ref_axis',(-0.309016994374947,0.951056516295154,0.));
#3351=DIRECTION('center_axis',(0.,0.,1.));
#3352=DIRECTION('ref_axis',(0.309016994374947,-0.951056516295154,0.));
#3353=DIRECTION('',(0.,0.,-1.));
#3354=DIRECTION('center_axis',(0.,0.,1.));
#3355=DIRECTION('ref_axis',(0.309016994374947,-0.951056516295154,0.));
#3356=DIRECTION('center_axis',(0.,0.,-1.));
#3357=DIRECTION('ref_axis',(-0.309016994374947,0.951056516295154,0.));
#3358=DIRECTION('center_axis',(0.,0.,-1.));
#3359=DIRECTION('ref_axis',(-0.309016994374947,0.951056516295154,0.));
#3360=DIRECTION('center_axis',(0.,0.,1.));
#3361=DIRECTION('ref_axis',(0.309016994374947,-0.951056516295154,0.));
#3362=DIRECTION('center_axis',(0.,0.,1.));
#3363=DIRECTION('ref_axis',(-0.309016994374947,0.951056516295154,0.));
#3364=DIRECTION('',(0.,0.,-1.));
#3365=DIRECTION('center_axis',(0.,0.,1.));
#3366=DIRECTION('ref_axis',(-0.809016994374947,-0.587785252292473,0.));
#3367=DIRECTION('center_axis',(0.,0.,-1.));
#3368=DIRECTION('ref_axis',(0.809016994374948,0.587785252292473,0.));
#3369=DIRECTION('center_axis',(0.,0.,-1.));
#3370=DIRECTION('ref_axis',(0.809016994374948,0.587785252292473,0.));
#3371=DIRECTION('center_axis',(0.,0.,1.));
#3372=DIRECTION('ref_axis',(0.809016994374947,0.587785252292473,0.));
#3373=DIRECTION('center_axis',(0.,0.,1.));
#3374=DIRECTION('ref_axis',(0.809016994374947,0.587785252292473,0.));
#3375=DIRECTION('',(0.572061402817685,0.415626937777454,-0.707106781186547));
#3376=DIRECTION('center_axis',(0.,0.,-1.));
#3377=DIRECTION('ref_axis',(0.809016994374947,0.587785252292473,0.));
#3378=DIRECTION('center_axis',(0.,0.,-1.));
#3379=DIRECTION('ref_axis',(0.809016994374947,0.587785252292473,0.));
#3380=DIRECTION('center_axis',(0.,0.,1.));
#3381=DIRECTION('ref_axis',(-0.809016994374947,-0.587785252292473,0.));
#3382=DIRECTION('',(0.,0.,-1.));
#3383=DIRECTION('center_axis',(0.,0.,1.));
#3384=DIRECTION('ref_axis',(-0.809016994374947,-0.587785252292473,0.));
#3385=DIRECTION('center_axis',(0.,0.,-1.));
#3386=DIRECTION('ref_axis',(0.809016994374947,0.587785252292473,0.));
#3387=DIRECTION('center_axis',(0.,0.,-1.));
#3388=DIRECTION('ref_axis',(0.809016994374948,0.587785252292473,0.));
#3389=DIRECTION('center_axis',(0.,0.,1.));
#3390=DIRECTION('ref_axis',(-0.809016994374947,-0.587785252292473,0.));
#3391=DIRECTION('center_axis',(0.,0.,1.));
#3392=DIRECTION('ref_axis',(0.809016994374948,0.587785252292473,0.));
#3393=DIRECTION('',(0.,0.,-1.));
#3394=DIRECTION('center_axis',(0.,0.,1.));
#3395=DIRECTION('ref_axis',(-0.809016994374947,0.587785252292473,0.));
#3396=DIRECTION('center_axis',(0.,0.,-1.));
#3397=DIRECTION('ref_axis',(0.809016994374947,-0.587785252292473,0.));
#3398=DIRECTION('center_axis',(0.,0.,-1.));
#3399=DIRECTION('ref_axis',(0.809016994374947,-0.587785252292473,0.));
#3400=DIRECTION('center_axis',(0.,0.,1.));
#3401=DIRECTION('ref_axis',(0.809016994374947,-0.587785252292473,0.));
#3402=DIRECTION('center_axis',(0.,0.,1.));
#3403=DIRECTION('ref_axis',(0.809016994374947,-0.587785252292473,0.));
#3404=DIRECTION('',(0.572061402817684,-0.415626937777454,-0.707106781186547));
#3405=DIRECTION('center_axis',(0.,0.,-1.));
#3406=DIRECTION('ref_axis',(0.809016994374947,-0.587785252292473,0.));
#3407=DIRECTION('center_axis',(0.,0.,-1.));
#3408=DIRECTION('ref_axis',(0.809016994374947,-0.587785252292473,0.));
#3409=DIRECTION('center_axis',(0.,0.,1.));
#3410=DIRECTION('ref_axis',(-0.809016994374947,0.587785252292473,0.));
#3411=DIRECTION('',(0.,0.,-1.));
#3412=DIRECTION('center_axis',(0.,0.,1.));
#3413=DIRECTION('ref_axis',(-0.809016994374947,0.587785252292473,0.));
#3414=DIRECTION('center_axis',(0.,0.,-1.));
#3415=DIRECTION('ref_axis',(0.809016994374947,-0.587785252292473,0.));
#3416=DIRECTION('center_axis',(0.,0.,-1.));
#3417=DIRECTION('ref_axis',(0.809016994374947,-0.587785252292473,0.));
#3418=DIRECTION('center_axis',(0.,0.,1.));
#3419=DIRECTION('ref_axis',(-0.809016994374947,0.587785252292473,0.));
#3420=DIRECTION('center_axis',(0.,0.,1.));
#3421=DIRECTION('ref_axis',(0.809016994374947,-0.587785252292473,0.));
#3422=DIRECTION('',(0.,0.,-1.));
#3423=DIRECTION('center_axis',(0.,0.,1.));
#3424=DIRECTION('ref_axis',(0.309016994374948,0.951056516295154,0.));
#3425=DIRECTION('center_axis',(0.,0.,-1.));
#3426=DIRECTION('ref_axis',(-0.309016994374948,-0.951056516295154,0.));
#3427=DIRECTION('center_axis',(0.,0.,-1.));
#3428=DIRECTION('ref_axis',(-0.309016994374948,-0.951056516295154,0.));
#3429=DIRECTION('center_axis',(0.,0.,1.));
#3430=DIRECTION('ref_axis',(-0.309016994374948,-0.951056516295154,0.));
#3431=DIRECTION('center_axis',(0.,0.,1.));
#3432=DIRECTION('ref_axis',(-0.309016994374948,-0.951056516295154,0.));
#3433=DIRECTION('',(-0.21850801222441,-0.672498511963957,-0.707106781186548));
#3434=DIRECTION('center_axis',(0.,0.,-1.));
#3435=DIRECTION('ref_axis',(-0.309016994374948,-0.951056516295154,0.));
#3436=DIRECTION('center_axis',(0.,0.,-1.));
#3437=DIRECTION('ref_axis',(-0.309016994374948,-0.951056516295154,0.));
#3438=DIRECTION('center_axis',(0.,0.,1.));
#3439=DIRECTION('ref_axis',(0.309016994374947,0.951056516295154,0.));
#3440=DIRECTION('',(0.,0.,-1.));
#3441=DIRECTION('center_axis',(0.,0.,1.));
#3442=DIRECTION('ref_axis',(0.309016994374947,0.951056516295154,0.));
#3443=DIRECTION('center_axis',(0.,0.,-1.));
#3444=DIRECTION('ref_axis',(-0.309016994374948,-0.951056516295154,0.));
#3445=DIRECTION('center_axis',(0.,0.,-1.));
#3446=DIRECTION('ref_axis',(-0.309016994374948,-0.951056516295154,0.));
#3447=DIRECTION('center_axis',(0.,0.,1.));
#3448=DIRECTION('ref_axis',(0.309016994374948,0.951056516295154,0.));
#3449=DIRECTION('center_axis',(0.,0.,1.));
#3450=DIRECTION('ref_axis',(-0.309016994374948,-0.951056516295154,0.));
#3451=DIRECTION('',(0.,0.,-1.));
#3452=DIRECTION('center_axis',(0.,0.,1.));
#3453=DIRECTION('ref_axis',(1.,0.,0.));
#3454=DIRECTION('center_axis',(0.,0.,-1.));
#3455=DIRECTION('ref_axis',(-1.,0.,0.));
#3456=DIRECTION('center_axis',(0.,0.,-1.));
#3457=DIRECTION('ref_axis',(-1.,0.,0.));
#3458=DIRECTION('center_axis',(0.,0.,1.));
#3459=DIRECTION('ref_axis',(-1.,0.,0.));
#3460=DIRECTION('center_axis',(0.,0.,1.));
#3461=DIRECTION('ref_axis',(-1.,0.,0.));
#3462=DIRECTION('',(-0.707106781186548,-8.65956056235494E-17,-0.707106781186547));
#3463=DIRECTION('center_axis',(0.,0.,-1.));
#3464=DIRECTION('ref_axis',(-1.,0.,0.));
#3465=DIRECTION('center_axis',(0.,0.,-1.));
#3466=DIRECTION('ref_axis',(-1.,0.,0.));
#3467=DIRECTION('center_axis',(0.,0.,1.));
#3468=DIRECTION('ref_axis',(1.,0.,0.));
#3469=DIRECTION('',(0.,0.,-1.));
#3470=DIRECTION('center_axis',(0.,0.,1.));
#3471=DIRECTION('ref_axis',(1.,0.,0.));
#3472=DIRECTION('center_axis',(0.,0.,-1.));
#3473=DIRECTION('ref_axis',(-1.,0.,0.));
#3474=DIRECTION('center_axis',(0.,0.,-1.));
#3475=DIRECTION('ref_axis',(-1.,0.,0.));
#3476=DIRECTION('center_axis',(0.,0.,1.));
#3477=DIRECTION('ref_axis',(1.,0.,0.));
#3478=DIRECTION('center_axis',(0.,0.,1.));
#3479=DIRECTION('ref_axis',(-1.,0.,0.));
#3480=DIRECTION('',(0.,0.,-1.));
#3481=CARTESIAN_POINT('',(0.,0.,0.));
#3482=CARTESIAN_POINT('Ctrl Pts',(-6.85,0.,94.8));
#3483=CARTESIAN_POINT('Ctrl Pts',(-6.85,-6.85,94.8));
#3484=CARTESIAN_POINT('Ctrl Pts',(0.,-6.85,94.8));
#3485=CARTESIAN_POINT('Ctrl Pts',(6.85,-6.85,94.8));
#3486=CARTESIAN_POINT('Ctrl Pts',(6.85,0.,94.8));
#3487=CARTESIAN_POINT('Ctrl Pts',(6.85,6.85,94.8));
#3488=CARTESIAN_POINT('Ctrl Pts',(0.,6.85,94.8));
#3489=CARTESIAN_POINT('Ctrl Pts',(-6.85,6.85,94.8));
#3490=CARTESIAN_POINT('Ctrl Pts',(-6.85,0.,94.8));
#3491=CARTESIAN_POINT('Ctrl Pts',(-6.85,0.,99.3));
#3492=CARTESIAN_POINT('Ctrl Pts',(-6.85,-6.85,99.3));
#3493=CARTESIAN_POINT('Ctrl Pts',(0.,-6.85,99.3));
#3494=CARTESIAN_POINT('Ctrl Pts',(6.85,-6.85,99.3));
#3495=CARTESIAN_POINT('Ctrl Pts',(6.85,0.,99.3));
#3496=CARTESIAN_POINT('Ctrl Pts',(6.85,6.85,99.3));
#3497=CARTESIAN_POINT('Ctrl Pts',(0.,6.85,99.3));
#3498=CARTESIAN_POINT('Ctrl Pts',(-6.85,6.85,99.3));
#3499=CARTESIAN_POINT('Ctrl Pts',(-6.85,0.,99.3));
#3500=CARTESIAN_POINT('Ctrl Pts',(-2.35,0.,99.3));
#3501=CARTESIAN_POINT('Ctrl Pts',(-2.35,-2.35,99.3));
#3502=CARTESIAN_POINT('Ctrl Pts',(0.,-2.35,99.3));
#3503=CARTESIAN_POINT('Ctrl Pts',(2.35,-2.35,99.3));
#3504=CARTESIAN_POINT('Ctrl Pts',(2.35,0.,99.3));
#3505=CARTESIAN_POINT('Ctrl Pts',(2.35,2.35,99.3));
#3506=CARTESIAN_POINT('Ctrl Pts',(0.,2.35,99.3));
#3507=CARTESIAN_POINT('Ctrl Pts',(-2.35,2.35,99.3));
#3508=CARTESIAN_POINT('Ctrl Pts',(-2.35,0.,99.3));
#3509=CARTESIAN_POINT('',(-2.35,-2.87791997799628E-16,99.3));
#3510=CARTESIAN_POINT('Origin',(0.,0.,99.3));
#3511=CARTESIAN_POINT('',(-6.85,-8.38883057415937E-16,94.8));
#3512=CARTESIAN_POINT('Origin',(-2.35,-2.87791997799628E-16,94.8));
#3513=CARTESIAN_POINT('',(6.85,-8.38883057415937E-16,94.8));
#3514=CARTESIAN_POINT('Origin',(0.,0.,94.8));
#3515=CARTESIAN_POINT('Origin',(0.,0.,94.8));
#3516=CARTESIAN_POINT('Origin',(0.,0.,-3.7));
#3517=CARTESIAN_POINT('',(6.85,8.38883057415937E-16,-0.760612308660185));
#3518=CARTESIAN_POINT('',(6.85,8.38883057415937E-16,-3.7));
#3519=CARTESIAN_POINT('',(-6.85,-4.61757825114753E-15,-0.760612308660185));
#3520=CARTESIAN_POINT('Origin',(0.,0.,-0.760612308660185));
#3521=CARTESIAN_POINT('Origin',(0.,0.,-0.760612308660185));
#3522=CARTESIAN_POINT('Origin',(0.,0.,99.3));
#3523=CARTESIAN_POINT('Origin',(-7.21554039615102E-16,-2.97248467101782E-16,
100.75));
#3524=CARTESIAN_POINT('',(-4.05,-7.9323042075646E-16,101.3));
#3525=CARTESIAN_POINT('Origin',(-7.21554039615102E-16,-2.97248467101782E-16,
101.3));
#3526=CARTESIAN_POINT('',(-4.05,-7.9323042075646E-16,100.2));
#3527=CARTESIAN_POINT('',(-4.05,-7.9323042075646E-16,100.75));
#3528=CARTESIAN_POINT('Origin',(-7.21554039615102E-16,-2.97248467101782E-16,
100.2));
#3529=CARTESIAN_POINT('Origin',(-7.21554039615102E-16,-2.97248467101782E-16,
100.2));
#3530=CARTESIAN_POINT('Origin',(0.,0.,87.6397459621556));
#3531=CARTESIAN_POINT('',(-7.45,0.,87.6397459621556));
#3532=CARTESIAN_POINT('Origin',(0.,0.,87.6397459621556));
#3533=CARTESIAN_POINT('',(-12.45,0.,96.3));
#3534=CARTESIAN_POINT('Origin',(-17.45,0.,87.6397459621556));
#3535=CARTESIAN_POINT('Origin',(0.,0.,96.3));
#3536=CARTESIAN_POINT('Origin',(0.,0.,-3.7));
#3537=CARTESIAN_POINT('',(-7.45,-9.12361865364778E-16,54.));
#3538=CARTESIAN_POINT('',(-7.45,-9.12361865364778E-16,-3.7));
#3539=CARTESIAN_POINT('',(-6.13486089535377,-4.22681698144824,54.));
#3540=CARTESIAN_POINT('Origin',(0.,0.,54.));
#3541=CARTESIAN_POINT('',(-6.13486089535377,-4.22681698144824,33.8));
#3542=CARTESIAN_POINT('',(-6.13486089535377,-4.22681698144824,35.));
#3543=CARTESIAN_POINT('',(-7.45029999664249,5.31603501906081E-5,27.8838153002663));
#3544=CARTESIAN_POINT('Ctrl Pts',(-7.45029999664249,5.31603501906194E-5,
27.8838153002663));
#3545=CARTESIAN_POINT('Ctrl Pts',(-7.45040796163264,-0.319412743445321,
27.8836466647439));
#3546=CARTESIAN_POINT('Ctrl Pts',(-7.38948204641266,-1.27861475274702,27.9982859976161));
#3547=CARTESIAN_POINT('Ctrl Pts',(-6.98920075963834,-2.74773117039289,28.8952356545967));
#3548=CARTESIAN_POINT('Ctrl Pts',(-6.34510314913967,-3.94182540463285,30.9937813306869));
#3549=CARTESIAN_POINT('Ctrl Pts',(-6.13486089535377,-4.22681698144824,32.8616675863557));
#3550=CARTESIAN_POINT('Ctrl Pts',(-6.13486089535377,-4.22681698144824,33.8));
#3551=CARTESIAN_POINT('',(-7.45,3.19152039865434E-12,1.30020006174042));
#3552=CARTESIAN_POINT('',(-7.45,-9.12361865364778E-16,-3.7));
#3553=CARTESIAN_POINT('',(-7.43904740272605,-0.403823897255742,1.33193805846562));
#3554=CARTESIAN_POINT('Ctrl Pts',(-7.45,3.19173507068449E-12,1.30020006174039));
#3555=CARTESIAN_POINT('Ctrl Pts',(-7.45,-0.136400816817532,1.30177159057241));
#3556=CARTESIAN_POINT('Ctrl Pts',(-7.44624665945224,-0.271202691788558,
1.31256925321264));
#3557=CARTESIAN_POINT('Ctrl Pts',(-7.43904740272605,-0.403823897255742,
1.33193805846562));
#3558=CARTESIAN_POINT('',(-7.43904740272605,-0.403823897255742,18.));
#3559=CARTESIAN_POINT('',(-7.43904740272605,-0.403823897255741,0.));
#3560=CARTESIAN_POINT('',(-2.68285141832394,-6.9501660604044,18.));
#3561=CARTESIAN_POINT('Origin',(0.,0.,18.));
#3562=CARTESIAN_POINT('',(-2.68285141832394,-6.9501660604044,1.33193805846562));
#3563=CARTESIAN_POINT('',(-2.68285141832394,-6.9501660604044,0.));
#3564=CARTESIAN_POINT('',(-2.3021766080935,-7.08537104639885,1.30020006174042));
#3565=CARTESIAN_POINT('Ctrl Pts',(-2.68285141832394,-6.9501660604044,1.33193805846562));
#3566=CARTESIAN_POINT('Ctrl Pts',(-2.55749372750963,-6.99855570400083,1.31234225885572));
#3567=CARTESIAN_POINT('Ctrl Pts',(-2.43038622602651,-7.04371321628592,1.30175323413375));
#3568=CARTESIAN_POINT('Ctrl Pts',(-2.3021766080935,-7.08537104639885,1.30020006174042));
#3569=CARTESIAN_POINT('',(-1.91473272048239,-7.19974295437789,1.33193805846562));
#3570=CARTESIAN_POINT('Ctrl Pts',(-2.3021766080935,-7.08537104639885,1.30020006174042));
#3571=CARTESIAN_POINT('Ctrl Pts',(-2.17341331984953,-7.12720877490104,1.3017599414733));
#3572=CARTESIAN_POINT('Ctrl Pts',(-2.04403631835584,-7.16535536147448,1.31242610258732));
#3573=CARTESIAN_POINT('Ctrl Pts',(-1.91473272048239,-7.1997429543779,1.33193805846562));
#3574=CARTESIAN_POINT('',(-1.91473272048239,-7.1997429543779,18.));
#3575=CARTESIAN_POINT('',(-1.91473272048239,-7.1997429543779,0.));
#3576=CARTESIAN_POINT('',(5.78095403943599,-4.69926275004162,18.));
#3577=CARTESIAN_POINT('Origin',(0.,0.,18.));
#3578=CARTESIAN_POINT('',(5.78095403943599,-4.69926275004162,1.33193805846562));
#3579=CARTESIAN_POINT('',(5.78095403943599,-4.69926275004162,0.));
#3580=CARTESIAN_POINT('',(6.02717660809327,-4.37900012957904,1.30020006174042));
#3581=CARTESIAN_POINT('Ctrl Pts',(5.78095403943599,-4.69926275004162,1.33193805846562));
#3582=CARTESIAN_POINT('Ctrl Pts',(5.8657129821368,-4.594993723548,1.31234225885572));
#3583=CARTESIAN_POINT('Ctrl Pts',(5.94793870652603,-4.48806174471226,1.30175323413375));
#3584=CARTESIAN_POINT('Ctrl Pts',(6.02717660809327,-4.37900012957904,1.30020006174042));
#3585=CARTESIAN_POINT('',(6.25567750209639,-4.04586195881238,1.33193805846562));
#3586=CARTESIAN_POINT('Ctrl Pts',(6.02717660809327,-4.37900012957904,1.30020006174042));
#3587=CARTESIAN_POINT('Ctrl Pts',(6.10651768476517,-4.26979650609713,1.3017552565084));
#3588=CARTESIAN_POINT('Ctrl Pts',(6.18279888580681,-4.15854625821454,1.31236781426814));
#3589=CARTESIAN_POINT('Ctrl Pts',(6.25567750209639,-4.04586195881238,1.33193805846562));
#3590=CARTESIAN_POINT('',(6.25567750209639,-4.04586195881238,18.));
#3591=CARTESIAN_POINT('',(6.25567750209639,-4.04586195881238,0.));
#3592=CARTESIAN_POINT('',(6.25567750209639,4.04586195881238,18.));
#3593=CARTESIAN_POINT('Origin',(0.,0.,18.));
#3594=CARTESIAN_POINT('',(6.25567750209639,4.04586195881238,1.33193805846562));
#3595=CARTESIAN_POINT('',(6.25567750209639,4.04586195881238,0.));
#3596=CARTESIAN_POINT('',(6.02717660809344,4.37900012957882,1.30020006174042));
#3597=CARTESIAN_POINT('Ctrl Pts',(6.25567750209639,4.04586195881238,1.33193805846562));
#3598=CARTESIAN_POINT('Ctrl Pts',(6.18270371872168,4.15869340475574,1.31234225885572));
#3599=CARTESIAN_POINT('Ctrl Pts',(6.10641450966067,4.2699385144456,1.30175323413375));
#3600=CARTESIAN_POINT('Ctrl Pts',(6.02717660809344,4.37900012957882,1.30020006174042));
#3601=CARTESIAN_POINT('',(5.78095403943599,4.69926275004162,1.33193805846562));
#3602=CARTESIAN_POINT('Ctrl Pts',(6.02717660809344,4.37900012957882,1.30020006174042));
#3603=CARTESIAN_POINT('Ctrl Pts',(5.94759651945546,4.48853272480962,1.3017599414733));
#3604=CARTESIAN_POINT('Ctrl Pts',(5.86535032757897,4.59543985508874,1.31242610258733));
#3605=CARTESIAN_POINT('Ctrl Pts',(5.78095403943599,4.69926275004162,1.33193805846562));
#3606=CARTESIAN_POINT('',(5.78095403943599,4.69926275004162,18.));
#3607=CARTESIAN_POINT('',(5.78095403943599,4.69926275004162,0.));
#3608=CARTESIAN_POINT('',(-1.91473272048238,7.1997429543779,18.));
#3609=CARTESIAN_POINT('Origin',(0.,0.,18.));
#3610=CARTESIAN_POINT('',(-1.91473272048238,7.1997429543779,1.33193805846562));
#3611=CARTESIAN_POINT('',(-1.91473272048238,7.1997429543779,0.));
#3612=CARTESIAN_POINT('',(-2.30217660809322,7.08537104639894,1.30020006174042));
#3613=CARTESIAN_POINT('Ctrl Pts',(-1.91473272048238,7.1997429543779,1.33193805846562));
#3614=CARTESIAN_POINT('Ctrl Pts',(-2.04459194159643,7.16520759647706,1.31234225885572));
#3615=CARTESIAN_POINT('Ctrl Pts',(-2.17396699016022,7.12702887651187,1.30175323413375));
#3616=CARTESIAN_POINT('Ctrl Pts',(-2.30217660809323,7.08537104639894,1.30020006174042));
#3617=CARTESIAN_POINT('',(-2.68285141832394,6.9501660604044,1.33193805846562));
#3618=CARTESIAN_POINT('Ctrl Pts',(-2.30217660809323,7.08537104639894,1.30020006174042));
#3619=CARTESIAN_POINT('Ctrl Pts',(-2.43128934389255,7.04341977550322,1.30176417479295));
#3620=CARTESIAN_POINT('Ctrl Pts',(-2.55836469264062,6.99821950051783,1.31247840732865));
#3621=CARTESIAN_POINT('Ctrl Pts',(-2.68285141832394,6.9501660604044,1.33193805846562));
#3622=CARTESIAN_POINT('',(-2.68285141832394,6.9501660604044,18.));
#3623=CARTESIAN_POINT('',(-2.68285141832394,6.9501660604044,0.));
#3624=CARTESIAN_POINT('',(-7.43904740272605,0.403823897255743,18.));
#3625=CARTESIAN_POINT('Origin',(0.,0.,18.));
#3626=CARTESIAN_POINT('',(-7.43904740272605,0.403823897255743,1.33193805846562));
#3627=CARTESIAN_POINT('',(-7.43904740272605,0.403823897255743,0.));
#3628=CARTESIAN_POINT('Ctrl Pts',(-7.43904740272605,0.403823897255743,1.33193805846562));
#3629=CARTESIAN_POINT('Ctrl Pts',(-7.44629710406239,0.270273425718167,1.31243353755931));
#3630=CARTESIAN_POINT('Ctrl Pts',(-7.45,0.135447620709267,1.30176060841583));
#3631=CARTESIAN_POINT('Ctrl Pts',(-7.45,3.19036463913847E-12,1.30020006174046));
#3632=CARTESIAN_POINT('',(-6.13486089535376,4.22681698144824,33.8));
#3633=CARTESIAN_POINT('Ctrl Pts',(-6.13486089535376,4.22681698144824,33.8));
#3634=CARTESIAN_POINT('Ctrl Pts',(-6.13486089535376,4.22681698144824,32.8616675863557));
#3635=CARTESIAN_POINT('Ctrl Pts',(-6.34515670088358,3.94203932410058,30.9937338909038));
#3636=CARTESIAN_POINT('Ctrl Pts',(-6.88185965619073,2.94629737008316,29.2448953047409));
#3637=CARTESIAN_POINT('Ctrl Pts',(-7.23064817443401,1.86740995582658,28.3553514305489));
#3638=CARTESIAN_POINT('Ctrl Pts',(-7.409145091044,0.957877478063876,27.9610812905705));
#3639=CARTESIAN_POINT('Ctrl Pts',(-7.45019203563003,0.319507295692021,27.8839839295823));
#3640=CARTESIAN_POINT('Ctrl Pts',(-7.45029999664249,5.31603501906305E-5,
27.8838153002663));
#3641=CARTESIAN_POINT('',(-6.13486089535376,4.22681698144824,54.));
#3642=CARTESIAN_POINT('',(-6.13486089535376,4.22681698144824,35.));
#3643=CARTESIAN_POINT('Origin',(0.,0.,54.));
#3644=CARTESIAN_POINT('',(2.47874603663284,-7.02554752925898,54.));
#3645=CARTESIAN_POINT('',(2.47874603663284,-7.02554752925898,33.8));
#3646=CARTESIAN_POINT('',(2.47874603663284,-7.02554752925898,35.));
#3647=CARTESIAN_POINT('',(7.44766740830217,-0.186413989050498,54.));
#3648=CARTESIAN_POINT('Origin',(0.,0.,54.));
#3649=CARTESIAN_POINT('',(7.44766740830217,-0.186413989050498,33.8));
#3650=CARTESIAN_POINT('',(7.44766740830217,-0.186413989050498,35.));
#3651=CARTESIAN_POINT('Ctrl Pts',(2.47874603663284,-7.02554752925899,33.8));
#3652=CARTESIAN_POINT('Ctrl Pts',(2.47874603663284,-7.02554752925899,32.8616675863557));
#3653=CARTESIAN_POINT('Ctrl Pts',(2.81611101799564,-6.91820793674529,30.9943182786537));
#3654=CARTESIAN_POINT('Ctrl Pts',(4.04001068487384,-6.33241193133762,28.8935385365647));
#3655=CARTESIAN_POINT('Ctrl Pts',(5.10754079966952,-5.47309256671024,28.0883245932309));
#3656=CARTESIAN_POINT('Ctrl Pts',(5.7375128131279,-4.76021290592023,27.9035561885022));
#3657=CARTESIAN_POINT('Ctrl Pts',(6.12950936603799,-4.25613983216697,27.8643388113427));
#3658=CARTESIAN_POINT('Ctrl Pts',(6.47131823063418,-3.71478409977649,27.9423828394389));
#3659=CARTESIAN_POINT('Ctrl Pts',(6.75243365073509,-3.15933311729139,28.158101936417));
#3660=CARTESIAN_POINT('Ctrl Pts',(6.99115604406768,-2.60444409913212,28.4667386159779));
#3661=CARTESIAN_POINT('Ctrl Pts',(7.29931827117342,-1.66108174218424,29.2450082699784));
#3662=CARTESIAN_POINT('Ctrl Pts',(7.45032753683865,-0.540322103678506,30.9939214416999));
#3663=CARTESIAN_POINT('Ctrl Pts',(7.44766740830217,-0.186413989050497,32.8616675863557));
#3664=CARTESIAN_POINT('Ctrl Pts',(7.44766740830217,-0.186413989050498,33.8));
#3665=CARTESIAN_POINT('',(-5.91571810818398,-4.5284411517104,54.));
#3666=CARTESIAN_POINT('',(-5.91571810818398,-4.5284411517104,33.8));
#3667=CARTESIAN_POINT('',(-5.91571810818398,-4.5284411517104,35.));
#3668=CARTESIAN_POINT('',(2.12416555860274,-7.14075771047064,54.));
#3669=CARTESIAN_POINT('Origin',(0.,0.,54.));
#3670=CARTESIAN_POINT('',(2.12416555860274,-7.14075771047064,33.8));
#3671=CARTESIAN_POINT('',(2.12416555860274,-7.14075771047064,35.));
#3672=CARTESIAN_POINT('Ctrl Pts',(-5.91571810818398,-4.5284411517104,33.8));
#3673=CARTESIAN_POINT('Ctrl Pts',(-5.91571810818398,-4.5284411517104,32.8616675863557));
#3674=CARTESIAN_POINT('Ctrl Pts',(-5.71064032420422,-4.81696235722727,30.992606278928));
#3675=CARTESIAN_POINT('Ctrl Pts',(-4.92829679736772,-5.63408683662519,29.2456240922682));
#3676=CARTESIAN_POINT('Ctrl Pts',(-4.01035382190467,-6.29958895035846,28.3554051244106));
#3677=CARTESIAN_POINT('Ctrl Pts',(-3.20048015568434,-6.75017722218329,27.9614302422836));
#3678=CARTESIAN_POINT('Ctrl Pts',(-2.30852096038415,-7.10524168116818,27.8452042745646));
#3679=CARTESIAN_POINT('Ctrl Pts',(-1.37823043502329,-7.34234562428346,27.9614229471293));
#3680=CARTESIAN_POINT('Ctrl Pts',(-0.458309309075629,-7.45375704989743,
28.3554314520302));
#3681=CARTESIAN_POINT('Ctrl Pts',(0.675679210325038,-7.4554060694588,29.2450918223451));
#3682=CARTESIAN_POINT('Ctrl Pts',(1.78842391963466,-7.25271636872171,30.9938798392139));
#3683=CARTESIAN_POINT('Ctrl Pts',(2.12416555860274,-7.14075771047064,32.8616675863557));
#3684=CARTESIAN_POINT('Ctrl Pts',(2.12416555860274,-7.14075771047064,33.8));
#3685=CARTESIAN_POINT('',(2.12416555860275,7.14075771047064,54.));
#3686=CARTESIAN_POINT('',(2.12416555860275,7.14075771047064,33.8));
#3687=CARTESIAN_POINT('',(2.12416555860275,7.14075771047064,35.));
#3688=CARTESIAN_POINT('',(-5.91571810818398,4.5284411517104,54.));
#3689=CARTESIAN_POINT('Origin',(0.,0.,54.));
#3690=CARTESIAN_POINT('',(-5.91571810818398,4.5284411517104,33.8));
#3691=CARTESIAN_POINT('',(-5.91571810818398,4.5284411517104,35.));
#3692=CARTESIAN_POINT('Ctrl Pts',(2.12416555860275,7.14075771047064,33.8));
#3693=CARTESIAN_POINT('Ctrl Pts',(2.12416555860274,7.14075771047064,32.8616675863557));
#3694=CARTESIAN_POINT('Ctrl Pts',(1.78866564379288,7.2536345577812,30.9926062764812));
#3695=CARTESIAN_POINT('Ctrl Pts',(0.675442715518518,7.45485216895673,29.2456240894315));
#3696=CARTESIAN_POINT('Ctrl Pts',(-0.458361078954382,7.453701342977,28.3554051229671));
#3697=CARTESIAN_POINT('Ctrl Pts',(-1.37841177971606,7.34220311603961,27.9614302417099));
#3698=CARTESIAN_POINT('Ctrl Pts',(-2.30872357958815,7.10517583576908,27.8452042747886));
#3699=CARTESIAN_POINT('Ctrl Pts',(-3.20071062625394,6.75018590406505,27.9614229472059));
#3700=CARTESIAN_POINT('Ctrl Pts',(-4.01042844393139,6.29960356823689,28.3554314519918));
#3701=CARTESIAN_POINT('Ctrl Pts',(-4.92881369865092,5.63439592771109,29.2450918217697));
#3702=CARTESIAN_POINT('Ctrl Pts',(-5.7099050654269,4.81636158163048,30.9938798309388));
#3703=CARTESIAN_POINT('Ctrl Pts',(-5.91571810818398,4.5284411517104,32.8616675863557));
#3704=CARTESIAN_POINT('Ctrl Pts',(-5.91571810818398,4.5284411517104,33.8));
#3705=CARTESIAN_POINT('',(7.44766740830217,0.186413989050493,54.));
#3706=CARTESIAN_POINT('',(7.44766740830217,0.186413989050493,33.8));
#3707=CARTESIAN_POINT('',(7.44766740830217,0.186413989050493,35.));
#3708=CARTESIAN_POINT('',(2.47874603663284,7.02554752925898,54.));
#3709=CARTESIAN_POINT('Origin',(0.,0.,54.));
#3710=CARTESIAN_POINT('',(2.47874603663284,7.02554752925898,33.8));
#3711=CARTESIAN_POINT('',(2.47874603663284,7.02554752925898,35.));
#3712=CARTESIAN_POINT('Ctrl Pts',(7.44766740830217,0.186413989050493,33.8));
#3713=CARTESIAN_POINT('Ctrl Pts',(7.44766740830217,0.186413989050492,32.8616675863557));
#3714=CARTESIAN_POINT('Ctrl Pts',(7.45041688301637,0.540420581829623,30.9937376676644));
#3715=CARTESIAN_POINT('Ctrl Pts',(7.29933688684297,1.66145583123588,29.2448938084719));
#3716=CARTESIAN_POINT('Ctrl Pts',(6.94736082552479,2.73930822316778,28.3553487572402));
#3717=CARTESIAN_POINT('Ctrl Pts',(6.55715544911146,3.58005733719596,27.9610764512706));
#3718=CARTESIAN_POINT('Ctrl Pts',(6.04412464029949,4.39093307784581,27.845431381474));
#3719=CARTESIAN_POINT('Ctrl Pts',(5.22666879323478,5.37785601342005,27.9982893897679));
#3720=CARTESIAN_POINT('Ctrl Pts',(4.03931138492856,6.33110722608454,28.8952429609236));
#3721=CARTESIAN_POINT('Ctrl Pts',(2.81635809229233,6.91856376919244,30.9937853223985));
#3722=CARTESIAN_POINT('Ctrl Pts',(2.47874603663284,7.02554752925898,32.8616675863557));
#3723=CARTESIAN_POINT('Ctrl Pts',(2.47874603663284,7.02554752925898,33.8));
#3724=CARTESIAN_POINT('Origin',(0.,0.,101.3));
#3725=CARTESIAN_POINT('',(-12.45,1.52468526493846E-15,101.3));
#3726=CARTESIAN_POINT('',(-12.45,1.52468526493846E-15,101.3));
#3727=CARTESIAN_POINT('Origin',(0.,0.,101.3));
#3728=CARTESIAN_POINT('Origin',(0.,0.,-18.7));
#3729=CARTESIAN_POINT('',(-12.25,1.50019232895551E-15,-21.7));
#3730=CARTESIAN_POINT('Origin',(0.,0.,-21.7));
#3731=CARTESIAN_POINT('',(-9.25,-1.1327982892113E-15,-18.7));
#3732=CARTESIAN_POINT('Origin',(-12.25,-1.50019232895551E-15,-18.7));
#3733=CARTESIAN_POINT('Origin',(0.,0.,-18.7));
#3734=CARTESIAN_POINT('Origin',(0.,0.,-3.7));
#3735=CARTESIAN_POINT('',(-9.25,1.1327982892113E-15,-5.56061230866019));
#3736=CARTESIAN_POINT('',(-9.25,1.1327982892113E-15,-3.7));
#3737=CARTESIAN_POINT('',(9.25,-1.1327982892113E-15,-5.56061230866019));
#3738=CARTESIAN_POINT('Origin',(0.,0.,-5.56061230866019));
#3739=CARTESIAN_POINT('Origin',(0.,0.,-5.56061230866019));
#3740=CARTESIAN_POINT('Origin',(0.,0.,-21.7));
#3741=CARTESIAN_POINT('',(12.45,1.52468526493846E-15,-21.7));
#3742=CARTESIAN_POINT('Origin',(0.,0.,-21.7));
#3743=CARTESIAN_POINT('Origin',(0.,0.,-5.56061230866019));
#3744=CARTESIAN_POINT('',(8.05,-9.85840673313619E-16,-3.16061230866019));
#3745=CARTESIAN_POINT('Origin',(6.25,-7.65404249467096E-16,-5.56061230866019));
#3746=CARTESIAN_POINT('',(-8.05,-9.85840673313619E-16,-3.16061230866019));
#3747=CARTESIAN_POINT('Origin',(0.,0.,-3.16061230866019));
#3748=CARTESIAN_POINT('Origin',(0.,0.,-3.16061230866019));
#3749=CARTESIAN_POINT('Origin',(0.,0.,-0.760612308660186));
#3750=CARTESIAN_POINT('Origin',(-9.85,-6.63987529544572E-15,-0.760612308660186));
#3751=CARTESIAN_POINT('Origin',(0.,0.,54.));
#3752=CARTESIAN_POINT('',(-11.369587628866,-1.3546132841286,50.));
#3753=CARTESIAN_POINT('',(-7.55,2.54045909285116E-15,53.1111805582685));
#3754=CARTESIAN_POINT('Ctrl Pts',(-7.55,2.59717307463532E-15,53.1111805582685));
#3755=CARTESIAN_POINT('Ctrl Pts',(-7.55,-0.0123785679470464,53.1111805582685));
#3756=CARTESIAN_POINT('Ctrl Pts',(-7.55010678206073,-0.024817023860902,
53.1105779018924));
#3757=CARTESIAN_POINT('Ctrl Pts',(-7.55088855298038,-0.0698305181189177,
53.1061805222204));
#3758=CARTESIAN_POINT('Ctrl Pts',(-7.55217788379775,-0.101743507550284,
53.0989245049871));
#3759=CARTESIAN_POINT('Ctrl Pts',(-7.5579626726947,-0.194956573526515,53.0671999993886));
#3760=CARTESIAN_POINT('Ctrl Pts',(-7.56461644027947,-0.261199445625516,
53.0307566500603));
#3761=CARTESIAN_POINT('Ctrl Pts',(-7.59269692901225,-0.439194728311525,
52.8953335073176));
#3762=CARTESIAN_POINT('Ctrl Pts',(-7.61725921365573,-0.541479408625513,
52.7899140899059));
#3763=CARTESIAN_POINT('Ctrl Pts',(-7.71063289268865,-0.84631792479982,52.4488749883207));
#3764=CARTESIAN_POINT('Ctrl Pts',(-7.82873224144956,-1.11092855307915,52.0952762919688));
#3765=CARTESIAN_POINT('Ctrl Pts',(-8.24164294785236,-1.61014513078688,51.3848376531517));
#3766=CARTESIAN_POINT('Ctrl Pts',(-8.49295838333342,-1.80934002489581,51.082849817291));
#3767=CARTESIAN_POINT('Ctrl Pts',(-9.03077194832584,-2.0602523970778,50.6351915124114));
#3768=CARTESIAN_POINT('Ctrl Pts',(-9.29046880643998,-2.12759281478312,50.4784049539361));
#3769=CARTESIAN_POINT('Ctrl Pts',(-9.79937604831079,-2.16128664609659,50.2495077650906));
#3770=CARTESIAN_POINT('Ctrl Pts',(-10.0518292036071,-2.13732753258955,50.1686844470722));
#3771=CARTESIAN_POINT('Ctrl Pts',(-10.5517797767588,-1.99079099368002,50.0570238785557));
#3772=CARTESIAN_POINT('Ctrl Pts',(-10.7890051314475,-1.87303236314073,50.0271738678881));
#3773=CARTESIAN_POINT('Ctrl Pts',(-11.137666641057,-1.60768619095025,50.0031249043217));
#3774=CARTESIAN_POINT('Ctrl Pts',(-11.2612156629838,-1.48818387262996,50.));
#3775=CARTESIAN_POINT('Ctrl Pts',(-11.369587628866,-1.3546132841286,50.));
#3776=CARTESIAN_POINT('',(-11.2180412371134,-2.29304400359504,50.));
#3777=CARTESIAN_POINT('Origin',(0.,0.,50.));
#3778=CARTESIAN_POINT('',(-9.39948453858745,-2.73353076760661,50.3612177762347));
#3779=CARTESIAN_POINT('Ctrl Pts',(-11.2180412371131,-2.29304400359528,50.));
#3780=CARTESIAN_POINT('Ctrl Pts',(-11.0645307907644,-2.39467100574594,50.));
#3781=CARTESIAN_POINT('Ctrl Pts',(-10.9009323812343,-2.48079707658275,50.006309058242));
#3782=CARTESIAN_POINT('Ctrl Pts',(-10.4532130678592,-2.66159653036218,50.0480304564556));
#3783=CARTESIAN_POINT('Ctrl Pts',(-10.1649919269175,-2.72567910888571,50.0983039958504));
#3784=CARTESIAN_POINT('Ctrl Pts',(-9.71344283126647,-2.75487199571172,50.2324778540674));
#3785=CARTESIAN_POINT('Ctrl Pts',(-9.55369839483974,-2.75048453623327,50.2914585041902));
#3786=CARTESIAN_POINT('Ctrl Pts',(-9.39948453858745,-2.73353076760661,50.3612177762347));
#3787=CARTESIAN_POINT('Ctrl Pts',(-9.39948453858745,-2.73353076760661,50.3612177762347));
#3788=CARTESIAN_POINT('Ctrl Pts',(-9.24204766656284,-2.71622267087207,50.432434992751));
#3789=CARTESIAN_POINT('Ctrl Pts',(-9.08734678976459,-2.7100208978658,50.5131255994708));
#3790=CARTESIAN_POINT('Ctrl Pts',(-8.53640416859143,-2.7227132496923,50.8383177872271));
#3791=CARTESIAN_POINT('Ctrl Pts',(-8.17218876444112,-2.79887890457575,51.128222155089));
#3792=CARTESIAN_POINT('Ctrl Pts',(-7.46975320028995,-3.04737987844528,51.8171155171299));
#3793=CARTESIAN_POINT('Ctrl Pts',(-7.14082761518019,-3.2369865162187,52.232705066234));
#3794=CARTESIAN_POINT('Ctrl Pts',(-6.5773223516471,-3.67694979544141,53.0880701768526));
#3795=CARTESIAN_POINT('Ctrl Pts',(-6.33492312911093,-3.93756284981255,53.5441772825283));
#3796=CARTESIAN_POINT('Ctrl Pts',(-6.13727402313165,-4.22331794601999,53.9944911483366));
#3797=CARTESIAN_POINT('Ctrl Pts',(-6.13606666183297,-4.22506691522709,53.9972455751235));
#3798=CARTESIAN_POINT('Ctrl Pts',(-6.13486089535377,-4.22681698144823,54.));
#3799=CARTESIAN_POINT('',(-9.39948454578921,2.73353076839835,50.361217772977));
#3800=CARTESIAN_POINT('Ctrl Pts',(-6.13486089535376,4.22681698144825,54.));
#3801=CARTESIAN_POINT('Ctrl Pts',(-6.13606666183298,4.22506691522708,53.9972455751235));
#3802=CARTESIAN_POINT('Ctrl Pts',(-6.13727402313184,4.22331794601971,53.9944911483359));
#3803=CARTESIAN_POINT('Ctrl Pts',(-6.33492312911074,3.93756284981289,53.5441772825369));
#3804=CARTESIAN_POINT('Ctrl Pts',(-6.57732235164569,3.67694979544248,53.0880701768546));
#3805=CARTESIAN_POINT('Ctrl Pts',(-7.14082761518032,3.23698651621863,52.2327050662339));
#3806=CARTESIAN_POINT('Ctrl Pts',(-7.46975320029,3.04737987844527,51.8171155171298));
#3807=CARTESIAN_POINT('Ctrl Pts',(-8.17218876444108,2.79887890457576,51.128222155089));
#3808=CARTESIAN_POINT('Ctrl Pts',(-8.53640416859138,2.72271324969232,50.8383177872272));
#3809=CARTESIAN_POINT('Ctrl Pts',(-9.08734679206617,2.71002089781278,50.5131255981123));
#3810=CARTESIAN_POINT('Ctrl Pts',(-9.24204767128079,2.71622267106091,50.4324349902907));
#3811=CARTESIAN_POINT('Ctrl Pts',(-9.39948454578921,2.73353076839835,50.361217772977));
#3812=CARTESIAN_POINT('',(-11.2180412371134,2.29304400359505,50.));
#3813=CARTESIAN_POINT('Ctrl Pts',(-9.39948454578921,2.73353076839835,50.361217772977));
#3814=CARTESIAN_POINT('Ctrl Pts',(-9.63428177436846,2.75934360965467,50.2550062817087));
#3815=CARTESIAN_POINT('Ctrl Pts',(-9.88029179175314,2.75589075689101,50.1745558622243));
#3816=CARTESIAN_POINT('Ctrl Pts',(-10.4440505886874,2.66622455431271,50.0456206393163));
#3817=CARTESIAN_POINT('Ctrl Pts',(-10.7500542340394,2.56231251598289,50.0126530139349));
#3818=CARTESIAN_POINT('Ctrl Pts',(-11.0969503880285,2.36984946091127,50.0009599650983));
#3819=CARTESIAN_POINT('Ctrl Pts',(-11.1582897305308,2.33260070238926,50.));
#3820=CARTESIAN_POINT('Ctrl Pts',(-11.2180412371134,2.29304400359505,50.));
#3821=CARTESIAN_POINT('',(-11.369587628866,1.3546132841286,50.));
#3822=CARTESIAN_POINT('Origin',(0.,0.,50.));
#3823=CARTESIAN_POINT('Ctrl Pts',(-11.369587628866,1.3546132841286,50.));
#3824=CARTESIAN_POINT('Ctrl Pts',(-11.3131917278748,1.42412234602602,50.));
#3825=CARTESIAN_POINT('Ctrl Pts',(-11.2522426833024,1.49037305722849,50.0008492437702));
#3826=CARTESIAN_POINT('Ctrl Pts',(-11.0136304523512,1.71885586613578,50.0088360240063));
#3827=CARTESIAN_POINT('Ctrl Pts',(-10.8127719446864,1.85550336414285,50.0238107336573));
#3828=CARTESIAN_POINT('Ctrl Pts',(-10.376090128049,2.05473853792618,50.0914926683408));
#3829=CARTESIAN_POINT('Ctrl Pts',(-10.147462636157,2.11576778657577,50.142716133007));
#3830=CARTESIAN_POINT('Ctrl Pts',(-9.6769147583187,2.16324584285915,50.2981505072689));
#3831=CARTESIAN_POINT('Ctrl Pts',(-9.44459186142145,2.14650293237875,50.4009684992));
#3832=CARTESIAN_POINT('Ctrl Pts',(-8.96991739045138,2.03922167492689,50.6798101523948));
#3833=CARTESIAN_POINT('Ctrl Pts',(-8.74187846509886,1.93887314641968,50.8601489616469));
#3834=CARTESIAN_POINT('Ctrl Pts',(-8.27613853731383,1.64208748753491,51.3382274858156));
#3835=CARTESIAN_POINT('Ctrl Pts',(-8.06587854492102,1.42535653347953,51.6546166470693));
#3836=CARTESIAN_POINT('Ctrl Pts',(-7.71349206309475,0.895482286621021,52.3838876294578));
#3837=CARTESIAN_POINT('Ctrl Pts',(-7.61894904942844,0.596224368785294,52.7707183074334));
#3838=CARTESIAN_POINT('Ctrl Pts',(-7.56609220859165,0.27305201308523,53.0231084612181));
#3839=CARTESIAN_POINT('Ctrl Pts',(-7.55891090554891,0.205638480810002,53.0620916981239));
#3840=CARTESIAN_POINT('Ctrl Pts',(-7.55259001648886,0.110238642757099,53.0966269871774));
#3841=CARTESIAN_POINT('Ctrl Pts',(-7.55110887958215,0.0771601519474911,
53.1049440282436));
#3842=CARTESIAN_POINT('Ctrl Pts',(-7.55014264480375,0.0285389847508088,
53.1103752884557));
#3843=CARTESIAN_POINT('Ctrl Pts',(-7.55,0.0143095069405885,53.1111805582685));
#3844=CARTESIAN_POINT('Ctrl Pts',(-7.55,2.59717307463532E-15,53.1111805582685));
#3845=CARTESIAN_POINT('Origin',(-9.7,2.22044604925031E-15,50.));
#3846=CARTESIAN_POINT('Origin',(-9.7,2.22044604925031E-15,50.));
#3847=CARTESIAN_POINT('Origin',(-9.7,2.22044604925031E-15,50.));
#3848=CARTESIAN_POINT('Origin',(0.,0.,54.));
#3849=CARTESIAN_POINT('',(-4.80170958728523,10.39452187642,50.));
#3850=CARTESIAN_POINT('',(-0.847464845436984,9.22524820810549,50.6501035310331));
#3851=CARTESIAN_POINT('Ctrl Pts',(-0.847464845436983,9.22524820814798,50.6501035310331));
#3852=CARTESIAN_POINT('Ctrl Pts',(-0.8474648454295,9.03595046714299,50.7731080646265));
#3853=CARTESIAN_POINT('Ctrl Pts',(-0.872353565391979,8.85541475262035,50.9117881874546));
#3854=CARTESIAN_POINT('Ctrl Pts',(-0.995749450484528,8.37850842557275,51.3382274858153));
#3855=CARTESIAN_POINT('Ctrl Pts',(-1.13689892573514,8.11156574168114,51.654616647069));
#3856=CARTESIAN_POINT('Ctrl Pts',(-1.53194586955458,7.61268613472506,52.3838876294575));
#3857=CARTESIAN_POINT('Ctrl Pts',(-1.78734166444285,7.4302946031949,52.7707183074332));
#3858=CARTESIAN_POINT('Ctrl Pts',(-2.07836317713225,7.2801590102618,53.0231084612197));
#3859=CARTESIAN_POINT('Ctrl Pts',(-2.14025811160705,7.25249725808385,53.0620916981246));
#3860=CARTESIAN_POINT('Ctrl Pts',(-2.22903548709992,7.21700556413624,53.0966269871773));
#3861=CARTESIAN_POINT('Ctrl Pts',(-2.26003730485844,7.20537510342114,53.1049440282436));
#3862=CARTESIAN_POINT('Ctrl Pts',(-2.3175701628244,7.18540929037728,53.111745426433));
#3863=CARTESIAN_POINT('Ctrl Pts',(-2.34287422679352,7.1771418474931,53.1119914823562));
#3864=CARTESIAN_POINT('Ctrl Pts',(-2.39976565479543,7.15974294530573,53.1061805222204));
#3865=CARTESIAN_POINT('Ctrl Pts',(-2.43051513648253,7.15110751570564,53.0989245049871));
#3866=CARTESIAN_POINT('Ctrl Pts',(-2.52095362836066,7.12780475539715,53.0671999993887));
#3867=CARTESIAN_POINT('Ctrl Pts',(-2.58601047078876,7.11366269118173,53.0307566500607));
#3868=CARTESIAN_POINT('Ctrl Pts',(-2.76397139248632,7.08536525570317,52.8953335073177));
#3869=CARTESIAN_POINT('Ctrl Pts',(-2.86884006759162,7.0771176720872,52.789914089906));
#3870=CARTESIAN_POINT('Ctrl Pts',(-3.18761277846536,7.07172103594401,52.4488749883209));
#3871=CARTESIAN_POINT('Ctrl Pts',(-3.47576714656302,7.10227101012266,52.0952762919691));
#3872=CARTESIAN_POINT('Ctrl Pts',(-4.07814675127235,7.34070602170968,51.3848376531519));
#3873=CARTESIAN_POINT('Ctrl Pts',(-4.34525309383981,7.51816659679702,51.0828498172912));
#3874=CARTESIAN_POINT('Ctrl Pts',(-4.75007847181009,7.95212150523125,50.6351915124122));
#3875=CARTESIAN_POINT('Ctrl Pts',(-4.89437375742211,8.17829856092256,50.4784049539366));
#3876=CARTESIAN_POINT('Ctrl Pts',(-5.08367948155064,8.65188614301299,50.2495077650907));
#3877=CARTESIAN_POINT('Ctrl Pts',(-5.13890532579531,8.89938713466061,50.1686844470722));
#3878=CARTESIAN_POINT('Ctrl Pts',(-5.15403401904144,9.42015066590195,50.0570238785557));
#3879=CARTESIAN_POINT('Ctrl Pts',(-5.11534557221255,9.68215480338003,50.0271738678881));
#3880=CARTESIAN_POINT('Ctrl Pts',(-4.97072869783053,10.0957480806747,50.0031249043217));
#3881=CARTESIAN_POINT('Ctrl Pts',(-4.89525398669345,10.2501784302883,50.));
#3882=CARTESIAN_POINT('Ctrl Pts',(-4.80170958728522,10.39452187642,50.));
#3883=CARTESIAN_POINT('',(-5.64737982763759,9.96040165266401,50.));
#3884=CARTESIAN_POINT('Origin',(0.,0.,50.));
#3885=CARTESIAN_POINT('',(-5.50434270981364,8.09473355840191,50.3612177762347));
#3886=CARTESIAN_POINT('Ctrl Pts',(-5.6473798276377,9.96040165266361,50.));
#3887=CARTESIAN_POINT('Ctrl Pts',(-5.69659551352881,9.78300007159237,50.));
#3888=CARTESIAN_POINT('Ctrl Pts',(-5.72795158562353,9.60079431860595,50.006309058242));
#3889=CARTESIAN_POINT('Ctrl Pts',(-5.76154920774031,9.11911784435788,50.0480304564556));
#3890=CARTESIAN_POINT('Ctrl Pts',(-5.73343013093697,8.82520064432408,50.0983039958504));
#3891=CARTESIAN_POINT('Ctrl Pts',(-5.62165787183151,8.38673083633389,50.2324778540674));
#3892=CARTESIAN_POINT('Ctrl Pts',(-5.56812140429184,8.23616064866931,50.2914585041902));
#3893=CARTESIAN_POINT('Ctrl Pts',(-5.50434270981364,8.0947335584019,50.3612177762347));
#3894=CARTESIAN_POINT('Ctrl Pts',(-5.50434270981364,8.09473355840191,50.3612177762347));
#3895=CARTESIAN_POINT('Ctrl Pts',(-5.43923106263275,7.95035069138903,50.432434992751));
#3896=CARTESIAN_POINT('Ctrl Pts',(-5.38552762602719,7.80513786768767,50.5131255994708));
#3897=CARTESIAN_POINT('Ctrl Pts',(-5.22734813707091,7.27723814530324,50.8383177872271));
#3898=CARTESIAN_POINT('Ctrl Pts',(-5.18723722997012,6.90731223010435,51.128222155089));
#3899=CARTESIAN_POINT('Ctrl Pts',(-5.20651117369836,6.16246528549644,51.8171155171299));
#3900=CARTESIAN_POINT('Ctrl Pts',(-5.28519420640197,5.79104679108327,52.2327050662341));
#3901=CARTESIAN_POINT('Ctrl Pts',(-5.52949144718566,5.11916530805338,53.0880701768519));
#3902=CARTESIAN_POINT('Ctrl Pts',(-5.70244371158784,4.80809608516128,53.544177282523));
#3903=CARTESIAN_POINT('Ctrl Pts',(-5.91313602523265,4.53181743401881,53.9944911483376));
#3904=CARTESIAN_POINT('Ctrl Pts',(-5.91442629863341,4.53012870398161,53.9972455751228));
#3905=CARTESIAN_POINT('Ctrl Pts',(-5.91571810818397,4.5284411517104,54.));
#3906=CARTESIAN_POINT('',(-0.304858213234993,9.78414848917032,50.361217772977));
#3907=CARTESIAN_POINT('Ctrl Pts',(2.12416555860275,7.14075771047064,54.));
#3908=CARTESIAN_POINT('Ctrl Pts',(2.1221285443857,7.14136366233425,53.9972455751233));
#3909=CARTESIAN_POINT('Ctrl Pts',(2.12009208066694,7.14197146995662,53.9944911483378));
#3910=CARTESIAN_POINT('Ctrl Pts',(1.7872459016923,7.24164375917803,53.5441772825989));
#3911=CARTESIAN_POINT('Ctrl Pts',(1.46448267891667,7.39164525655382,53.0880701768715));
#3912=CARTESIAN_POINT('Ctrl Pts',(0.871920032417015,7.79161447923139,52.2327050662344));
#3913=CARTESIAN_POINT('Ctrl Pts',(0.589949808346004,8.04584962700803,51.8171155171301));
#3914=CARTESIAN_POINT('Ctrl Pts',(0.136546811065506,8.6371145235272,51.128222155089));
#3915=CARTESIAN_POINT('Ctrl Pts',(-0.0484397808248585,8.95996747523274,
50.8383177872271));
#3916=CARTESIAN_POINT('Ctrl Pts',(-0.230761558366219,9.48002289496381,50.5131255981123));
#3917=CARTESIAN_POINT('Ctrl Pts',(-0.272668522228062,9.62906862754638,50.4324349902907));
#3918=CARTESIAN_POINT('Ctrl Pts',(-0.304858213234994,9.78414848917032,50.361217772977));
#3919=CARTESIAN_POINT('',(-1.2857509440964,11.3775807845849,50.));
#3920=CARTESIAN_POINT('Ctrl Pts',(-0.304858213234992,9.78414848917032,50.361217772977));
#3921=CARTESIAN_POINT('Ctrl Pts',(-0.352865076217206,10.01543053004,50.2550062817087));
#3922=CARTESIAN_POINT('Ctrl Pts',(-0.432170210496248,10.2483329699645,50.1745558622243));
#3923=CARTESIAN_POINT('Ctrl Pts',(-0.691658885730856,10.7567910669898,50.0456206393163));
#3924=CARTESIAN_POINT('Ctrl Pts',(-0.885045433660344,11.0157072421478,50.0126530139349));
#3925=CARTESIAN_POINT('Ctrl Pts',(-1.17528548319825,11.2861507350704,50.0009599650983));
#3926=CARTESIAN_POINT('Ctrl Pts',(-1.2296660569715,11.3329774170598,50.));
#3927=CARTESIAN_POINT('Ctrl Pts',(-1.2857509440964,11.3775807845849,50.));
#3928=CARTESIAN_POINT('',(-2.22508200542426,11.2317189276236,50.));
#3929=CARTESIAN_POINT('Origin',(0.,0.,50.));
#3930=CARTESIAN_POINT('Ctrl Pts',(-2.22508200542426,11.2317189276236,50.));
#3931=CARTESIAN_POINT('Ctrl Pts',(-2.14154766734583,11.199562719883,50.));
#3932=CARTESIAN_POINT('Ctrl Pts',(-2.05970520618371,11.1620693295313,50.0008492437702));
#3933=CARTESIAN_POINT('Ctrl Pts',(-1.76866990748149,11.0057406832925,50.0088360240063));
#3934=CARTESIAN_POINT('Ctrl Pts',(-1.57664172173321,10.8569392898475,50.0238107336573));
#3935=CARTESIAN_POINT('Ctrl Pts',(-1.25221570895591,10.5031972571632,50.0914926683408));
#3936=CARTESIAN_POINT('Ctrl Pts',(-1.12352366396713,10.3046186661819,50.142716133007));
#3937=CARTESIAN_POINT('Ctrl Pts',(-0.932962058238692,9.87177256698635,50.2981505072688));
#3938=CARTESIAN_POINT('Ctrl Pts',(-0.877093789029088,9.64564651813393,50.4009684991999));
#3939=CARTESIAN_POINT('Ctrl Pts',(-0.850390818097403,9.35584725829254,50.5677227470161));
#3940=CARTESIAN_POINT('Ctrl Pts',(-0.847464845439545,9.29003944987074,50.6080025718419));
#3941=CARTESIAN_POINT('Ctrl Pts',(-0.847464845436984,9.22524820814798,50.6501035310331));
#3942=CARTESIAN_POINT('Origin',(-2.99746484543698,9.22524820806299,50.));
#3943=CARTESIAN_POINT('Origin',(-2.99746484543698,9.22524820806299,50.));
#3944=CARTESIAN_POINT('Origin',(-2.99746484543698,9.22524820806299,50.));
#3945=CARTESIAN_POINT('Origin',(0.,0.,54.));
#3946=CARTESIAN_POINT('',(8.40196789981747,7.77878110056047,50.));
#3947=CARTESIAN_POINT('',(9.99441132175802,5.58697076522826,50.));
#3948=CARTESIAN_POINT('Ctrl Pts',(9.99441132175801,5.58697076522826,50.));
#3949=CARTESIAN_POINT('Ctrl Pts',(9.98964248092701,5.49758807399653,50.));
#3950=CARTESIAN_POINT('Ctrl Pts',(9.97927485907541,5.40816517320192,50.0008492437703));
#3951=CARTESIAN_POINT('Ctrl Pts',(9.92053233464748,5.08306594750278,50.0088360240065));
#3952=CARTESIAN_POINT('Ctrl Pts',(9.83835377257272,4.85445413077351,50.0238107336576));
#3953=CARTESIAN_POINT('Ctrl Pts',(9.60217825866554,4.4365943575423,50.0914926683415));
#3954=CARTESIAN_POINT('Ctrl Pts',(9.45308682465812,4.25283679022838,50.1427161330079));
#3955=CARTESIAN_POINT('Ctrl Pts',(9.10031249611016,3.937845132745,50.2981505072704));
#3956=CARTESIAN_POINT('Ctrl Pts',(8.90251808847681,3.81483445929313,50.4009684992018));
#3957=CARTESIAN_POINT('Ctrl Pts',(8.45544003368802,3.62262016607446,50.6798101523974));
#3958=CARTESIAN_POINT('Ctrl Pts',(8.21196928255275,3.56976591372679,50.86014896165));
#3959=CARTESIAN_POINT('Ctrl Pts',(7.66073153263081,3.53611549449668,51.33822748582));
#3960=CARTESIAN_POINT('Ctrl Pts',(7.36323636703845,3.58786679685955,51.6546166470747));
#3961=CARTESIAN_POINT('Ctrl Pts',(6.76669744678196,3.80941649032613,52.3838876294622));
#3962=CARTESIAN_POINT('Ctrl Pts',(6.51431115129202,3.9959502424155,52.7707183074359));
#3963=CARTESIAN_POINT('Ctrl Pts',(6.28159312415622,4.22633369876358,53.0231084612207));
#3964=CARTESIAN_POINT('Ctrl Pts',(6.23615864787715,4.27665132800403,53.0620916981251));
#3965=CARTESIAN_POINT('Ctrl Pts',(6.1749703233311,4.35011609287661,53.0966269871775));
#3966=CARTESIAN_POINT('Ctrl Pts',(6.15432900933664,4.37600656365941,53.1049440282437));
#3967=CARTESIAN_POINT('Ctrl Pts',(6.11756176189175,4.42455378759192,53.111745426433));
#3968=CARTESIAN_POINT('Ctrl Pts',(6.10187957067046,4.44606460216725,53.1119914823562));
#3969=CARTESIAN_POINT('Ctrl Pts',(6.0677518132819,4.49479500903051,53.1061805222203));
#3970=CARTESIAN_POINT('Ctrl Pts',(6.05003691928015,4.52137100946164,53.098924504987));
#3971=CARTESIAN_POINT('Ctrl Pts',(5.99992764630462,4.60018217753588,53.0671999993881));
#3972=CARTESIAN_POINT('Ctrl Pts',(5.96637407406787,4.65768477327906,53.0307566500594));
#3973=CARTESIAN_POINT('Ctrl Pts',(5.88446866452226,4.81819127904586,52.8953335073154));
#3974=CARTESIAN_POINT('Ctrl Pts',(5.84421854359531,4.91537867236092,52.7899140899027));
#3975=CARTESIAN_POINT('Ctrl Pts',(5.74057985262211,5.21688188397613,52.4488749883143));
#3976=CARTESIAN_POINT('Ctrl Pts',(5.6805900078918,5.50037343465631,52.0952762919587));
#3977=CARTESIAN_POINT('Ctrl Pts',(5.72120964445848,6.14695095363596,51.38483765314));
#3978=CARTESIAN_POINT('Ctrl Pts',(5.80744428162354,6.45582251481066,51.0828498172817));
#3979=CARTESIAN_POINT('Ctrl Pts',(6.09506200352327,6.9749337699879,50.6351915124053));
#3980=CARTESIAN_POINT('Ctrl Pts',(6.26557947071374,7.18205929558499,50.4784049539312));
#3981=CARTESIAN_POINT('Ctrl Pts',(6.65748934080906,7.50844634927754,50.2495077650876));
#3982=CARTESIAN_POINT('Ctrl Pts',(6.87581104730525,7.63745126085729,50.1686844470698));
#3983=CARTESIAN_POINT('Ctrl Pts',(7.36641157382635,7.81276428435441,50.0570238785544));
#3984=CARTESIAN_POINT('Ctrl Pts',(7.62754770362762,7.85693311596873,50.0271738678873));
#3985=CARTESIAN_POINT('Ctrl Pts',(8.06558735694921,7.84720164666294,50.0031249043216));
#3986=CARTESIAN_POINT('Ctrl Pts',(8.23578231564669,7.82314253329846,50.));
#3987=CARTESIAN_POINT('Ctrl Pts',(8.40196789981747,7.77878110056047,50.));
#3988=CARTESIAN_POINT('',(7.72776855625284,8.44891076654203,50.));
#3989=CARTESIAN_POINT('Origin',(0.,0.,50.));
#3990=CARTESIAN_POINT('',(5.99761365819493,7.73635123657337,50.3612177762347));
#3991=CARTESIAN_POINT('Ctrl Pts',(7.72776855625242,8.44891076654201,50.));
#3992=CARTESIAN_POINT('Ctrl Pts',(7.54384114324254,8.44089756193264,50.));
#3993=CARTESIAN_POINT('Ctrl Pts',(7.36086361540339,8.41441428447785,50.006309058242));
#3994=CARTESIAN_POINT('Ctrl Pts',(6.89237982961838,8.29752130559015,50.048030456456));
#3995=CARTESIAN_POINT('Ctrl Pts',(6.62153723387352,8.17995306461437,50.0983039958509));
#3996=CARTESIAN_POINT('Ctrl Pts',(6.23906719335,7.93815670706195,50.232477854068));
#3997=CARTESIAN_POINT('Ctrl Pts',(6.11241011350105,7.84071175391479,50.2914585041906));
#3998=CARTESIAN_POINT('Ctrl Pts',(5.99761365819493,7.73635123657338,50.3612177762347));
#3999=CARTESIAN_POINT('Ctrl Pts',(5.99761365819493,7.73635123657337,50.3612177762347));
#4000=CARTESIAN_POINT('Ctrl Pts',(5.88041799719158,7.6298096206317,50.432434992751));
#4001=CARTESIAN_POINT('Ctrl Pts',(5.75890766952822,7.53386138697564,50.5131255994708));
#4002=CARTESIAN_POINT('Ctrl Pts',(5.30572534885314,7.22029376771693,50.8383177872271));
#4003=CARTESIAN_POINT('Ctrl Pts',(4.96629984861072,7.06783263368805,51.128222155089));
#4004=CARTESIAN_POINT('Ctrl Pts',(4.25195233213802,6.85599287937336,51.8171155171301));
#4005=CARTESIAN_POINT('Ctrl Pts',(3.87439795847934,6.81605026354919,52.2327050662345));
#4006=CARTESIAN_POINT('Ctrl Pts',(3.15990869678499,6.84076794984744,53.0880701768519));
#4007=CARTESIAN_POINT('Ctrl Pts',(2.81061909642015,6.90912965161382,53.5441772825201));
#4008=CARTESIAN_POINT('Ctrl Pts',(2.482754979436,7.0241351510536,53.9944911483376));
#4009=CARTESIAN_POINT('Ctrl Pts',(2.48075018532082,7.02484042769907,53.9972455751239));
#4010=CARTESIAN_POINT('Ctrl Pts',(2.47874603663285,7.02554752925898,54.));
#4011=CARTESIAN_POINT('',(9.21107180826043,3.31340554888484,50.361217772977));
#4012=CARTESIAN_POINT('Ctrl Pts',(7.44766740830217,0.186413989050483,54.));
#4013=CARTESIAN_POINT('Ctrl Pts',(7.44761423075976,0.188538554119148,53.9972455751231));
#4014=CARTESIAN_POINT('Ctrl Pts',(7.44756298826213,0.190663169094121,53.994491148337));
#4015=CARTESIAN_POINT('Ctrl Pts',(7.43950184260428,0.538019127772365,53.5441772825966));
#4016=CARTESIAN_POINT('Ctrl Pts',(7.48242242314077,0.891338205881453,53.0880701768709));
#4017=CARTESIAN_POINT('Ctrl Pts',(7.6797038306856,1.57849605918213,52.2327050662342));
#4018=CARTESIAN_POINT('Ctrl Pts',(7.83436223350414,1.92522865941636,51.81711551713));
#4019=CARTESIAN_POINT('Ctrl Pts',(8.256579334735,2.5391514356894,51.128222155089));
#4020=CARTESIAN_POINT('Ctrl Pts',(8.50646673763404,2.81485118809509,50.8383177872271));
#4021=CARTESIAN_POINT('Ctrl Pts',(8.94472830569897,3.14895546540203,50.5131255981123));
#4022=CARTESIAN_POINT('Ctrl Pts',(9.07352925688165,3.23486902076806,50.4324349902907));
#4023=CARTESIAN_POINT('Ctrl Pts',(9.21107180826043,3.31340554888484,50.361217772977));
#4024=CARTESIAN_POINT('',(10.4234034525946,4.7386876310261,50.));
#4025=CARTESIAN_POINT('Ctrl Pts',(9.21107180826043,3.31340554888484,50.361217772977));
#4026=CARTESIAN_POINT('Ctrl Pts',(9.41619916382424,3.43053286987388,50.2550062817083));
#4027=CARTESIAN_POINT('Ctrl Pts',(9.61319591274285,3.57792734657439,50.1745558622237));
#4028=CARTESIAN_POINT('Ctrl Pts',(10.0165818886869,3.98183793497069,50.0456206393159));
#4029=CARTESIAN_POINT('Ctrl Pts',(10.2030660744511,4.24576896978555,50.0126530139346));
#4030=CARTESIAN_POINT('Ctrl Pts',(10.3705840129285,4.60537529551887,50.0009599650983));
#4031=CARTESIAN_POINT('Ctrl Pts',(10.3983143125107,4.67156453508971,50.));
#4032=CARTESIAN_POINT('Ctrl Pts',(10.4234034525946,4.7386876310261,50.));
#4033=CARTESIAN_POINT('Origin',(0.,0.,50.));
#4034=CARTESIAN_POINT('Origin',(0.,0.,54.));
#4035=CARTESIAN_POINT('',(9.99441132175801,-5.58697076522827,50.));
#4036=CARTESIAN_POINT('',(8.40196789981747,-7.77878110056047,50.));
#4037=CARTESIAN_POINT('Ctrl Pts',(8.40196789981747,-7.77878110056048,50.));
#4038=CARTESIAN_POINT('Ctrl Pts',(8.31548625601851,-7.80186643400622,50.));
#4039=CARTESIAN_POINT('Ctrl Pts',(8.22723625216976,-7.81963943571741,50.0008492437703));
#4040=CARTESIAN_POINT('Ctrl Pts',(7.89989607678617,-7.8642331606763,50.0088360240063));
#4041=CARTESIAN_POINT('Ctrl Pts',(7.65707874652928,-7.85672164019983,50.0238107336573));
#4042=CARTESIAN_POINT('Ctrl Pts',(7.18668823884733,-7.76123114990403,50.0914926683409));
#4043=CARTESIAN_POINT('Ctrl Pts',(6.96585262021075,-7.67622098121265,50.1427161330071));
#4044=CARTESIAN_POINT('Ctrl Pts',(6.55726448908158,-7.43805043251491,50.298150507269));
#4045=CARTESIAN_POINT('Ctrl Pts',(6.37915255317022,-7.2879491608348,50.4009684992003));
#4046=CARTESIAN_POINT('Ctrl Pts',(6.05819118033707,-6.92215014670236,50.6798101523951));
#4047=CARTESIAN_POINT('Ctrl Pts',(5.93268719949382,-6.70692856450864,50.8601489616472));
#4048=CARTESIAN_POINT('Ctrl Pts',(5.73034191634109,-6.19306886182815,51.338227485816));
#4049=CARTESIAN_POINT('Ctrl Pts',(5.68762926776742,-5.89414211411468,51.6546166470698));
#4050=CARTESIAN_POINT('Ctrl Pts',(5.71399488325498,-5.25833726639969,52.3838876294585));
#4051=CARTESIAN_POINT('Ctrl Pts',(5.81340736923527,-4.96066153602921,52.7707183074337));
#4052=CARTESIAN_POINT('Ctrl Pts',(5.96060123135762,-4.66814113663069,53.023108461217));
#4053=CARTESIAN_POINT('Ctrl Pts',(5.99441611523054,-4.60938137934827,53.0620916981234));
#4054=CARTESIAN_POINT('Ctrl Pts',(6.04537702644065,-4.52848596373094,53.0966269871773));
#4055=CARTESIAN_POINT('Ctrl Pts',(6.06362181057814,-4.50085431208723,53.1049440282436));
#4056=CARTESIAN_POINT('Ctrl Pts',(6.09843125995035,-4.4508846645936,53.111745426433));
#4057=CARTESIAN_POINT('Ctrl Pts',(6.11404319672664,-4.42932280717614,53.1119914823562));
#4058=CARTESIAN_POINT('Ctrl Pts',(6.14984251070267,-4.38180685726166,53.1061805222203));
#4059=CARTESIAN_POINT('Ctrl Pts',(6.16964358578964,-4.35674655611012,53.0989245049871));
#4060=CARTESIAN_POINT('Ctrl Pts',(6.22911284381733,-4.28473581523955,53.0671999993888));
#4061=CARTESIAN_POINT('Ctrl Pts',(6.27343243815919,-4.23505519241379,53.030756650061));
#4062=CARTESIAN_POINT('Ctrl Pts',(6.40077303289556,-4.10755928095579,52.8953335073175));
#4063=CARTESIAN_POINT('Ctrl Pts',(6.48076576521682,-4.03924658499364,52.7899140899058));
#4064=CARTESIAN_POINT('Ctrl Pts',(6.73548624251975,-3.84751071635638,52.4488749883206));
#4065=CARTESIAN_POINT('Ctrl Pts',(6.98656484759447,-3.70285327669332,52.0952762919687));
#4066=CARTESIAN_POINT('Ctrl Pts',(7.61404876831028,-3.54168140519108,51.3848376531514));
#4067=CARTESIAN_POINT('Ctrl Pts',(7.93445104765248,-3.52824885731376,51.0828498172909));
#4068=CARTESIAN_POINT('Ctrl Pts',(8.51703395352195,-3.64137536610462,50.635191512412));
#4069=CARTESIAN_POINT('Ctrl Pts',(8.7667148295325,-3.73954180703871,50.4784049539365));
#4070=CARTESIAN_POINT('Ctrl Pts',(9.19823417390649,-4.01141109645734,50.2495077650905));
#4071=CARTESIAN_POINT('Ctrl Pts',(9.38839025324731,-4.17918266803267,50.1686844470722));
#4072=CARTESIAN_POINT('Ctrl Pts',(9.70672674678159,-4.59159679208101,50.0570238785556));
#4073=CARTESIAN_POINT('Ctrl Pts',(9.82942930386012,-4.82630309037754,50.0271738678882));
#4074=CARTESIAN_POINT('Ctrl Pts',(9.95553582365284,-5.2459107464623,50.0031249043217));
#4075=CARTESIAN_POINT('Ctrl Pts',(9.98524738170661,-5.41521044587453,50.));
#4076=CARTESIAN_POINT('Ctrl Pts',(9.99441132175801,-5.58697076522827,50.));
#4077=CARTESIAN_POINT('',(10.4234034525946,-4.7386876310261,50.));
#4078=CARTESIAN_POINT('Origin',(0.,0.,50.));
#4079=CARTESIAN_POINT('',(9.21107180196871,-3.31340554529228,50.3612177762347));
#4080=CARTESIAN_POINT('Ctrl Pts',(10.4234034525944,-4.73868763102571,50.));
#4081=CARTESIAN_POINT('Ctrl Pts',(10.3589457457831,-4.56623848276186,50.));
#4082=CARTESIAN_POINT('Ctrl Pts',(10.2772154864963,-4.40040029537586,50.006309058242));
#4083=CARTESIAN_POINT('Ctrl Pts',(10.0212742058201,-3.99096765512624,50.0480304564556));
#4084=CARTESIAN_POINT('Ctrl Pts',(9.82576519924513,-3.76971162401287,50.0983039958504));
#4085=CARTESIAN_POINT('Ctrl Pts',(9.47761345541698,-3.48068018334608,50.2324778540674));
#4086=CARTESIAN_POINT('Ctrl Pts',(9.34579860761444,-3.39033428875886,50.2914585041902));
#4087=CARTESIAN_POINT('Ctrl Pts',(9.2110718019687,-3.31340554529228,50.3612177762347));
#4088=CARTESIAN_POINT('Ctrl Pts',(9.2110718019687,-3.31340554529228,50.3612177762347));
#4089=CARTESIAN_POINT('Ctrl Pts',(9.07352925295374,-3.23486901814768,50.432434992751));
#4090=CARTESIAN_POINT('Ctrl Pts',(8.94472830386809,-3.14895546400628,50.5131255994708));
#4091=CARTESIAN_POINT('Ctrl Pts',(8.50646673763404,-2.81485118809511,50.8383177872271));
#4092=CARTESIAN_POINT('Ctrl Pts',(8.25657933473499,-2.53915143568939,51.128222155089));
#4093=CARTESIAN_POINT('Ctrl Pts',(7.83436223350415,-1.92522865941638,51.8171155171299));
#4094=CARTESIAN_POINT('Ctrl Pts',(7.6797038306856,-1.57849605918216,52.2327050662342));
#4095=CARTESIAN_POINT('Ctrl Pts',(7.48242242314065,-0.891338205881082,53.0880701768714));
#4096=CARTESIAN_POINT('Ctrl Pts',(7.43950184260436,-0.538019127769108,53.5441772826003));
#4097=CARTESIAN_POINT('Ctrl Pts',(7.44756298826213,-0.190663169094147,53.994491148337));
#4098=CARTESIAN_POINT('Ctrl Pts',(7.44761423075976,-0.18853855411915,53.9972455751231));
#4099=CARTESIAN_POINT('Ctrl Pts',(7.44766740830217,-0.186413989050496,54.));
#4100=CARTESIAN_POINT('',(5.9976136635559,-7.73635124144699,50.361217772977));
#4101=CARTESIAN_POINT('Ctrl Pts',(2.47874603663284,-7.02554752925898,54.));
#4102=CARTESIAN_POINT('Ctrl Pts',(2.48075018532089,-7.02484042769905,53.9972455751238));
#4103=CARTESIAN_POINT('Ctrl Pts',(2.48275497943628,-7.0241351510535,53.9944911483365));
#4104=CARTESIAN_POINT('Ctrl Pts',(2.8106190964116,-6.90912965161687,53.5441772825618));
#4105=CARTESIAN_POINT('Ctrl Pts',(3.15990869677681,-6.84076794984768,53.0880701768617));
#4106=CARTESIAN_POINT('Ctrl Pts',(3.87439795847966,-6.81605026354923,52.2327050662341));
#4107=CARTESIAN_POINT('Ctrl Pts',(4.25195233213818,-6.85599287937342,51.8171155171299));
#4108=CARTESIAN_POINT('Ctrl Pts',(4.96629984861069,-7.06783263368805,51.128222155089));
#4109=CARTESIAN_POINT('Ctrl Pts',(5.30572534885313,-7.22029376771693,50.8383177872271));
#4110=CARTESIAN_POINT('Ctrl Pts',(5.75890767142146,-7.53386138828562,50.5131255981123));
#4111=CARTESIAN_POINT('Ctrl Pts',(5.88041800089751,-7.62980962355765,50.4324349902907));
#4112=CARTESIAN_POINT('Ctrl Pts',(5.9976136635559,-7.73635124144699,50.361217772977));
#4113=CARTESIAN_POINT('',(7.72776855625284,-8.44891076654203,50.));
#4114=CARTESIAN_POINT('Ctrl Pts',(5.99761366355589,-7.73635124144699,50.361217772977));
#4115=CARTESIAN_POINT('Ctrl Pts',(6.17239620429842,-7.89524461693449,50.2550062817087));
#4116=CARTESIAN_POINT('Ctrl Pts',(6.37345202508193,-8.03705226050454,50.1745558622243));
#4117=CARTESIAN_POINT('Ctrl Pts',(6.88224694403474,-8.29587988548576,50.0456206393163));
#4118=CARTESIAN_POINT('Ctrl Pts',(7.19088705713104,-8.39167771044239,50.0126530139349));
#4119=CARTESIAN_POINT('Ctrl Pts',(7.5846588863738,-8.43987227149192,50.0009599650983));
#4120=CARTESIAN_POINT('Ctrl Pts',(7.65617772780737,-8.4457917537364,50.));
#4121=CARTESIAN_POINT('Ctrl Pts',(7.72776855625284,-8.44891076654203,50.));
#4122=CARTESIAN_POINT('Origin',(0.,0.,50.));
#4123=CARTESIAN_POINT('Origin',(0.,0.,54.));
#4124=CARTESIAN_POINT('',(-2.22508200542426,-11.2317189276235,50.));
#4125=CARTESIAN_POINT('',(-0.84746484543699,-9.2252482080638,50.6501035310873));
#4126=CARTESIAN_POINT('Ctrl Pts',(-0.847464845436992,-9.2252482080646,50.6501035310873));
#4127=CARTESIAN_POINT('Ctrl Pts',(-0.847464845436993,-9.40210789394595,
50.5351811709));
#4128=CARTESIAN_POINT('Ctrl Pts',(-0.869274320080872,-9.57938886256564,
50.4385129421246));
#4129=CARTESIAN_POINT('Ctrl Pts',(-0.972667984846898,-9.98763474973187,
50.2495077650907));
#4130=CARTESIAN_POINT('Ctrl Pts',(-1.07346677114253,-10.2203281948919,50.1686844470723));
#4131=CARTESIAN_POINT('Ctrl Pts',(-1.36732452479908,-10.6505271644934,50.0570238785557));
#4132=CARTESIAN_POINT('Ctrl Pts',(-1.55262630381887,-10.8397524658295,50.0271738678882));
#4133=CARTESIAN_POINT('Ctrl Pts',(-1.9127278417084,-11.0893527899258,50.0031249043217));
#4134=CARTESIAN_POINT('Ctrl Pts',(-2.06456004767315,-11.1699266450831,50.));
#4135=CARTESIAN_POINT('Ctrl Pts',(-2.22508200542426,-11.2317189276235,50.));
#4136=CARTESIAN_POINT('',(-1.2857509440964,-11.3775807845849,50.));
#4137=CARTESIAN_POINT('Origin',(0.,0.,50.));
#4138=CARTESIAN_POINT('',(-0.304858211762521,-9.78414848207638,50.3612177762347));
#4139=CARTESIAN_POINT('Ctrl Pts',(-1.28575094409607,-11.3775807845846,50.));
#4140=CARTESIAN_POINT('Ctrl Pts',(-1.14166058473332,-11.2629881450173,50.));
#4141=CARTESIAN_POINT('Ctrl Pts',(-1.00919513504356,-11.1340112311255,50.006309058242));
#4142=CARTESIAN_POINT('Ctrl Pts',(-0.698891759841266,-10.7640749644605,
50.0480304564556));
#4143=CARTESIAN_POINT('Ctrl Pts',(-0.548880375266333,-10.509762976041,50.0983039958504));
#4144=CARTESIAN_POINT('Ctrl Pts',(-0.381579945670181,-10.089335364339,50.2324778540674));
#4145=CARTESIAN_POINT('Ctrl Pts',(-0.336388921984427,-9.93605357759247,
50.2914585041902));
#4146=CARTESIAN_POINT('Ctrl Pts',(-0.304858211762521,-9.78414848207638,
50.3612177762347));
#4147=CARTESIAN_POINT('Ctrl Pts',(-0.304858211762521,-9.78414848207638,
50.3612177762347));
#4148=CARTESIAN_POINT('Ctrl Pts',(-0.272668520949729,-9.62906862300096,
50.432434992751));
#4149=CARTESIAN_POINT('Ctrl Pts',(-0.230761557604556,-9.4800228927912,50.5131255994709));
#4150=CARTESIAN_POINT('Ctrl Pts',(-0.0484397808248561,-8.9599674752327,
50.8383177872272));
#4151=CARTESIAN_POINT('Ctrl Pts',(0.13654681106553,-8.63711452352716,51.1282221550891));
#4152=CARTESIAN_POINT('Ctrl Pts',(0.589949808345845,-8.04584962700824,51.8171155171298));
#4153=CARTESIAN_POINT('Ctrl Pts',(0.871920032416624,-7.79161447923175,52.2327050662339));
#4154=CARTESIAN_POINT('Ctrl Pts',(1.46448267890851,-7.39164525655923,53.0880701768597));
#4155=CARTESIAN_POINT('Ctrl Pts',(1.78724590168417,-7.24164375918066,53.5441772825562));
#4156=CARTESIAN_POINT('Ctrl Pts',(2.12009208066495,-7.14197146995721,53.9944911483359));
#4157=CARTESIAN_POINT('Ctrl Pts',(2.12212854438574,-7.14136366233423,53.9972455751234));
#4158=CARTESIAN_POINT('Ctrl Pts',(2.12416555860274,-7.14075771047064,54.));
#4159=CARTESIAN_POINT('',(-5.5043427127921,-8.09473356500652,50.361217772977));
#4160=CARTESIAN_POINT('Ctrl Pts',(-5.91571810818397,-4.52844115171041,54.));
#4161=CARTESIAN_POINT('Ctrl Pts',(-5.91442629863355,-4.53012870398143,53.9972455751231));
#4162=CARTESIAN_POINT('Ctrl Pts',(-5.91313602523317,-4.53181743401812,53.994491148337));
#4163=CARTESIAN_POINT('Ctrl Pts',(-5.70244371159606,-4.80809608515035,53.544177282612));
#4164=CARTESIAN_POINT('Ctrl Pts',(-5.52949144719223,-5.1191653080353,53.0880701768749));
#4165=CARTESIAN_POINT('Ctrl Pts',(-5.28519420640196,-5.79104679108331,52.2327050662341));
#4166=CARTESIAN_POINT('Ctrl Pts',(-5.20651117369836,-6.16246528549647,51.8171155171299));
#4167=CARTESIAN_POINT('Ctrl Pts',(-5.18723722997013,-6.90731223010436,51.128222155089));
#4168=CARTESIAN_POINT('Ctrl Pts',(-5.22734813707092,-7.27723814530327,50.8383177872271));
#4169=CARTESIAN_POINT('Ctrl Pts',(-5.38552762668802,-7.80513786989307,50.5131255981123));
#4170=CARTESIAN_POINT('Ctrl Pts',(-5.43923106427029,-7.95035069581775,50.4324349902907));
#4171=CARTESIAN_POINT('Ctrl Pts',(-5.5043427127921,-8.09473356500652,50.361217772977));
#4172=CARTESIAN_POINT('',(-5.6473798276376,-9.96040165266401,50.));
#4173=CARTESIAN_POINT('Ctrl Pts',(-5.5043427127921,-8.09473356500652,50.361217772977));
#4174=CARTESIAN_POINT('Ctrl Pts',(-5.60144851753614,-8.31006239263354,50.2550062817088));
#4175=CARTESIAN_POINT('Ctrl Pts',(-5.6741859355738,-8.54509881292418,50.1745558622243));
#4176=CARTESIAN_POINT('Ctrl Pts',(-5.76311935830134,-9.10897367078502,50.0456206393163));
#4177=CARTESIAN_POINT('Ctrl Pts',(-5.75885346388069,-9.43211101747108,50.0126530139349));
#4178=CARTESIAN_POINT('Ctrl Pts',(-5.68300702807471,-9.82150322000664,50.0009599650983));
#4179=CARTESIAN_POINT('Ctrl Pts',(-5.66653625281542,-9.89135090080136,50.));
#4180=CARTESIAN_POINT('Ctrl Pts',(-5.6473798276376,-9.96040165266401,50.));
#4181=CARTESIAN_POINT('',(-4.80170958728524,-10.39452187642,50.));
#4182=CARTESIAN_POINT('Origin',(0.,0.,50.));
#4183=CARTESIAN_POINT('Ctrl Pts',(-4.80170958728524,-10.39452187642,50.));
#4184=CARTESIAN_POINT('Ctrl Pts',(-4.85038934172499,-10.3194067059006,50.));
#4185=CARTESIAN_POINT('Ctrl Pts',(-4.89456322175947,-10.240968124247,50.0008492437702));
#4186=CARTESIAN_POINT('Ctrl Pts',(-5.03812805160254,-9.94342933625836,50.0088360240063));
#4187=CARTESIAN_POINT('Ctrl Pts',(-5.10601885268438,-9.71017514456738,50.0238107336573));
#4188=CARTESIAN_POINT('Ctrl Pts',(-5.16056066051073,-9.23329900273046,50.0914926683408));
#4189=CARTESIAN_POINT('Ctrl Pts',(-5.14795314474757,-8.99700226177574,50.142716133007));
#4190=CARTESIAN_POINT('Ctrl Pts',(-5.04770016863781,-8.5348131100773,50.2981505072689));
#4191=CARTESIAN_POINT('Ctrl Pts',(-4.9599849912,-8.31903474897234,50.4009684992));
#4192=CARTESIAN_POINT('Ctrl Pts',(-4.7112719738984,-7.90074423196786,50.6798101523948));
#4193=CARTESIAN_POINT('Ctrl Pts',(-4.54536694864806,-7.71487572671165,50.8601489616468));
#4194=CARTESIAN_POINT('Ctrl Pts',(-4.11918546117821,-7.36364254577502,51.3382274858155));
#4195=CARTESIAN_POINT('Ctrl Pts',(-3.84808816415447,-7.23064695790388,51.6546166470692));
#4196=CARTESIAN_POINT('Ctrl Pts',(-3.23525439739037,-7.05924764526958,52.3838876294578));
#4197=CARTESIAN_POINT('Ctrl Pts',(-2.92142780665746,-7.06180767836455,52.7707183074334));
#4198=CARTESIAN_POINT('Ctrl Pts',(-2.59773896979505,-7.11140358547944,53.023108461218));
#4199=CARTESIAN_POINT('Ctrl Pts',(-2.53140574595626,-7.12540568754903,53.0620916981239));
#4200=CARTESIAN_POINT('Ctrl Pts',(-2.4387218461834,-7.14887433603866,53.0966269871773));
#4201=CARTESIAN_POINT('Ctrl Pts',(-2.40680463547449,-7.15768750694046,53.1049440282436));
#4202=CARTESIAN_POINT('Ctrl Pts',(-2.34852396518788,-7.17535179031609,53.111745426433));
#4203=CARTESIAN_POINT('Ctrl Pts',(-2.32319306640859,-7.18353664414688,53.1119914823562));
#4204=CARTESIAN_POINT('Ctrl Pts',(-2.26694011620889,-7.20290057895524,53.1061805222204));
#4205=CARTESIAN_POINT('Ctrl Pts',(-2.23698748478961,-7.21398846150639,53.0989245049871));
#4206=CARTESIAN_POINT('Ctrl Pts',(-2.15012418906719,-7.24829454416663,53.0671999993885));
#4207=CARTESIAN_POINT('Ctrl Pts',(-2.08917960115966,-7.27509282642085,53.0307566500603));
#4208=CARTESIAN_POINT('Ctrl Pts',(-1.92857337592015,-7.35680252547943,52.8953335073176));
#4209=CARTESIAN_POINT('Ctrl Pts',(-1.83888502756585,-7.41177035082596,52.7899140899059));
#4210=CARTESIAN_POINT('Ctrl Pts',(-1.57782042398917,-7.59477427875845,52.4488749883209));
#4211=CARTESIAN_POINT('Ctrl Pts',(-1.36265546747493,-7.78886261499818,52.0952762919691));
#4212=CARTESIAN_POINT('Ctrl Pts',(-1.01546871364114,-8.33583043935594,51.3848376531519));
#4213=CARTESIAN_POINT('Ctrl Pts',(-0.903683852098491,-8.63640022938816,
51.0828498172913));
#4214=CARTESIAN_POINT('Ctrl Pts',(-0.852832936729399,-9.04989102385398,
50.7685985192802));
#4215=CARTESIAN_POINT('Ctrl Pts',(-0.847464845436989,-9.13752002951117,
50.7071087738822));
#4216=CARTESIAN_POINT('Ctrl Pts',(-0.847464845436989,-9.22524820806461,
50.6501035310873));
#4217=CARTESIAN_POINT('Origin',(-2.99746484543699,-9.22524820806299,50.));
#4218=CARTESIAN_POINT('Origin',(-2.99746484543699,-9.22524820806299,50.));
#4219=CARTESIAN_POINT('Origin',(-2.99746484543699,-9.22524820806299,50.));
#4220=CARTESIAN_POINT('Origin',(10.9465715598535,0.273991030886295,35.));
#4221=CARTESIAN_POINT('',(9.21107179978027,3.31340554404268,33.8));
#4222=CARTESIAN_POINT('Origin',(10.9465715598535,0.273991030886295,33.8));
#4223=CARTESIAN_POINT('',(9.21107179978027,3.31340554404268,35.));
#4224=CARTESIAN_POINT('Ctrl Pts',(2.47874603663284,7.02554752925898,33.8));
#4225=CARTESIAN_POINT('Ctrl Pts',(2.47874603663284,7.02554752925898,32.8616675863557));
#4226=CARTESIAN_POINT('Ctrl Pts',(2.81635809229233,6.91856376919244,30.9937853223985));
#4227=CARTESIAN_POINT('Ctrl Pts',(4.03931138492856,6.33110722608454,28.8952429609236));
#4228=CARTESIAN_POINT('Ctrl Pts',(5.22666879323478,5.37785601342005,27.9982893897679));
#4229=CARTESIAN_POINT('Ctrl Pts',(6.04412464029949,4.39093307784581,27.845431381474));
#4230=CARTESIAN_POINT('Ctrl Pts',(6.55715544911146,3.58005733719596,27.9610764512706));
#4231=CARTESIAN_POINT('Ctrl Pts',(6.94736082552479,2.73930822316778,28.3553487572402));
#4232=CARTESIAN_POINT('Ctrl Pts',(7.29933688684297,1.66145583123588,29.2448938084719));
#4233=CARTESIAN_POINT('Ctrl Pts',(7.45041688301637,0.540420581829623,30.9937376676644));
#4234=CARTESIAN_POINT('Ctrl Pts',(7.44766740830217,0.186413989050492,32.8616675863557));
#4235=CARTESIAN_POINT('Ctrl Pts',(7.44766740830217,0.186413989050493,33.8));
#4236=CARTESIAN_POINT('Ctrl Pts',(3.15583872376819,6.78665642394938,33.8));
#4237=CARTESIAN_POINT('Ctrl Pts',(3.15583872376819,6.78665642394938,32.989314286725));
#4238=CARTESIAN_POINT('Ctrl Pts',(3.44982023915998,6.65917135553979,31.3749317990973));
#4239=CARTESIAN_POINT('Ctrl Pts',(4.45936456976099,6.03929301613773,29.615947647636));
#4240=CARTESIAN_POINT('Ctrl Pts',(5.3740588933818,5.20670549640018,28.8996743603247));
#4241=CARTESIAN_POINT('Ctrl Pts',(6.03593079536108,4.38704605457735,28.7937608036974));
#4242=CARTESIAN_POINT('Ctrl Pts',(6.47092604143326,3.71940821283175,28.8733867344202));
#4243=CARTESIAN_POINT('Ctrl Pts',(6.81488344909239,3.05486884047573,29.1851257106179));
#4244=CARTESIAN_POINT('Ctrl Pts',(7.17017319860565,2.18091252769351,29.9082808660939));
#4245=CARTESIAN_POINT('Ctrl Pts',(7.3969992738104,1.22469229238356,31.3758108844422));
#4246=CARTESIAN_POINT('Ctrl Pts',(7.42970161300434,0.904188812632048,32.989314286725));
#4247=CARTESIAN_POINT('Ctrl Pts',(7.42970161300434,0.904188812632048,33.8));
#4248=CARTESIAN_POINT('Ctrl Pts',(4.4708755221286,6.7461220589412,33.8));
#4249=CARTESIAN_POINT('Ctrl Pts',(4.4708755221286,6.7461220589412,33.211772630711));
#4250=CARTESIAN_POINT('Ctrl Pts',(4.71142345056911,6.61379018468306,32.0419656837932));
#4251=CARTESIAN_POINT('Ctrl Pts',(5.48831557049072,6.02112008190093,30.8715839912385));
#4252=CARTESIAN_POINT('Ctrl Pts',(6.09012816097432,5.39417597800845,30.465486133379));
#4253=CARTESIAN_POINT('Ctrl Pts',(6.5973178360771,4.79987228693867,30.4389266716329));
#4254=CARTESIAN_POINT('Ctrl Pts',(6.91577818157619,4.28216341202525,30.4577458753031));
#4255=CARTESIAN_POINT('Ctrl Pts',(7.16943999625026,3.82919554785606,30.6285646135808));
#4256=CARTESIAN_POINT('Ctrl Pts',(7.48212849114437,3.19784418945408,31.0647139326886));
#4257=CARTESIAN_POINT('Ctrl Pts',(7.73986128646617,2.44324891528757,32.0443320285024));
#4258=CARTESIAN_POINT('Ctrl Pts',(7.79751985995122,2.16738893652435,33.211772630711));
#4259=CARTESIAN_POINT('Ctrl Pts',(7.79751985995122,2.16738893652435,33.8));
#4260=CARTESIAN_POINT('Ctrl Pts',(5.5991563117406,7.37411692559108,33.8));
#4261=CARTESIAN_POINT('Ctrl Pts',(5.5991563117406,7.37411692559108,33.363788829662));
#4262=CARTESIAN_POINT('Ctrl Pts',(5.81318520894574,7.29288900704279,32.4954461145494));
#4263=CARTESIAN_POINT('Ctrl Pts',(6.57675664240822,6.85994078357878,31.5906248301284));
#4264=CARTESIAN_POINT('Ctrl Pts',(7.24010730995029,6.32251530681021,31.2476893320294));
#4265=CARTESIAN_POINT('Ctrl Pts',(7.85114064325337,5.71293091139631,31.20886628573));
#4266=CARTESIAN_POINT('Ctrl Pts',(8.15895132923889,5.11121309119624,31.2376116056026));
#4267=CARTESIAN_POINT('Ctrl Pts',(8.36533508856659,4.62714919351095,31.3847379310795));
#4268=CARTESIAN_POINT('Ctrl Pts',(8.59219531829517,3.98045022489323,31.740480744603));
#4269=CARTESIAN_POINT('Ctrl Pts',(8.72598619158438,3.28463127234199,32.4965657859698));
#4270=CARTESIAN_POINT('Ctrl Pts',(8.74343640849538,3.04638664752045,33.363788829662));
#4271=CARTESIAN_POINT('Ctrl Pts',(8.74343640849538,3.04638664752045,33.8));
#4272=CARTESIAN_POINT('Ctrl Pts',(5.99761365633023,7.73635123487819,33.8));
#4273=CARTESIAN_POINT('Ctrl Pts',(5.99761365633023,7.73635123487819,33.409028160982));
#4274=CARTESIAN_POINT('Ctrl Pts',(6.20105823207507,7.68270638795242,32.6307438843327));
#4275=CARTESIAN_POINT('Ctrl Pts',(6.98454603568631,7.32314589262525,31.7563512337182));
#4276=CARTESIAN_POINT('Ctrl Pts',(7.72787946434594,6.78790171623089,31.38262057907));
#4277=CARTESIAN_POINT('Ctrl Pts',(8.41692947296782,6.12447172751928,31.3189297422809));
#4278=CARTESIAN_POINT('Ctrl Pts',(8.74508987883844,5.45346943238517,31.3671151880295));
#4279=CARTESIAN_POINT('Ctrl Pts',(8.94834066274644,4.91762102972787,31.5313953155168));
#4280=CARTESIAN_POINT('Ctrl Pts',(9.14591247551243,4.22471317415386,31.9020390868634));
#4281=CARTESIAN_POINT('Ctrl Pts',(9.21694930800426,3.53422218038895,32.6307240281935));
#4282=CARTESIAN_POINT('Ctrl Pts',(9.21107179978027,3.31340554404268,33.409028160982));
#4283=CARTESIAN_POINT('Ctrl Pts',(9.21107179978027,3.31340554404268,33.8));
#4284=CARTESIAN_POINT('',(5.99761365633023,7.73635123487819,33.8));
#4285=CARTESIAN_POINT('Origin',(3.64325759746706,10.3261403282397,33.8));
#4286=CARTESIAN_POINT('Ctrl Pts',(5.99761365633023,7.73635123487819,33.8));
#4287=CARTESIAN_POINT('Ctrl Pts',(5.99761365633023,7.73635123487819,33.409028160982));
#4288=CARTESIAN_POINT('Ctrl Pts',(6.20105823207507,7.68270638795242,32.6307438843327));
#4289=CARTESIAN_POINT('Ctrl Pts',(6.98454603568631,7.32314589262525,31.7563512337182));
#4290=CARTESIAN_POINT('Ctrl Pts',(7.72787946434594,6.78790171623089,31.38262057907));
#4291=CARTESIAN_POINT('Ctrl Pts',(8.41692947296782,6.12447172751928,31.3189297422809));
#4292=CARTESIAN_POINT('Ctrl Pts',(8.74508987883844,5.45346943238517,31.3671151880295));
#4293=CARTESIAN_POINT('Ctrl Pts',(8.94834066274644,4.91762102972787,31.5313953155168));
#4294=CARTESIAN_POINT('Ctrl Pts',(9.14591247551243,4.22471317415386,31.9020390868634));
#4295=CARTESIAN_POINT('Ctrl Pts',(9.21694930800426,3.53422218038895,32.6307240281935));
#4296=CARTESIAN_POINT('Ctrl Pts',(9.21107179978027,3.31340554404268,33.409028160982));
#4297=CARTESIAN_POINT('Ctrl Pts',(9.21107179978027,3.31340554404268,33.8));
#4298=CARTESIAN_POINT('Origin',(3.64325759746706,10.3261403282397,35.));
#4299=CARTESIAN_POINT('',(5.99761365633023,7.73635123487819,35.));
#4300=CARTESIAN_POINT('Origin',(3.64325759746706,-10.3261403282397,35.));
#4301=CARTESIAN_POINT('',(5.99761365633022,-7.73635123487819,33.8));
#4302=CARTESIAN_POINT('Origin',(3.64325759746706,-10.3261403282397,33.8));
#4303=CARTESIAN_POINT('',(5.99761365633022,-7.73635123487819,35.));
#4304=CARTESIAN_POINT('Ctrl Pts',(7.44766740830217,-0.186413989050498,33.8));
#4305=CARTESIAN_POINT('Ctrl Pts',(7.44766740830217,-0.186413989050497,32.8616675863557));
#4306=CARTESIAN_POINT('Ctrl Pts',(7.45032753683865,-0.540322103678506,30.9939214416999));
#4307=CARTESIAN_POINT('Ctrl Pts',(7.29931827117342,-1.66108174218424,29.2450082699784));
#4308=CARTESIAN_POINT('Ctrl Pts',(6.99115604406768,-2.60444409913212,28.4667386159779));
#4309=CARTESIAN_POINT('Ctrl Pts',(6.75243365073509,-3.15933311729139,28.158101936417));
#4310=CARTESIAN_POINT('Ctrl Pts',(6.47131823063418,-3.71478409977649,27.9423828394389));
#4311=CARTESIAN_POINT('Ctrl Pts',(6.12950936603799,-4.25613983216697,27.8643388113427));
#4312=CARTESIAN_POINT('Ctrl Pts',(5.7375128131279,-4.76021290592023,27.9035561885022));
#4313=CARTESIAN_POINT('Ctrl Pts',(5.10754079966952,-5.47309256671024,28.0883245932309));
#4314=CARTESIAN_POINT('Ctrl Pts',(4.04001068487384,-6.33241193133762,28.8935385365647));
#4315=CARTESIAN_POINT('Ctrl Pts',(2.81611101799564,-6.91820793674529,30.9943182786537));
#4316=CARTESIAN_POINT('Ctrl Pts',(2.47874603663284,-7.02554752925899,32.8616675863557));
#4317=CARTESIAN_POINT('Ctrl Pts',(2.47874603663284,-7.02554752925899,33.8));
#4318=CARTESIAN_POINT('Ctrl Pts',(7.42970161300434,-0.904188812632053,33.8));
#4319=CARTESIAN_POINT('Ctrl Pts',(7.42970161300434,-0.904188812632053,32.9893142867251));
#4320=CARTESIAN_POINT('Ctrl Pts',(7.39724112257557,-1.22422437310347,31.3758756736595));
#4321=CARTESIAN_POINT('Ctrl Pts',(7.16933555946707,-2.18229561705468,29.9083630587404));
#4322=CARTESIAN_POINT('Ctrl Pts',(6.8597052077272,-2.94519109304425,29.2754180845934));
#4323=CARTESIAN_POINT('Ctrl Pts',(6.64206599874304,-3.38887886151229,29.029100702383));
#4324=CARTESIAN_POINT('Ctrl Pts',(6.39813785759814,-3.83085793794196,28.8602239783655));
#4325=CARTESIAN_POINT('Ctrl Pts',(6.11051231584813,-4.2737696328423,28.8068039929259));
#4326=CARTESIAN_POINT('Ctrl Pts',(5.78583777103383,-4.6972047007977,28.8334077234689));
#4327=CARTESIAN_POINT('Ctrl Pts',(5.28531533086478,-5.28717204031005,28.9713627336744));
#4328=CARTESIAN_POINT('Ctrl Pts',(4.46004776820481,-6.04081070296254,29.6141805097938));
#4329=CARTESIAN_POINT('Ctrl Pts',(3.44989258666457,-6.65711861557152,31.3760049605834));
#4330=CARTESIAN_POINT('Ctrl Pts',(3.15583872376819,-6.78665642394938,32.989314286725));
#4331=CARTESIAN_POINT('Ctrl Pts',(3.15583872376819,-6.78665642394938,33.8));
#4332=CARTESIAN_POINT('Ctrl Pts',(7.79751985995122,-2.16738893652435,33.8));
#4333=CARTESIAN_POINT('Ctrl Pts',(7.79751985995122,-2.16738893652435,33.2117726307111));
#4334=CARTESIAN_POINT('Ctrl Pts',(7.74038794811807,-2.44212392985865,32.0442653891023));
#4335=CARTESIAN_POINT('Ctrl Pts',(7.47910517181993,-3.20203589235819,31.0652236003961));
#4336=CARTESIAN_POINT('Ctrl Pts',(7.20897247452689,-3.74869775490123,30.6829225797065));
#4337=CARTESIAN_POINT('Ctrl Pts',(7.03935091005938,-4.06115323129661,30.5432257586886));
#4338=CARTESIAN_POINT('Ctrl Pts',(6.86096259376498,-4.36943486554805,30.4543187278444));
#4339=CARTESIAN_POINT('Ctrl Pts',(6.65668325082862,-4.70591020317805,30.4426133064189));
#4340=CARTESIAN_POINT('Ctrl Pts',(6.40009462191761,-5.03039367727142,30.447976991122));
#4341=CARTESIAN_POINT('Ctrl Pts',(6.03628872201707,-5.44811802011275,30.5068444377926));
#4342=CARTESIAN_POINT('Ctrl Pts',(5.48813078129278,-6.02428970626013,30.8695345215358));
#4343=CARTESIAN_POINT('Ctrl Pts',(4.71384969378,-6.60842818726033,32.043708715414));
#4344=CARTESIAN_POINT('Ctrl Pts',(4.47087552212859,-6.74612205894121,33.2117726307108));
#4345=CARTESIAN_POINT('Ctrl Pts',(4.47087552212859,-6.74612205894121,33.8));
#4346=CARTESIAN_POINT('Ctrl Pts',(8.74343640849538,-3.04638664752045,33.8));
#4347=CARTESIAN_POINT('Ctrl Pts',(8.74343640849538,-3.04638664752045,33.3637888296621));
#4348=CARTESIAN_POINT('Ctrl Pts',(8.72665312280155,-3.28295572728177,32.4965454542043));
#4349=CARTESIAN_POINT('Ctrl Pts',(8.58841454083093,-3.98666367271559,31.7405998917943));
#4350=CARTESIAN_POINT('Ctrl Pts',(8.39429453060731,-4.54394415814116,31.4290422003959));
#4351=CARTESIAN_POINT('Ctrl Pts',(8.25786549809984,-4.87672133989159,31.3110998219835));
#4352=CARTESIAN_POINT('Ctrl Pts',(8.10506146760546,-5.21248206367452,31.2326726756913));
#4353=CARTESIAN_POINT('Ctrl Pts',(7.91175412709942,-5.60246459318643,31.2137041818964));
#4354=CARTESIAN_POINT('Ctrl Pts',(7.6115973483815,-5.9513061356622,31.2229639734351));
#4355=CARTESIAN_POINT('Ctrl Pts',(7.18388086025281,-6.36370642413904,31.282071204297));
#4356=CARTESIAN_POINT('Ctrl Pts',(6.57430994839818,-6.86471954073302,31.5894547015427));
#4357=CARTESIAN_POINT('Ctrl Pts',(5.81794789668816,-7.28615607892458,32.49640818313));
#4358=CARTESIAN_POINT('Ctrl Pts',(5.5991563117406,-7.37411692559108,33.3637888296617));
#4359=CARTESIAN_POINT('Ctrl Pts',(5.5991563117406,-7.37411692559108,33.8));
#4360=CARTESIAN_POINT('Ctrl Pts',(9.21107179978027,-3.31340554404269,33.8));
#4361=CARTESIAN_POINT('Ctrl Pts',(9.21107179978027,-3.31340554404269,33.4090281609821));
#4362=CARTESIAN_POINT('Ctrl Pts',(9.21761968383444,-3.53242628980651,32.6308006007081));
#4363=CARTESIAN_POINT('Ctrl Pts',(9.14201051896549,-4.23142330338954,31.9020867791578));
#4364=CARTESIAN_POINT('Ctrl Pts',(8.97364910522562,-4.82845061653855,31.5778077566575));
#4365=CARTESIAN_POINT('Ctrl Pts',(8.84221386400722,-5.19348657132283,31.4492091401738));
#4366=CARTESIAN_POINT('Ctrl Pts',(8.68752499532186,-5.56627245136622,31.3593261830996));
#4367=CARTESIAN_POINT('Ctrl Pts',(8.48174505321567,-6.00187500268321,31.3268078380595));
#4368=CARTESIAN_POINT('Ctrl Pts',(8.14730428344807,-6.38327156900096,31.343148411876));
#4369=CARTESIAN_POINT('Ctrl Pts',(7.66464940157588,-6.82795122280537,31.4201352471796));
#4370=CARTESIAN_POINT('Ctrl Pts',(6.98096484420135,-7.32866226971673,31.755641056902));
#4371=CARTESIAN_POINT('Ctrl Pts',(6.20680872459758,-7.67564269855549,32.6309659494391));
#4372=CARTESIAN_POINT('Ctrl Pts',(5.99761365633022,-7.73635123487819,33.4090281609816));
#4373=CARTESIAN_POINT('Ctrl Pts',(5.99761365633022,-7.73635123487819,33.8));
#4374=CARTESIAN_POINT('',(9.21107179978027,-3.31340554404269,33.8));
#4375=CARTESIAN_POINT('Origin',(10.9465715598535,-0.273991030886302,33.8));
#4376=CARTESIAN_POINT('Ctrl Pts',(9.21107179978027,-3.31340554404269,33.8));
#4377=CARTESIAN_POINT('Ctrl Pts',(9.21107179978027,-3.31340554404269,33.4090281609821));
#4378=CARTESIAN_POINT('Ctrl Pts',(9.21761968383444,-3.53242628980651,32.6308006007081));
#4379=CARTESIAN_POINT('Ctrl Pts',(9.14201051896549,-4.23142330338954,31.9020867791578));
#4380=CARTESIAN_POINT('Ctrl Pts',(8.97364910522562,-4.82845061653855,31.5778077566575));
#4381=CARTESIAN_POINT('Ctrl Pts',(8.84221386400722,-5.19348657132283,31.4492091401738));
#4382=CARTESIAN_POINT('Ctrl Pts',(8.68752499532186,-5.56627245136622,31.3593261830996));
#4383=CARTESIAN_POINT('Ctrl Pts',(8.48174505321567,-6.00187500268321,31.3268078380595));
#4384=CARTESIAN_POINT('Ctrl Pts',(8.14730428344807,-6.38327156900096,31.343148411876));
#4385=CARTESIAN_POINT('Ctrl Pts',(7.66464940157588,-6.82795122280537,31.4201352471796));
#4386=CARTESIAN_POINT('Ctrl Pts',(6.98096484420135,-7.32866226971673,31.755641056902));
#4387=CARTESIAN_POINT('Ctrl Pts',(6.20680872459758,-7.67564269855549,32.6309659494391));
#4388=CARTESIAN_POINT('Ctrl Pts',(5.99761365633022,-7.73635123487819,33.4090281609816));
#4389=CARTESIAN_POINT('Ctrl Pts',(5.99761365633022,-7.73635123487819,33.8));
#4390=CARTESIAN_POINT('Origin',(10.9465715598535,-0.273991030886303,35.));
#4391=CARTESIAN_POINT('',(9.21107179978027,-3.31340554404269,35.));
#4392=CARTESIAN_POINT('Origin',(-8.69491453484759,-6.65589672633944,35.));
#4393=CARTESIAN_POINT('',(-5.50434270877766,-8.09473355610463,33.8));
#4394=CARTESIAN_POINT('Origin',(-8.69491453484759,-6.65589672633944,33.8));
#4395=CARTESIAN_POINT('',(-5.50434270877766,-8.09473355610463,35.));
#4396=CARTESIAN_POINT('Ctrl Pts',(2.12416555860274,-7.14075771047064,33.8));
#4397=CARTESIAN_POINT('Ctrl Pts',(2.12416555860274,-7.14075771047064,32.8616675863557));
#4398=CARTESIAN_POINT('Ctrl Pts',(1.78842391963466,-7.25271636872171,30.9938798392139));
#4399=CARTESIAN_POINT('Ctrl Pts',(0.675679210325038,-7.4554060694588,29.2450918223451));
#4400=CARTESIAN_POINT('Ctrl Pts',(-0.458309309075629,-7.45375704989743,
28.3554314520302));
#4401=CARTESIAN_POINT('Ctrl Pts',(-1.37823043502329,-7.34234562428346,27.9614229471293));
#4402=CARTESIAN_POINT('Ctrl Pts',(-2.30852096038415,-7.10524168116818,27.8452042745646));
#4403=CARTESIAN_POINT('Ctrl Pts',(-3.20048015568434,-6.75017722218329,27.9614302422836));
#4404=CARTESIAN_POINT('Ctrl Pts',(-4.01035382190467,-6.29958895035846,28.3554051244106));
#4405=CARTESIAN_POINT('Ctrl Pts',(-4.92829679736772,-5.63408683662519,29.2456240922682));
#4406=CARTESIAN_POINT('Ctrl Pts',(-5.71064032420422,-4.81696235722727,30.992606278928));
#4407=CARTESIAN_POINT('Ctrl Pts',(-5.91571810818398,-4.5284411517104,32.8616675863557));
#4408=CARTESIAN_POINT('Ctrl Pts',(-5.91571810818398,-4.5284411517104,33.8));
#4409=CARTESIAN_POINT('Ctrl Pts',(1.43596939933841,-7.3454758424034,33.8));
#4410=CARTESIAN_POINT('Ctrl Pts',(1.43596939933841,-7.3454758424034,32.9893142867251));
#4411=CARTESIAN_POINT('Ctrl Pts',(1.1211401227984,-7.41337460109174,31.3759282595484));
#4412=CARTESIAN_POINT('Ctrl Pts',(0.141327215467783,-7.49305384984872,29.9083709789366));
#4413=CARTESIAN_POINT('Ctrl Pts',(-0.799484889770764,-7.42533126463865,
29.1851475276147));
#4414=CARTESIAN_POINT('Ctrl Pts',(-1.53841480122887,-7.30329199720199,28.8734961795148));
#4415=CARTESIAN_POINT('Ctrl Pts',(-2.30630736467772,-7.09655998302252,28.7936818444644));
#4416=CARTESIAN_POINT('Ctrl Pts',(-3.04840382218413,-6.8126036209078,28.8736590985622));
#4417=CARTESIAN_POINT('Ctrl Pts',(-3.71743116818797,-6.47690538549849,29.1853783742039));
#4418=CARTESIAN_POINT('Ctrl Pts',(-4.51839144520005,-5.97854574583956,29.9090347346975));
#4419=CARTESIAN_POINT('Ctrl Pts',(-5.26445625886293,-5.3400186836508,31.3744611234716));
#4420=CARTESIAN_POINT('Ctrl Pts',(-5.47928601870251,-5.09857315260059,32.9893142867251));
#4421=CARTESIAN_POINT('Ctrl Pts',(-5.47928601870251,-5.09857315260058,33.8));
#4422=CARTESIAN_POINT('Ctrl Pts',(0.348256332928882,-8.0856416258145,33.8));
#4423=CARTESIAN_POINT('Ctrl Pts',(0.348256332928882,-8.0856416258145,33.2117726307111));
#4424=CARTESIAN_POINT('Ctrl Pts',(0.0681403411741257,-8.11603975141221,
32.0444048167198));
#4425=CARTESIAN_POINT('Ctrl Pts',(-0.729963680436879,-8.10376212034683,
31.064678002961));
#4426=CARTESIAN_POINT('Ctrl Pts',(-1.42626068149691,-8.00176664380349,30.628581539077));
#4427=CARTESIAN_POINT('Ctrl Pts',(-1.93732794838748,-7.89972622946712,30.4575801391126));
#4428=CARTESIAN_POINT('Ctrl Pts',(-2.52298369824832,-7.75884869591735,30.4392075381008));
#4429=CARTESIAN_POINT('Ctrl Pts',(-3.07717113783337,-7.52973552735429,30.4579592890207));
#4430=CARTESIAN_POINT('Ctrl Pts',(-3.54846027196878,-7.31249482321431,30.6288645563222));
#4431=CARTESIAN_POINT('Ctrl Pts',(-4.17251489657257,-6.98414719467429,31.0660435488219));
#4432=CARTESIAN_POINT('Ctrl Pts',(-4.82461506340215,-6.52840085287168,32.0426654913555));
#4433=CARTESIAN_POINT('Ctrl Pts',(-5.03436619471406,-6.33672154919636,33.2117726307111));
#4434=CARTESIAN_POINT('Ctrl Pts',(-5.03436619471406,-6.33672154919635,33.8));
#4435=CARTESIAN_POINT('Ctrl Pts',(-0.195415432817145,-9.25688741663256,
33.8));
#4436=CARTESIAN_POINT('Ctrl Pts',(-0.195415432817146,-9.25688741663256,
33.3637888296621));
#4437=CARTESIAN_POINT('Ctrl Pts',(-0.427321416970519,-9.31390236690646,
32.4966224398322));
#4438=CARTESIAN_POINT('Ctrl Pts',(-1.13141551830945,-9.40113940312598,31.7404789608743));
#4439=CARTESIAN_POINT('Ctrl Pts',(-1.81557899008532,-9.38570750372762,31.3847305361339));
#4440=CARTESIAN_POINT('Ctrl Pts',(-2.34207834999723,-9.33775446257724,31.2375536842895));
#4441=CARTESIAN_POINT('Ctrl Pts',(-3.00304992605974,-9.23417057678615,31.2089295421304));
#4442=CARTESIAN_POINT('Ctrl Pts',(-3.59536885203641,-8.9314194695358,31.2377393282043));
#4443=CARTESIAN_POINT('Ctrl Pts',(-4.04664883886639,-8.66143759660748,31.384955463128));
#4444=CARTESIAN_POINT('Ctrl Pts',(-4.61019655507434,-8.27066140003966,31.7410670857397));
#4445=CARTESIAN_POINT('Ctrl Pts',(-5.12768837755583,-7.78825079617496,32.4955885397594));
#4446=CARTESIAN_POINT('Ctrl Pts',(-5.28296749951618,-7.60384154455162,33.3637888296621));
#4447=CARTESIAN_POINT('Ctrl Pts',(-5.28296749951618,-7.60384154455162,33.8));
#4448=CARTESIAN_POINT('Ctrl Pts',(-0.30485821125035,-9.78414847960891,33.8));
#4449=CARTESIAN_POINT('Ctrl Pts',(-0.30485821125035,-9.78414847960891,33.4090281609821));
#4450=CARTESIAN_POINT('Ctrl Pts',(-0.512980741816607,-9.85796042508644,
32.6307832663389));
#4451=CARTESIAN_POINT('Ctrl Pts',(-1.19260126011381,-10.0031812747568,31.9021215926439));
#4452=CARTESIAN_POINT('Ctrl Pts',(-1.91163104168967,-10.0299454106334,31.5314297716793));
#4453=CARTESIAN_POINT('Ctrl Pts',(-2.48640808090922,-10.000836667302,31.3672595613039));
#4454=CARTESIAN_POINT('Ctrl Pts',(-3.21945436095104,-9.89966845756305,31.318835114402));
#4455=CARTESIAN_POINT('Ctrl Pts',(-3.86837784336869,-9.55284768704571,31.3672626009516));
#4456=CARTESIAN_POINT('Ctrl Pts',(-4.34744915564648,-9.23927934192523,31.5314188018378));
#4457=CARTESIAN_POINT('Ctrl Pts',(-4.91440963388744,-8.79421044014315,31.9023433717786));
#4458=CARTESIAN_POINT('Ctrl Pts',(-5.37837364754463,-8.27823890137232,32.63025261622));
#4459=CARTESIAN_POINT('Ctrl Pts',(-5.50434270877766,-8.09473355610463,33.4090281609821));
#4460=CARTESIAN_POINT('Ctrl Pts',(-5.50434270877766,-8.09473355610463,33.8));
#4461=CARTESIAN_POINT('',(-0.304858211250351,-9.78414847960891,33.8));
#4462=CARTESIAN_POINT('Origin',(3.12209568680537,-10.4954760979401,33.8));
#4463=CARTESIAN_POINT('Ctrl Pts',(-0.30485821125035,-9.78414847960891,33.8));
#4464=CARTESIAN_POINT('Ctrl Pts',(-0.30485821125035,-9.78414847960891,33.4090281609821));
#4465=CARTESIAN_POINT('Ctrl Pts',(-0.512980741816607,-9.85796042508644,
32.6307832663389));
#4466=CARTESIAN_POINT('Ctrl Pts',(-1.19260126011381,-10.0031812747568,31.9021215926439));
#4467=CARTESIAN_POINT('Ctrl Pts',(-1.91163104168967,-10.0299454106334,31.5314297716793));
#4468=CARTESIAN_POINT('Ctrl Pts',(-2.48640808090922,-10.000836667302,31.3672595613039));
#4469=CARTESIAN_POINT('Ctrl Pts',(-3.21945436095104,-9.89966845756305,31.318835114402));
#4470=CARTESIAN_POINT('Ctrl Pts',(-3.86837784336869,-9.55284768704571,31.3672626009516));
#4471=CARTESIAN_POINT('Ctrl Pts',(-4.34744915564648,-9.23927934192523,31.5314188018378));
#4472=CARTESIAN_POINT('Ctrl Pts',(-4.91440963388744,-8.79421044014315,31.9023433717786));
#4473=CARTESIAN_POINT('Ctrl Pts',(-5.37837364754463,-8.27823890137232,32.63025261622));
#4474=CARTESIAN_POINT('Ctrl Pts',(-5.50434270877766,-8.09473355610463,33.4090281609821));
#4475=CARTESIAN_POINT('Ctrl Pts',(-5.50434270877766,-8.09473355610463,33.8));
#4476=CARTESIAN_POINT('Origin',(3.12209568680537,-10.4954760979401,35.));
#4477=CARTESIAN_POINT('',(-0.304858211250351,-9.78414847960891,35.));
#4478=CARTESIAN_POINT('Origin',(-9.01701030927835,6.21256992575279,35.));
#4479=CARTESIAN_POINT('',(-9.39948453608247,2.73353076733123,33.8));
#4480=CARTESIAN_POINT('Origin',(-9.01701030927835,6.21256992575279,33.8));
#4481=CARTESIAN_POINT('',(-9.39948453608247,2.73353076733123,35.));
#4482=CARTESIAN_POINT('Ctrl Pts',(-6.13486089535377,-4.22681698144824,33.8));
#4483=CARTESIAN_POINT('Ctrl Pts',(-6.13486089535377,-4.22681698144824,32.8616675863557));
#4484=CARTESIAN_POINT('Ctrl Pts',(-6.34510314913967,-3.94182540463285,30.9937813306869));
#4485=CARTESIAN_POINT('Ctrl Pts',(-6.98920075963834,-2.74773117039289,28.8952356545967));
#4486=CARTESIAN_POINT('Ctrl Pts',(-7.3894805718386,-1.27862016474363,27.9982893018393));
#4487=CARTESIAN_POINT('Ctrl Pts',(-7.47071609403918,0.000307359024783676,
27.8454343293443));
#4488=CARTESIAN_POINT('Ctrl Pts',(-7.40914618697961,0.957871893715151,27.9610788698301));
#4489=CARTESIAN_POINT('Ctrl Pts',(-7.23064817443401,1.86740995582658,28.3553514305489));
#4490=CARTESIAN_POINT('Ctrl Pts',(-6.88185965619073,2.94629737008316,29.2448953047409));
#4491=CARTESIAN_POINT('Ctrl Pts',(-6.34515670088358,3.94203932410058,30.9937338909038));
#4492=CARTESIAN_POINT('Ctrl Pts',(-6.13486089535376,4.22681698144824,32.8616675863557));
#4493=CARTESIAN_POINT('Ctrl Pts',(-6.13486089535376,4.22681698144824,33.8));
#4494=CARTESIAN_POINT('Ctrl Pts',(-6.54222371740843,-3.63556492151451,33.8));
#4495=CARTESIAN_POINT('Ctrl Pts',(-6.54222371740843,-3.63556492151451,32.9893142867251));
#4496=CARTESIAN_POINT('Ctrl Pts',(-6.70511861324369,-3.35963634349063,31.3749269952512));
#4497=CARTESIAN_POINT('Ctrl Pts',(-7.15751565149034,-2.26475016977646,29.6159361438196));
#4498=CARTESIAN_POINT('Ctrl Pts',(-7.40814514930196,-1.05352554366631,28.8996624290673));
#4499=CARTESIAN_POINT('Ctrl Pts',(-7.46183250599485,-0.00136117414271633,
28.7937484419747));
#4500=CARTESIAN_POINT('Ctrl Pts',(-7.42131881779474,0.794454998315005,28.8733767622821));
#4501=CARTESIAN_POINT('Ctrl Pts',(-7.30897521655931,1.53425347168605,29.1851179171968));
#4502=CARTESIAN_POINT('Ctrl Pts',(-7.08270404965525,2.45013372026783,29.9082768235395));
#4503=CARTESIAN_POINT('Ctrl Pts',(-6.70414523793167,3.3570593000367,31.3758065553725));
#4504=CARTESIAN_POINT('Ctrl Pts',(-6.54222371740843,3.63556492151452,32.989314286725));
#4505=CARTESIAN_POINT('Ctrl Pts',(-6.54222371740843,3.63556492151452,33.8));
#4506=CARTESIAN_POINT('Ctrl Pts',(-7.58228165564282,-2.82980578758532,33.8));
#4507=CARTESIAN_POINT('Ctrl Pts',(-7.58228165564282,-2.82980578758532,33.2117726307112));
#4508=CARTESIAN_POINT('Ctrl Pts',(-7.69908941055376,-2.58133177359158,32.0419710153596));
#4509=CARTESIAN_POINT('Ctrl Pts',(-7.97924737623516,-1.64518403079193,30.871588895953));
#4510=CARTESIAN_POINT('Ctrl Pts',(-8.09760304190571,-0.784271330411703,
30.4654985109786));
#4511=CARTESIAN_POINT('Ctrl Pts',(-8.15860212821154,-0.00536641487094288,
30.4389417382889));
#4512=CARTESIAN_POINT('Ctrl Pts',(-8.11194423595331,0.600641223160485,30.4577610260565));
#4513=CARTESIAN_POINT('Ctrl Pts',(-8.05091465113909,1.11618070512441,30.6285798610239));
#4514=CARTESIAN_POINT('Ctrl Pts',(-7.93279516442668,1.81074867687516,31.0647240007054));
#4515=CARTESIAN_POINT('Ctrl Pts',(-7.69777432128314,2.5727154844774,32.0443319982794));
#4516=CARTESIAN_POINT('Ctrl Pts',(-7.58228165564281,2.82980578758533,33.2117726307109));
#4517=CARTESIAN_POINT('Ctrl Pts',(-7.58228165564281,2.82980578758533,33.8));
#4518=CARTESIAN_POINT('Ctrl Pts',(-8.86420978790264,-2.67468440598968,33.8));
#4519=CARTESIAN_POINT('Ctrl Pts',(-8.86420978790264,-2.67468440598968,33.3637888296622));
#4520=CARTESIAN_POINT('Ctrl Pts',(-8.9896088831607,-2.4831364311268,32.4954436475363));
#4521=CARTESIAN_POINT('Ctrl Pts',(-9.35287404309747,-1.68403862074083,31.5906179936554));
#4522=CARTESIAN_POINT('Ctrl Pts',(-9.57363702693533,-0.859372710719765,
31.247681372766));
#4523=CARTESIAN_POINT('Ctrl Pts',(-9.70966718978119,-0.00706274316557807,
31.208857595398));
#4524=CARTESIAN_POINT('Ctrl Pts',(-9.60501488948919,0.660648719028708,31.2376048329526));
#4525=CARTESIAN_POINT('Ctrl Pts',(-9.48745881208632,1.17355412538325,31.3847326094124));
#4526=CARTESIAN_POINT('Ctrl Pts',(-9.29087638512483,1.830092332302,31.7404778833208));
#4527=CARTESIAN_POINT('Ctrl Pts',(-8.99012629502334,2.47165661783183,32.4965624407803));
#4528=CARTESIAN_POINT('Ctrl Pts',(-8.86420978790264,2.67468440598968,33.3637888296618));
#4529=CARTESIAN_POINT('Ctrl Pts',(-8.86420978790264,2.67468440598968,33.8));
#4530=CARTESIAN_POINT('Ctrl Pts',(-9.39948453608247,-2.73353076733122,33.8));
#4531=CARTESIAN_POINT('Ctrl Pts',(-9.39948453608247,-2.73353076733122,33.4090281609822));
#4532=CARTESIAN_POINT('Ctrl Pts',(-9.53253627649235,-2.57051444839326,32.6307422211196));
#4533=CARTESIAN_POINT('Ctrl Pts',(-9.9550497664293,-1.81908278822684,31.7563481894154));
#4534=CARTESIAN_POINT('Ctrl Pts',(-10.2418030210202,-0.949170408093842,
31.3826205424331));
#4535=CARTESIAN_POINT('Ctrl Pts',(-10.4093003661668,-0.00744318807296525,
31.3189309705602));
#4536=CARTESIAN_POINT('Ctrl Pts',(-10.2803872799238,0.728279670337469,31.3671161957626));
#4537=CARTESIAN_POINT('Ctrl Pts',(-10.1298585086005,1.28123545958826,31.5313964293954));
#4538=CARTESIAN_POINT('Ctrl Pts',(-9.88241924297579,1.95794241056342,31.9020397103088));
#4539=CARTESIAN_POINT('Ctrl Pts',(-9.53402991796469,2.55830946586657,32.6307224545433));
#4540=CARTESIAN_POINT('Ctrl Pts',(-9.39948453608247,2.73353076733123,33.4090281609817));
#4541=CARTESIAN_POINT('Ctrl Pts',(-9.39948453608247,2.73353076733123,33.8));
#4542=CARTESIAN_POINT('',(-9.39948453608247,-2.73353076733122,33.8));
#4543=CARTESIAN_POINT('Origin',(-9.01701030927835,-6.21256992575278,33.8));
#4544=CARTESIAN_POINT('Ctrl Pts',(-9.39948453608247,-2.73353076733122,33.8));
#4545=CARTESIAN_POINT('Ctrl Pts',(-9.39948453608247,-2.73353076733122,33.4090281609822));
#4546=CARTESIAN_POINT('Ctrl Pts',(-9.53253627649235,-2.57051444839326,32.6307422211196));
#4547=CARTESIAN_POINT('Ctrl Pts',(-9.9550497664293,-1.81908278822684,31.7563481894154));
#4548=CARTESIAN_POINT('Ctrl Pts',(-10.2418030210202,-0.949170408093842,
31.3826205424331));
#4549=CARTESIAN_POINT('Ctrl Pts',(-10.4093003661668,-0.00744318807296525,
31.3189309705602));
#4550=CARTESIAN_POINT('Ctrl Pts',(-10.2803872799238,0.728279670337469,31.3671161957626));
#4551=CARTESIAN_POINT('Ctrl Pts',(-10.1298585086005,1.28123545958826,31.5313964293954));
#4552=CARTESIAN_POINT('Ctrl Pts',(-9.88241924297579,1.95794241056342,31.9020397103088));
#4553=CARTESIAN_POINT('Ctrl Pts',(-9.53402991796469,2.55830946586657,32.6307224545433));
#4554=CARTESIAN_POINT('Ctrl Pts',(-9.39948453608247,2.73353076733123,33.4090281609817));
#4555=CARTESIAN_POINT('Ctrl Pts',(-9.39948453608247,2.73353076733123,33.8));
#4556=CARTESIAN_POINT('Origin',(-9.01701030927835,-6.21256992575278,35.));
#4557=CARTESIAN_POINT('',(-9.39948453608247,-2.73353076733122,35.));
#4558=CARTESIAN_POINT('Origin',(3.12209568680538,10.4954760979401,35.));
#4559=CARTESIAN_POINT('',(-0.304858211250343,9.78414847960891,33.8));
#4560=CARTESIAN_POINT('Origin',(3.12209568680538,10.4954760979401,33.8));
#4561=CARTESIAN_POINT('',(-0.304858211250344,9.78414847960891,35.));
#4562=CARTESIAN_POINT('Ctrl Pts',(-5.91571810818398,4.5284411517104,33.8));
#4563=CARTESIAN_POINT('Ctrl Pts',(-5.91571810818398,4.5284411517104,32.8616675863557));
#4564=CARTESIAN_POINT('Ctrl Pts',(-5.7099050654269,4.81636158163048,30.9938798309388));
#4565=CARTESIAN_POINT('Ctrl Pts',(-4.92881369865092,5.63439592771109,29.2450918217697));
#4566=CARTESIAN_POINT('Ctrl Pts',(-4.01042844393139,6.29960356823689,28.3554314519918));
#4567=CARTESIAN_POINT('Ctrl Pts',(-3.20071062625394,6.75018590406505,27.9614229472059));
#4568=CARTESIAN_POINT('Ctrl Pts',(-2.30872357958815,7.10517583576908,27.8452042747886));
#4569=CARTESIAN_POINT('Ctrl Pts',(-1.37841177971606,7.34220311603961,27.9614302417099));
#4570=CARTESIAN_POINT('Ctrl Pts',(-0.458361078954382,7.453701342977,28.3554051229671));
#4571=CARTESIAN_POINT('Ctrl Pts',(0.675442715518518,7.45485216895673,29.2456240894315));
#4572=CARTESIAN_POINT('Ctrl Pts',(1.78866564379288,7.2536345577812,30.9926062764812));
#4573=CARTESIAN_POINT('Ctrl Pts',(2.12416555860274,7.14075771047064,32.8616675863557));
#4574=CARTESIAN_POINT('Ctrl Pts',(2.12416555860275,7.14075771047064,33.8));
#4575=CARTESIAN_POINT('Ctrl Pts',(-5.4792860187025,5.09857315260059,33.8));
#4576=CARTESIAN_POINT('Ctrl Pts',(-5.4792860187025,5.09857315260059,32.989314286725));
#4577=CARTESIAN_POINT('Ctrl Pts',(-5.26449368629692,5.33855638818832,31.3759282528666));
#4578=CARTESIAN_POINT('Ctrl Pts',(-4.5186426842885,5.97893785142013,29.9083709726574));
#4579=CARTESIAN_POINT('Ctrl Pts',(-3.71770337068962,6.47714462108847,29.1851475152255));
#4580=CARTESIAN_POINT('Ctrl Pts',(-3.04816363115984,6.81274489240043,28.8734961638669));
#4581=CARTESIAN_POINT('Ctrl Pts',(-2.30541146756458,7.09685111038762,28.7936818250999));
#4582=CARTESIAN_POINT('Ctrl Pts',(-1.53813744457044,7.30331893973457,28.8736590811554));
#4583=CARTESIAN_POINT('Ctrl Pts',(-0.799564464571697,7.42497776296673,29.1853783598574));
#4584=CARTESIAN_POINT('Ctrl Pts',(0.141354461712225,7.49258897795565,29.9090347230627));
#4585=CARTESIAN_POINT('Ctrl Pts',(1.12025037678938,7.41453560356919,31.3744611206638));
#4586=CARTESIAN_POINT('Ctrl Pts',(1.43596939933841,7.3454758424034,32.989314286725));
#4587=CARTESIAN_POINT('Ctrl Pts',(1.43596939933841,7.3454758424034,33.8));
#4588=CARTESIAN_POINT('Ctrl Pts',(-5.03436619471406,6.33672154919636,33.8));
#4589=CARTESIAN_POINT('Ctrl Pts',(-5.03436619471406,6.33672154919636,33.2117726307109));
#4590=CARTESIAN_POINT('Ctrl Pts',(-4.82561514006539,6.52596220478504,32.0444048110816));
#4591=CARTESIAN_POINT('Ctrl Pts',(-4.17271881564707,6.98514315480204,31.0646780106695));
#4592=CARTESIAN_POINT('Ctrl Pts',(-3.54945127042309,7.31190017988654,30.6285815516297));
#4593=CARTESIAN_POINT('Ctrl Pts',(-3.07601133658527,7.52974554445711,30.4575801504413));
#4594=CARTESIAN_POINT('Ctrl Pts',(-2.51940016666013,7.76001302606872,30.439207548383));
#4595=CARTESIAN_POINT('Ctrl Pts',(-1.93638377458766,7.90039978510723,30.4579592952891));
#4596=CARTESIAN_POINT('Ctrl Pts',(-1.42741197683972,8.00166516706416,30.6288645584366));
#4597=CARTESIAN_POINT('Ctrl Pts',(-0.729543289963925,8.10283646775114,31.0660435467492));
#4598=CARTESIAN_POINT('Ctrl Pts',(0.0658978272107878,8.11742479521755,32.0426654896818));
#4599=CARTESIAN_POINT('Ctrl Pts',(0.348256332928885,8.0856416258145,33.2117726307111));
#4600=CARTESIAN_POINT('Ctrl Pts',(0.348256332928888,8.0856416258145,33.8));
#4601=CARTESIAN_POINT('Ctrl Pts',(-5.28296749951618,7.60384154455162,33.8));
#4602=CARTESIAN_POINT('Ctrl Pts',(-5.28296749951618,7.60384154455162,33.3637888296618));
#4603=CARTESIAN_POINT('Ctrl Pts',(-5.12886413690995,7.78627853490625,32.4966224355424));
#4604=CARTESIAN_POINT('Ctrl Pts',(-4.6105166939999,8.27071090252529,31.740478957513));
#4605=CARTESIAN_POINT('Ctrl Pts',(-4.04794617526665,8.66036742819108,31.3847305292172));
#4606=CARTESIAN_POINT('Ctrl Pts',(-3.59381317975203,8.93104115084689,31.237553674931));
#4607=CARTESIAN_POINT('Ctrl Pts',(-2.99819088671544,9.23574935603578,31.2089295299947));
#4608=CARTESIAN_POINT('Ctrl Pts',(-2.34104217326591,9.33897489501018,31.2377393167656));
#4609=CARTESIAN_POINT('Ctrl Pts',(-1.8172576292078,9.38581069099245,31.3849554531151));
#4610=CARTESIAN_POINT('Ctrl Pts',(-1.1316454651824,9.40091114832347,31.7410670771861));
#4611=CARTESIAN_POINT('Ctrl Pts',(-0.429431927950606,9.31480683408004,32.4955885374392));
#4612=CARTESIAN_POINT('Ctrl Pts',(-0.195415432817141,9.25688741663256,33.363788829662));
#4613=CARTESIAN_POINT('Ctrl Pts',(-0.195415432817139,9.25688741663256,33.8));
#4614=CARTESIAN_POINT('Ctrl Pts',(-5.50434270877765,8.09473355610463,33.8));
#4615=CARTESIAN_POINT('Ctrl Pts',(-5.50434270877765,8.09473355610463,33.4090281609818));
#4616=CARTESIAN_POINT('Ctrl Pts',(-5.37935358311447,8.27678004130505,32.6307832628911));
#4617=CARTESIAN_POINT('Ctrl Pts',(-4.91488771721757,8.7937370907482,31.9021215924041));
#4618=CARTESIAN_POINT('Ctrl Pts',(-4.34891196850958,9.23802483100733,31.5314297716633));
#4619=CARTESIAN_POINT('Ctrl Pts',(-3.86679791420402,9.55232081688686,31.3672595613358));
#4620=CARTESIAN_POINT('Ctrl Pts',(-3.21428586312522,9.90134779162815,31.3188351144953));
#4621=CARTESIAN_POINT('Ctrl Pts',(-2.48543960543802,10.002191545266,31.3672626007125));
#4622=CARTESIAN_POINT('Ctrl Pts',(-1.91355192364089,10.030100473545,31.5314188012363));
#4623=CARTESIAN_POINT('Ctrl Pts',(-1.19326632509391,10.0032831794607,31.9023433705965));
#4624=CARTESIAN_POINT('Ctrl Pts',(-0.514631074970202,9.85856464195158,32.6302526152005));
#4625=CARTESIAN_POINT('Ctrl Pts',(-0.304858211250346,9.78414847960891,33.409028160982));
#4626=CARTESIAN_POINT('Ctrl Pts',(-0.304858211250343,9.7841484796089,33.8));
#4627=CARTESIAN_POINT('',(-5.50434270877765,8.09473355610463,33.8));
#4628=CARTESIAN_POINT('Origin',(-8.69491453484759,6.65589672633944,33.8));
#4629=CARTESIAN_POINT('Ctrl Pts',(-5.50434270877765,8.09473355610463,33.8));
#4630=CARTESIAN_POINT('Ctrl Pts',(-5.50434270877765,8.09473355610463,33.4090281609818));
#4631=CARTESIAN_POINT('Ctrl Pts',(-5.37935358311447,8.27678004130505,32.6307832628911));
#4632=CARTESIAN_POINT('Ctrl Pts',(-4.91488771721757,8.7937370907482,31.9021215924041));
#4633=CARTESIAN_POINT('Ctrl Pts',(-4.34891196850958,9.23802483100733,31.5314297716633));
#4634=CARTESIAN_POINT('Ctrl Pts',(-3.86679791420402,9.55232081688686,31.3672595613358));
#4635=CARTESIAN_POINT('Ctrl Pts',(-3.21428586312522,9.90134779162815,31.3188351144953));
#4636=CARTESIAN_POINT('Ctrl Pts',(-2.48543960543802,10.002191545266,31.3672626007125));
#4637=CARTESIAN_POINT('Ctrl Pts',(-1.91355192364089,10.030100473545,31.5314188012363));
#4638=CARTESIAN_POINT('Ctrl Pts',(-1.19326632509391,10.0032831794607,31.9023433705965));
#4639=CARTESIAN_POINT('Ctrl Pts',(-0.514631074970202,9.85856464195158,32.6302526152005));
#4640=CARTESIAN_POINT('Ctrl Pts',(-0.304858211250346,9.78414847960891,33.409028160982));
#4641=CARTESIAN_POINT('Ctrl Pts',(-0.304858211250343,9.7841484796089,33.8));
#4642=CARTESIAN_POINT('Origin',(-8.69491453484759,6.65589672633944,35.));
#4643=CARTESIAN_POINT('',(-5.50434270877765,8.09473355610463,35.));
#4644=CARTESIAN_POINT('Origin',(0.,0.,18.));
#4645=CARTESIAN_POINT('',(-9.5080366903953,4.33586649864784,15.));
#4646=CARTESIAN_POINT('',(-7.06179900779756,7.70282381815068,15.));
#4647=CARTESIAN_POINT('Ctrl Pts',(-7.06179900779756,7.70282381815068,15.));
#4648=CARTESIAN_POINT('Ctrl Pts',(-6.85174743053599,7.62036252708373,15.));
#4649=CARTESIAN_POINT('Ctrl Pts',(-6.65676179464614,7.50568733187,15.0205978491157));
#4650=CARTESIAN_POINT('Ctrl Pts',(-6.30982324031741,7.22091926521728,15.1171868188985));
#4651=CARTESIAN_POINT('Ctrl Pts',(-6.1651927864585,7.05693990196118,15.1913077371491));
#4652=CARTESIAN_POINT('Ctrl Pts',(-5.91455726404654,6.67453855560039,15.4066425214853));
#4653=CARTESIAN_POINT('Ctrl Pts',(-5.8232360943367,6.45899954323051,15.5528167757939));
#4654=CARTESIAN_POINT('Ctrl Pts',(-5.68525247536333,5.93119554328159,15.9641940375447));
#4655=CARTESIAN_POINT('Ctrl Pts',(-5.68360493354863,5.63798936305123,16.2409247390038));
#4656=CARTESIAN_POINT('Ctrl Pts',(-5.75942459450874,5.12351289684656,16.7512189004788));
#4657=CARTESIAN_POINT('Ctrl Pts',(-5.84362335671745,4.89446328004491,16.9958088395265));
#4658=CARTESIAN_POINT('Ctrl Pts',(-5.97280304663535,4.64655669233163,17.1689716200344));
#4659=CARTESIAN_POINT('Ctrl Pts',(-6.00467133793749,4.5924072552337,17.1974665396148));
#4660=CARTESIAN_POINT('Ctrl Pts',(-6.05184991062144,4.51869607483974,17.2218606308016));
#4661=CARTESIAN_POINT('Ctrl Pts',(-6.06788222416264,4.49467538631293,17.2274138831028));
#4662=CARTESIAN_POINT('Ctrl Pts',(-6.09798567790894,4.45157830253152,17.2321437909081));
#4663=CARTESIAN_POINT('Ctrl Pts',(-6.11146854316071,4.43291165768919,17.2324563067135));
#4664=CARTESIAN_POINT('Ctrl Pts',(-6.1418110943419,4.39232052480072,17.229119935293));
#4665=CARTESIAN_POINT('Ctrl Pts',(-6.15848781684049,4.37088206148085,17.2248014309504));
#4666=CARTESIAN_POINT('Ctrl Pts',(-6.21043172705336,4.30663020641417,17.2045491719745));
#4667=CARTESIAN_POINT('Ctrl Pts',(-6.24580404375202,4.26633034681732,17.1814962892616));
#4668=CARTESIAN_POINT('Ctrl Pts',(-6.37083935843756,4.13325158052493,17.081577593348));
#4669=CARTESIAN_POINT('Ctrl Pts',(-6.47373702083608,4.04233436107667,16.9646566402426));
#4670=CARTESIAN_POINT('Ctrl Pts',(-6.7705913069582,3.82585822413641,16.623950344529));
#4671=CARTESIAN_POINT('Ctrl Pts',(-7.03286213006558,3.68196419015868,16.3142669439267));
#4672=CARTESIAN_POINT('Ctrl Pts',(-7.62312253584795,3.54757284066673,15.7825302576176));
#4673=CARTESIAN_POINT('Ctrl Pts',(-7.90522362556057,3.53074023475433,15.5702157660991));
#4674=CARTESIAN_POINT('Ctrl Pts',(-8.42882862181547,3.61931832910691,15.2736608777633));
#4675=CARTESIAN_POINT('Ctrl Pts',(-8.65672159804656,3.693629513025,15.1733111212472));
#4676=CARTESIAN_POINT('Ctrl Pts',(-9.07936071696344,3.92466024769645,15.0430640995726));
#4677=CARTESIAN_POINT('Ctrl Pts',(-9.26615483250501,4.06826583698574,15.0100820612112));
#4678=CARTESIAN_POINT('Ctrl Pts',(-9.4561220863982,4.27451342130093,15.0006513676054));
#4679=CARTESIAN_POINT('Ctrl Pts',(-9.48251793697387,4.30483679884886,15.));
#4680=CARTESIAN_POINT('Ctrl Pts',(-9.50803669039531,4.33586649864784,15.));
#4681=CARTESIAN_POINT('',(-9.7624555651681,3.72786283788962,15.));
#4682=CARTESIAN_POINT('Origin',(0.,0.,15.));
#4683=CARTESIAN_POINT('',(-9.084808040671,3.24560941290104,15.1094205206836));
#4684=CARTESIAN_POINT('Ctrl Pts',(-9.7624555651681,3.72786283788962,15.));
#4685=CARTESIAN_POINT('Ctrl Pts',(-9.59171288717148,3.56219518504357,15.));
#4686=CARTESIAN_POINT('Ctrl Pts',(-9.40324700871896,3.42234877846708,15.0239086652305));
#4687=CARTESIAN_POINT('Ctrl Pts',(-9.1642374970759,3.28683720593682,15.0858821590136));
#4688=CARTESIAN_POINT('Ctrl Pts',(-9.12455517393358,3.26563494081075,15.0971533216001));
#4689=CARTESIAN_POINT('Ctrl Pts',(-9.08480804067099,3.24560941290103,15.1094205206836));
#4690=CARTESIAN_POINT('Ctrl Pts',(-9.084808040671,3.24560941290104,15.1094205206836));
#4691=CARTESIAN_POINT('Ctrl Pts',(-8.83326164556238,3.11887450528608,15.1870555460418));
#4692=CARTESIAN_POINT('Ctrl Pts',(-8.61278588029396,2.96359996334925,15.3028971316325));
#4693=CARTESIAN_POINT('Ctrl Pts',(-8.15021407174941,2.54545656405485,15.6553426113762));
#4694=CARTESIAN_POINT('Ctrl Pts',(-7.92765269859833,2.25403477369733,15.932158131363));
#4695=CARTESIAN_POINT('Ctrl Pts',(-7.50783445234087,1.43069483952197,16.7916573465478));
#4696=CARTESIAN_POINT('Ctrl Pts',(-7.41293514056315,0.903797762173519,17.4070511437507));
#4697=CARTESIAN_POINT('Ctrl Pts',(-7.43882576835273,0.407946036075734,17.9951108945578));
#4698=CARTESIAN_POINT('Ctrl Pts',(-7.4389355220796,0.40588490810244,17.9975554482648));
#4699=CARTESIAN_POINT('Ctrl Pts',(-7.43904740272605,0.403823897255742,18.));
#4700=CARTESIAN_POINT('',(-5.89411804923816,7.63721741316135,15.1094205236015));
#4701=CARTESIAN_POINT('Ctrl Pts',(-2.68285141832394,6.9501660604044,18.));
#4702=CARTESIAN_POINT('Ctrl Pts',(-2.68477698309866,6.94942276820936,17.9975554482649));
#4703=CARTESIAN_POINT('Ctrl Pts',(-2.68670331652133,6.94868146264108,17.9951108945569));
#4704=CARTESIAN_POINT('Ctrl Pts',(-3.15028568725124,6.77083140251187,17.4070511444896));
#4705=CARTESIAN_POINT('Ctrl Pts',(-3.68072008582695,6.69826586009975,16.7916573475332));
#4706=CARTESIAN_POINT('Ctrl Pts',(-4.59349386765365,6.8431107065904,15.9321581323735));
#4707=CARTESIAN_POINT('Ctrl Pts',(-4.9394277071028,6.96472486494145,15.6553426121565));
#4708=CARTESIAN_POINT('Ctrl Pts',(-5.48004825939588,7.27544337967097,15.3028971337592));
#4709=CARTESIAN_POINT('Ctrl Pts',(-5.69585388031582,7.43714581837377,15.1870555490495));
#4710=CARTESIAN_POINT('Ctrl Pts',(-5.89411804923816,7.63721741316135,15.1094205236015));
#4711=CARTESIAN_POINT('',(-6.5621729202967,8.13267401068829,15.));
#4712=CARTESIAN_POINT('Ctrl Pts',(-5.89411804923817,7.63721741316136,15.1094205236015));
#4713=CARTESIAN_POINT('Ctrl Pts',(-6.03719579189898,7.78159948836037,15.0533950488446));
#4714=CARTESIAN_POINT('Ctrl Pts',(-6.1979235373536,7.91176441330557,15.0201875604092));
#4715=CARTESIAN_POINT('Ctrl Pts',(-6.43582602445777,8.06267463486696,15.0021897678037));
#4716=CARTESIAN_POINT('Ctrl Pts',(-6.49847364334765,8.09899779637425,15.));
#4717=CARTESIAN_POINT('Ctrl Pts',(-6.5621729202967,8.13267401068829,15.));
#4718=CARTESIAN_POINT('Origin',(0.,0.,15.));
#4719=CARTESIAN_POINT('Origin',(0.,0.,18.));
#4720=CARTESIAN_POINT('',(1.1855091668522,10.382536684997,15.));
#4721=CARTESIAN_POINT('',(5.14360488185613,9.0964734276172,15.));
#4722=CARTESIAN_POINT('Ctrl Pts',(5.14360488185613,9.0964734276172,15.));
#4723=CARTESIAN_POINT('Ctrl Pts',(5.13008904071389,8.87122056598678,15.));
#4724=CARTESIAN_POINT('Ctrl Pts',(5.08128032419744,8.65034162223548,15.0205978491156));
#4725=CARTESIAN_POINT('Ctrl Pts',(4.91765970806605,8.23238527733612,15.1171868188984));
#4726=CARTESIAN_POINT('Ctrl Pts',(4.80639933424997,8.04416113176595,15.1913077371491));
#4727=CARTESIAN_POINT('Ctrl Pts',(4.52016467777286,7.68762407026369,15.4066425214853));
#4728=CARTESIAN_POINT('Ctrl Pts',(4.34339468892924,7.53416725896235,15.5528167757938));
#4729=CARTESIAN_POINT('Ctrl Pts',(3.88406253865912,7.23983663331233,15.9641940375448));
#4730=CARTESIAN_POINT('Ctrl Pts',(3.60571600875265,7.1476640353867,16.240924739004));
#4731=CARTESIAN_POINT('Ctrl Pts',(3.09299024934397,7.06079084674292,16.7512189004787));
#4732=CARTESIAN_POINT('Ctrl Pts',(2.849132270302,7.07008840405871,16.9958088395265));
#4733=CARTESIAN_POINT('Ctrl Pts',(2.57344037511143,7.11633824130732,17.1689716200348));
#4734=CARTESIAN_POINT('Ctrl Pts',(2.51209335651175,7.12991369111436,17.197466539615));
#4735=CARTESIAN_POINT('Ctrl Pts',(2.42741087734518,7.1520051726776,17.2218606308015));
#4736=CARTESIAN_POINT('Ctrl Pts',(2.39961158765245,7.15983000797088,17.2274138831028));
#4737=CARTESIAN_POINT('Ctrl Pts',(2.34932134649184,7.17514236252283,17.2321437909081));
#4738=CARTESIAN_POINT('Ctrl Pts',(2.3274018777815,7.18219701889461,17.2324563067135));
#4739=CARTESIAN_POINT('Ctrl Pts',(2.27942105237643,7.19851115003305,17.229119935293));
#4740=CARTESIAN_POINT('Ctrl Pts',(2.25387847147419,7.20774680613664,17.2248014309504));
#4741=CARTESIAN_POINT('Ctrl Pts',(2.17671977501885,7.23729348529075,17.2045491719745));
#4742=CARTESIAN_POINT('Ctrl Pts',(2.12746168395316,7.25848121609713,17.1814962892616));
#4743=CARTESIAN_POINT('Ctrl Pts',(1.96225821895535,7.33627326652106,17.0815775933479));
#4744=CARTESIAN_POINT('Ctrl Pts',(1.84399367859297,7.40603979296593,16.9646566402424));
#4745=CARTESIAN_POINT('Ctrl Pts',(1.54637961866856,7.62147019098157,16.6239503445285));
#4746=CARTESIAN_POINT('Ctrl Pts',(1.32848211852902,7.82643886444385,16.3142669439259));
#4747=CARTESIAN_POINT('Ctrl Pts',(1.01826785336774,8.3462806587846,15.7825302576168));
#4748=CARTESIAN_POINT('Ctrl Pts',(0.915085062975767,8.60937317712316,15.5702157660985));
#4749=CARTESIAN_POINT('Ctrl Pts',(0.837524994628636,9.1347232572603,15.2736608777629));
#4750=CARTESIAN_POINT('Ctrl Pts',(0.837776327773525,9.37442577602557,15.1733111212469));
#4751=CARTESIAN_POINT('Ctrl Pts',(0.926896943214477,9.84777188734908,15.0430640995725));
#4752=CARTESIAN_POINT('Ctrl Pts',(1.00575141853296,10.0698002157181,15.0100820612112));
#4753=CARTESIAN_POINT('Ctrl Pts',(1.14320141773831,10.3142038190178,15.0006513676054));
#4754=CARTESIAN_POINT('Ctrl Pts',(1.16388389714234,10.3486782036999,15.));
#4755=CARTESIAN_POINT('Ctrl Pts',(1.1855091668522,10.382536684997,15.));
#4756=CARTESIAN_POINT('',(0.528643567362247,10.4366199499017,15.));
#4757=CARTESIAN_POINT('Origin',(0.,0.,15.));
#4758=CARTESIAN_POINT('',(0.279397906286911,9.64311435206047,15.1094205206836));
#4759=CARTESIAN_POINT('Ctrl Pts',(0.528643567362248,10.4366199499017,15.));
#4760=CARTESIAN_POINT('Ctrl Pts',(0.423846655749703,10.2230398932357,15.));
#4761=CARTESIAN_POINT('Ctrl Pts',(0.349083978796307,10.0005832751997,15.0239086652305));
#4762=CARTESIAN_POINT('Ctrl Pts',(0.294062815622977,9.73139634284873,15.0858821590136));
#4763=CARTESIAN_POINT('Ctrl Pts',(0.286160775441866,9.68710435059931,15.0971533216001));
#4764=CARTESIAN_POINT('Ctrl Pts',(0.279397906286911,9.64311435206046,15.1094205206836));
#4765=CARTESIAN_POINT('Ctrl Pts',(0.27939790628691,9.64311435206047,15.1094205206836));
#4766=CARTESIAN_POINT('Ctrl Pts',(0.23659795745161,9.36471627316372,15.1870555461658));
#4767=CARTESIAN_POINT('Ctrl Pts',(0.15705385066093,9.10704888730203,15.3028971319988));
#4768=CARTESIAN_POINT('Ctrl Pts',(-0.0976816044510392,8.53790353771896,
15.655342612286));
#4769=CARTESIAN_POINT('Ctrl Pts',(-0.306064950775833,8.2361808077596,15.932158132541));
#4770=CARTESIAN_POINT('Ctrl Pts',(-0.959376787655998,7.58248389785929,16.7916573476972));
#4771=CARTESIAN_POINT('Ctrl Pts',(-1.43116018611967,7.32940913813063,17.4070511446112));
#4772=CARTESIAN_POINT('Ctrl Pts',(-1.91074384470971,7.20080597851119,17.9951108945573));
#4773=CARTESIAN_POINT('Ctrl Pts',(-1.9127380096655,7.20027343693723,17.9975554482649));
#4774=CARTESIAN_POINT('Ctrl Pts',(-1.91473272048238,7.1997429543779,18.));
#4775=CARTESIAN_POINT('',(5.44204274308321,7.96566934894396,15.1094205236015));
#4776=CARTESIAN_POINT('Ctrl Pts',(5.78095403943599,4.69926275004162,18.));
#4777=CARTESIAN_POINT('Ctrl Pts',(5.77965209431115,4.70086438104821,17.9975554482647));
#4778=CARTESIAN_POINT('Ctrl Pts',(5.77835180105525,4.702467356984,17.9951108945575));
#4779=CARTESIAN_POINT('Ctrl Pts',(5.4659515113682,5.08840170075935,17.4070511439954));
#4780=CARTESIAN_POINT('Ctrl Pts',(5.23302433581762,5.57045080642075,16.7916573468714));
#4781=CARTESIAN_POINT('Ctrl Pts',(5.08871736054629,6.48330977895687,15.9321581316947));
#4782=CARTESIAN_POINT('Ctrl Pts',(5.09747986309971,6.84989325278945,15.6553426116323));
#4783=CARTESIAN_POINT('Ctrl Pts',(5.22592979318169,7.46007125310392,15.3028971335483));
#4784=CARTESIAN_POINT('Ctrl Pts',(5.31303034682621,7.71528339649176,15.1870555489781));
#4785=CARTESIAN_POINT('Ctrl Pts',(5.44204274308321,7.96566934894397,15.1094205236015));
#4786=CARTESIAN_POINT('',(5.70680966037058,8.75413179591791,15.));
#4787=CARTESIAN_POINT('Ctrl Pts',(5.44204274308322,7.96566934894398,15.1094205236015));
#4788=CARTESIAN_POINT('Ctrl Pts',(5.53514480253847,8.14636088335798,15.0533950488446));
#4789=CARTESIAN_POINT('Ctrl Pts',(5.60927139778761,8.33944522690161,15.0201875604092));
#4790=CARTESIAN_POINT('Ctrl Pts',(5.67927963585986,8.61233776059219,15.0021897678037));
#4791=CARTESIAN_POINT('Ctrl Pts',(5.69446583640971,8.68314366096298,15.));
#4792=CARTESIAN_POINT('Ctrl Pts',(5.70680966037059,8.75413179591792,15.));
#4793=CARTESIAN_POINT('Origin',(0.,0.,15.));
#4794=CARTESIAN_POINT('Origin',(0.,0.,18.));
#4795=CARTESIAN_POINT('',(10.2407216494845,2.08089406212299,15.));
#4796=CARTESIAN_POINT('',(10.2407216494845,-2.08089406212299,15.));
#4797=CARTESIAN_POINT('Ctrl Pts',(10.2407216494845,-2.08089406212299,15.));
#4798=CARTESIAN_POINT('Ctrl Pts',(10.0223168230108,-2.13764669560679,15.));
#4799=CARTESIAN_POINT('Ctrl Pts',(9.79716574136651,-2.15948219503062,15.0205978491156));
#4800=CARTESIAN_POINT('Ctrl Pts',(9.3491040850084,-2.13302535533937,15.1171868188984));
#4801=CARTESIAN_POINT('Ctrl Pts',(9.1357109385301,-2.08537491154912,15.191307737149));
#4802=CARTESIAN_POINT('Ctrl Pts',(8.70817266965716,-1.92332558744577,15.4066425214851));
#4803=CARTESIAN_POINT('Ctrl Pts',(8.50760163865094,-1.80262810026537,15.5528167757937));
#4804=CARTESIAN_POINT('Ctrl Pts',(8.08573513868515,-1.4567304308981,15.9641940375444));
#4805=CARTESIAN_POINT('Ctrl Pts',(7.91205998073757,-1.22049004901717,16.2409247390036));
#4806=CARTESIAN_POINT('Ctrl Pts',(7.67099769547546,-0.759704166105585,16.7512189004784));
#4807=CARTESIAN_POINT('Ctrl Pts',(7.60448393820827,-0.524908342870379,16.9958088395264));
#4808=CARTESIAN_POINT('Ctrl Pts',(7.5632766664756,-0.24841778376123,17.1689716200356));
#4809=CARTESIAN_POINT('Ctrl Pts',(7.5572304151748,-0.185878257270157,17.1974665396153));
#4810=CARTESIAN_POINT('Ctrl Pts',(7.55207233748194,-0.0985137904099561,
17.2218606308015));
#4811=CARTESIAN_POINT('Ctrl Pts',(7.55092374512994,-0.0696570877155247,
17.2274138831028));
#4812=CARTESIAN_POINT('Ctrl Pts',(7.54994612053655,-0.0170964483731014,
17.2321437909081));
#4813=CARTESIAN_POINT('Ctrl Pts',(7.54988200911,0.00593021388588702,17.2324563067135));
#4814=CARTESIAN_POINT('Ctrl Pts',(7.55057077938259,0.0566040343147388,17.229119935293));
#4815=CARTESIAN_POINT('Ctrl Pts',(7.55146131872319,0.0837504470150058,17.2248014309504));
#4816=CARTESIAN_POINT('Ctrl Pts',(7.55571853199906,0.166263154053629,17.2045491719746));
#4817=CARTESIAN_POINT('Ctrl Pts',(7.56064767419819,0.219657751433292,17.1814962892616));
#4818=CARTESIAN_POINT('Ctrl Pts',(7.58358163245587,0.400814648942193,17.0815775933481));
#4819=CARTESIAN_POINT('Ctrl Pts',(7.6133877892466,0.534849953010435,16.9646566402426));
#4820=CARTESIAN_POINT('Ctrl Pts',(7.72630647080573,0.884469398134111,16.623950344529));
#4821=CARTESIAN_POINT('Ctrl Pts',(7.85390923276321,1.15504103894042,16.3142669439267));
#4822=CARTESIAN_POINT('Ctrl Pts',(8.25244667888098,1.61071228610748,15.7825302576175));
#4823=CARTESIAN_POINT('Ctrl Pts',(8.4707772970771,1.79014501053896,15.570215766099));
#4824=CARTESIAN_POINT('Ctrl Pts',(8.94644753492365,2.0262511217036,15.2736608777633));
#4825=CARTESIAN_POINT('Ctrl Pts',(9.17449584358068,2.10008424157146,15.1733111212472));
#4826=CARTESIAN_POINT('Ctrl Pts',(9.65221453193828,2.16159749214048,15.0430640995726));
#4827=CARTESIAN_POINT('Ctrl Pts',(9.88774339339166,2.15521295624863,15.0100820612112));
#4828=CARTESIAN_POINT('Ctrl Pts',(10.1626594185476,2.10001510574569,15.0006513676054));
#4829=CARTESIAN_POINT('Ctrl Pts',(10.2018377443665,2.09099806967269,15.));
#4830=CARTESIAN_POINT('Ctrl Pts',(10.2407216494845,2.08089406212299,15.));
#4831=CARTESIAN_POINT('',(10.089175257732,2.72232301881486,15.));
#4832=CARTESIAN_POINT('Origin',(0.,0.,15.));
#4833=CARTESIAN_POINT('',(9.25748544314186,2.71416301407426,15.1094205206836));
#4834=CARTESIAN_POINT('Ctrl Pts',(10.089175257732,2.72232301881486,15.));
#4835=CARTESIAN_POINT('Ctrl Pts',(9.85366452644279,2.7559909373222,15.));
#4836=CARTESIAN_POINT('Ctrl Pts',(9.61899277254311,2.75835159293011,15.0239086652305));
#4837=CARTESIAN_POINT('Ctrl Pts',(9.34597831195836,2.72749649194014,15.0858821590136));
#4838=CARTESIAN_POINT('Ctrl Pts',(9.30141225940366,2.72132480042662,15.0971533216001));
#4839=CARTESIAN_POINT('Ctrl Pts',(9.25748544314186,2.71416301407425,15.1094205206836));
#4840=CARTESIAN_POINT('Ctrl Pts',(9.25748544314186,2.71416301407426,15.1094205206836));
#4841=CARTESIAN_POINT('Ctrl Pts',(8.97948722452432,2.66883844672906,15.1870555461687));
#4842=CARTESIAN_POINT('Ctrl Pts',(8.7098504973538,2.66486578669918,15.3028971320072));
#4843=CARTESIAN_POINT('Ctrl Pts',(8.08984351920311,2.73125801593116,15.6553426123074));
#4844=CARTESIAN_POINT('Ctrl Pts',(7.73849415540041,2.83620490419895,15.9321581325688));
#4845=CARTESIAN_POINT('Ctrl Pts',(6.91490698935003,3.25553792951185,16.7916573477245));
#4846=CARTESIAN_POINT('Ctrl Pts',(6.5284295022176,3.62602620329765,17.4070511446382));
#4847=CARTESIAN_POINT('Ctrl Pts',(6.25792112852749,4.04239680503878,17.9951108945573));
#4848=CARTESIAN_POINT('Ctrl Pts',(6.25679842053261,4.04412880421775,17.9975554482647));
#4849=CARTESIAN_POINT('Ctrl Pts',(6.25567750209639,4.04586195881238,18.));
#4850=CARTESIAN_POINT('',(9.2574854326933,-2.71416301237073,15.1094205236015));
#4851=CARTESIAN_POINT('Ctrl Pts',(6.25567750209639,-4.04586195881238,18.));
#4852=CARTESIAN_POINT('Ctrl Pts',(6.25679842053247,-4.04412880421795,17.997555448265));
#4853=CARTESIAN_POINT('Ctrl Pts',(6.25792112852763,-4.04239680503857,17.995110894557));
#4854=CARTESIAN_POINT('Ctrl Pts',(6.52842950221966,-3.62602620329448,17.4070511446331));
#4855=CARTESIAN_POINT('Ctrl Pts',(6.91490698935388,-3.25553792950822,16.7916573477185));
#4856=CARTESIAN_POINT('Ctrl Pts',(7.73849415540794,-2.8362049041962,15.9321581325622));
#4857=CARTESIAN_POINT('Ctrl Pts',(8.08984351921035,-2.73125801592963,15.6553426123024));
#4858=CARTESIAN_POINT('Ctrl Pts',(8.70985049416933,-2.66486578704072,15.3028971338181));
#4859=CARTESIAN_POINT('Ctrl Pts',(8.97948721776939,-2.66883844663483,15.1870555490694));
#4860=CARTESIAN_POINT('Ctrl Pts',(9.2574854326933,-2.71416301237073,15.1094205236015));
#4861=CARTESIAN_POINT('',(10.089175257732,-2.72232301881486,15.));
#4862=CARTESIAN_POINT('Ctrl Pts',(9.25748543269331,-2.71416301237073,15.1094205236015));
#4863=CARTESIAN_POINT('Ctrl Pts',(9.45810341252007,-2.74687157782253,15.0533950488446));
#4864=CARTESIAN_POINT('Ctrl Pts',(9.66464391330897,-2.75770381576229,15.0201875604092));
#4865=CARTESIAN_POINT('Ctrl Pts',(9.94581387103429,-2.73995717622682,15.0021897678037));
#4866=CARTESIAN_POINT('Ctrl Pts',(10.0178470780239,-2.73251988470093,15.));
#4867=CARTESIAN_POINT('Ctrl Pts',(10.089175257732,-2.72232301881486,15.));
#4868=CARTESIAN_POINT('Origin',(0.,0.,15.));
#4869=CARTESIAN_POINT('Origin',(0.,0.,18.));
#4870=CARTESIAN_POINT('',(5.14360488185613,-9.0964734276172,15.));
#4871=CARTESIAN_POINT('',(1.1855091668522,-10.382536684997,15.));
#4872=CARTESIAN_POINT('Ctrl Pts',(1.1855091668522,-10.382536684997,15.));
#4873=CARTESIAN_POINT('Ctrl Pts',(1.06404340192654,-10.1923588798108,15.));
#4874=CARTESIAN_POINT('Ctrl Pts',(0.973701097383006,-9.98497501686468,15.0205978491156));
#4875=CARTESIAN_POINT('Ctrl Pts',(0.860404380829499,-9.55066744580124,15.1171868188984));
#4876=CARTESIAN_POINT('Ctrl Pts',(0.839780537155689,-9.33299370638963,15.191307737149));
#4877=CARTESIAN_POINT('Ctrl Pts',(0.861782011978021,-8.87630465473754,15.4066425214852));
#4878=CARTESIAN_POINT('Ctrl Pts',(0.914592286501225,-8.64825269400196,15.5528167757938));
#4879=CARTESIAN_POINT('Ctrl Pts',(1.11319660107736,-8.14014555205372,15.9641940375445));
#4880=CARTESIAN_POINT('Ctrl Pts',(1.28420598037072,-7.90196836861032,16.2409247390037));
#4881=CARTESIAN_POINT('Ctrl Pts',(1.64794705408181,-7.53031384279098,16.7512189004786));
#4882=CARTESIAN_POINT('Ctrl Pts',(1.85069727041325,-7.39449960093089,16.9958088395264));
#4883=CARTESIAN_POINT('Ctrl Pts',(2.1009216710897,-7.26986887508241,17.1689716200349));
#4884=CARTESIAN_POINT('Ctrl Pts',(2.1585319008809,-7.24479277187759,17.197466539615));
#4885=CARTESIAN_POINT('Ctrl Pts',(2.24002651271657,-7.21289004351152,17.2218606308015));
#4886=CARTESIAN_POINT('Ctrl Pts',(2.26711593329651,-7.20288045573639,17.2274138831028));
#4887=CARTESIAN_POINT('Ctrl Pts',(2.31680196923028,-7.18570854870434,17.2321437909081));
#4888=CARTESIAN_POINT('Ctrl Pts',(2.33868181489987,-7.17853194515259,17.2324563067135));
#4889=CARTESIAN_POINT('Ctrl Pts',(2.38708832374373,-7.16352793292616,17.229119935293));
#4890=CARTESIAN_POINT('Ctrl Pts',(2.41318128822672,-7.15598618330836,17.2248014309504));
#4891=CARTESIAN_POINT('Ctrl Pts',(2.49297108718397,-7.13453720500879,17.2045491719745));
#4892=CARTESIAN_POINT('Ctrl Pts',(2.54527555566408,-7.12272525981891,17.1814962892616));
#4893=CARTESIAN_POINT('Ctrl Pts',(2.72465298636195,-7.08855619028577,17.0815775933479));
#4894=CARTESIAN_POINT('Ctrl Pts',(2.86133874469513,-7.07548434312407,16.9646566402422));
#4895=CARTESIAN_POINT('Ctrl Pts',(3.22874038778732,-7.07483804092518,16.6239503445289));
#4896=CARTESIAN_POINT('Ctrl Pts',(3.52550073187493,-7.11258424397712,16.3142669439265));
#4897=CARTESIAN_POINT('Ctrl Pts',(4.08202468452664,-7.35080571987237,15.7825302576174));
#4898=CARTESIAN_POINT('Ctrl Pts',(4.32014321774877,-7.5030027158183,15.5702157660989));
#4899=CARTESIAN_POINT('Ctrl Pts',(4.69168366052193,-7.88243119430423,15.2736608777632));
#4900=CARTESIAN_POINT('Ctrl Pts',(4.83237393320412,-8.07650233549575,15.1733111212471));
#4901=CARTESIAN_POINT('Ctrl Pts',(5.03849970422929,-8.51183116720914,15.0430640995726));
#4902=CARTESIAN_POINT('Ctrl Pts',(5.10521007062065,-8.73780535576177,15.0100820612112));
#4903=CARTESIAN_POINT('Ctrl Pts',(5.13766751901352,-9.01632310677847,15.0006513676054));
#4904=CARTESIAN_POINT('Ctrl Pts',(5.14119857658783,-9.05637032623157,15.));
#4905=CARTESIAN_POINT('Ctrl Pts',(5.14360488185613,-9.0964734276172,15.));
#4906=CARTESIAN_POINT('',(5.70680966037058,-8.75413179591791,15.));
#4907=CARTESIAN_POINT('Origin',(0.,0.,15.));
#4908=CARTESIAN_POINT('',(5.44204274793214,-7.96566935835472,15.1094205206836));
#4909=CARTESIAN_POINT('Ctrl Pts',(5.70680966037058,-8.75413179591791,15.));
#4910=CARTESIAN_POINT('Ctrl Pts',(5.66605293533105,-8.5197438212839,15.));
#4911=CARTESIAN_POINT('Ctrl Pts',(5.59578049217491,-8.29582823784648,15.0239086652305));
#4912=CARTESIAN_POINT('Ctrl Pts',(5.48206943928665,-8.04571080663361,15.0858821590136));
#4913=CARTESIAN_POINT('Ctrl Pts',(5.46242814424455,-8.00523312950764,15.0971533216001));
#4914=CARTESIAN_POINT('Ctrl Pts',(5.44204274793214,-7.96566935835472,15.1094205206836));
#4915=CARTESIAN_POINT('Ctrl Pts',(5.44204274793214,-7.96566935835472,15.1094205206836));
#4916=CARTESIAN_POINT('Ctrl Pts',(5.31303034873521,-7.71528340236682,15.1870555462386));
#4917=CARTESIAN_POINT('Ctrl Pts',(5.22592979348553,-7.4600712551934,15.3028971322139));
#4918=CARTESIAN_POINT('Ctrl Pts',(5.09747986292862,-6.84989325104894,15.6553426128207));
#4919=CARTESIAN_POINT('Ctrl Pts',(5.08871736059963,-6.48330977705854,15.9321581332334));
#4920=CARTESIAN_POINT('Ctrl Pts',(5.23302433638425,-5.57045080523164,16.7916573483725));
#4921=CARTESIAN_POINT('Ctrl Pts',(5.46595151189026,-5.08840170011397,17.4070511451181));
#4922=CARTESIAN_POINT('Ctrl Pts',(5.77835180105634,-4.70246735698266,17.9951108945572));
#4923=CARTESIAN_POINT('Ctrl Pts',(5.77965209431129,-4.70086438104803,17.997555448265));
#4924=CARTESIAN_POINT('Ctrl Pts',(5.78095403943599,-4.69926275004162,18.));
#4925=CARTESIAN_POINT('',(0.279397904678274,-9.64311434159688,15.1094205236015));
#4926=CARTESIAN_POINT('Ctrl Pts',(-1.91473272048238,-7.19974295437789,18.));
#4927=CARTESIAN_POINT('Ctrl Pts',(-1.91273800966534,-7.20027343693727,17.9975554482647));
#4928=CARTESIAN_POINT('Ctrl Pts',(-1.91074384470993,-7.20080597851113,17.9951108945569));
#4929=CARTESIAN_POINT('Ctrl Pts',(-1.43116018634715,-7.32940913806963,17.4070511449295));
#4930=CARTESIAN_POINT('Ctrl Pts',(-0.959376787979671,-7.58248389768328,
16.791657348117));
#4931=CARTESIAN_POINT('Ctrl Pts',(-0.306064951100012,-8.23618080733889,
15.9321581329714));
#4932=CARTESIAN_POINT('Ctrl Pts',(-0.0976816046984064,-8.537903537297,15.6553426126183));
#4933=CARTESIAN_POINT('Ctrl Pts',(0.157053849259178,-9.1070488840791,15.3028971339451));
#4934=CARTESIAN_POINT('Ctrl Pts',(0.236597955428546,-9.36471626654576,15.1870555491124));
#4935=CARTESIAN_POINT('Ctrl Pts',(0.279397904678273,-9.64311434159688,15.1094205236015));
#4936=CARTESIAN_POINT('',(0.528643567362244,-10.4366199499017,15.));
#4937=CARTESIAN_POINT('Ctrl Pts',(0.279397904678276,-9.64311434159689,15.1094205236015));
#4938=CARTESIAN_POINT('Ctrl Pts',(0.310284575510314,-9.84402088118333,15.0533950488446));
#4939=CARTESIAN_POINT('Ctrl Pts',(0.363807029802126,-10.043799915948,15.0201875604092));
#4940=CARTESIAN_POINT('Ctrl Pts',(0.467571382219487,-10.3057244232196,15.0021897678037));
#4941=CARTESIAN_POINT('Ctrl Pts',(0.496904151907904,-10.3719338246431,15.));
#4942=CARTESIAN_POINT('Ctrl Pts',(0.528643567362247,-10.4366199499017,15.));
#4943=CARTESIAN_POINT('Origin',(0.,0.,15.));
#4944=CARTESIAN_POINT('Origin',(0.,0.,18.));
#4945=CARTESIAN_POINT('',(-7.06179900779756,-7.70282381815068,15.));
#4946=CARTESIAN_POINT('',(-9.50803669039531,-4.33586649864784,15.));
#4947=CARTESIAN_POINT('Ctrl Pts',(-9.50803669039531,-4.33586649864784,15.));
#4948=CARTESIAN_POINT('Ctrl Pts',(-9.3647018351148,-4.16157751765282,15.));
#4949=CARTESIAN_POINT('Ctrl Pts',(-9.19538536830037,-4.01157174221018,15.0205978491157));
#4950=CARTESIAN_POINT('Ctrl Pts',(-8.81734493358607,-3.76961174141281,15.1171868188985));
#4951=CARTESIAN_POINT('Ctrl Pts',(-8.61669802347684,-3.68273241578852,15.1913077371491));
#4952=CARTESIAN_POINT('Ctrl Pts',(-8.17556209536103,-3.56253238368092,15.4066425214854));
#4953=CARTESIAN_POINT('Ctrl Pts',(-7.94235251974431,-3.54228600792582,15.552816775794));
#4954=CARTESIAN_POINT('Ctrl Pts',(-7.397741803058,-3.5741561936425,15.9641940375448));
#4955=CARTESIAN_POINT('Ctrl Pts',(-7.11837703631229,-3.66319498081078,16.240924739004));
#4956=CARTESIAN_POINT('Ctrl Pts',(-6.65251040439228,-3.89428573469338,16.7512189004789));
#4957=CARTESIAN_POINT('Ctrl Pts',(-6.46069012220604,-4.04514374030275,16.9958088395266));
#4958=CARTESIAN_POINT('Ctrl Pts',(-6.26483566604222,-4.24460827479238,17.1689716200339));
#4959=CARTESIAN_POINT('Ctrl Pts',(-6.22318433463047,-4.29164991719759,17.1974665396146));
#4960=CARTESIAN_POINT('Ctrl Pts',(-6.16765981692218,-4.35929741359594,17.2218606308016));
#4961=CARTESIAN_POINT('Ctrl Pts',(-6.14976904191624,-4.38196785083196,17.2274138831028));
#4962=CARTESIAN_POINT('Ctrl Pts',(-6.11808375834963,-4.42391566797679,17.2321437909081));
#4963=CARTESIAN_POINT('Ctrl Pts',(-6.10449715863061,-4.44250694531706,17.2324563067135));
#4964=CARTESIAN_POINT('Ctrl Pts',(-6.07526906116092,-4.48390777622242,17.229119935293));
#4965=CARTESIAN_POINT('Ctrl Pts',(-6.06003326158376,-4.50639313132424,17.2248014309504));
#4966=CARTESIAN_POINT('Ctrl Pts',(-6.01497766714855,-4.57564964074984,17.2045491719745));
#4967=CARTESIAN_POINT('Ctrl Pts',(-5.98758087006349,-4.62174405452891,17.1814962892616));
#4968=CARTESIAN_POINT('Ctrl Pts',(-5.89965347933534,-4.78178330570261,17.0815775933479));
#4969=CARTESIAN_POINT('Ctrl Pts',(-5.84498319169824,-4.90773976392921,16.9646566402423));
#4970=CARTESIAN_POINT('Ctrl Pts',(-5.7308351703036,-5.25695977232699,16.6239503445286));
#4971=CARTESIAN_POINT('Ctrl Pts',(-5.67502995310206,-5.55085984956581,16.3142669439262));
#4972=CARTESIAN_POINT('Ctrl Pts',(-5.72961668092757,-6.15376006568613,15.7825302576171));
#4973=CARTESIAN_POINT('Ctrl Pts',(-5.80078195224135,-6.42725570659781,15.5702157660987));
#4974=CARTESIAN_POINT('Ctrl Pts',(-6.0468275682588,-6.89786151376631,15.2736608777631));
#4975=CARTESIAN_POINT('Ctrl Pts',(-6.18792450651188,-7.09163719512594,15.1733111212471));
#4976=CARTESIAN_POINT('Ctrl Pts',(-6.53825046241861,-7.4221984599766,15.0430640995725));
#4977=CARTESIAN_POINT('Ctrl Pts',(-6.73255005004024,-7.55547365319033,15.0100820612112));
#4978=CARTESIAN_POINT('Ctrl Pts',(-6.98740626890087,-7.67240923928583,15.0006513676054));
#4979=CARTESIAN_POINT('Ctrl Pts',(-7.02440228112267,-7.68814274598977,15.));
#4980=CARTESIAN_POINT('Ctrl Pts',(-7.06179900779756,-7.70282381815068,15.));
#4981=CARTESIAN_POINT('',(-6.5621729202967,-8.13267401068829,15.));
#4982=CARTESIAN_POINT('Origin',(0.,0.,15.));
#4983=CARTESIAN_POINT('',(-5.89411805668992,-7.63721742068104,15.1094205206836));
#4984=CARTESIAN_POINT('Ctrl Pts',(-6.56217292029669,-8.13267401068829,15.));
#4985=CARTESIAN_POINT('Ctrl Pts',(-6.35185123035207,-8.02148219431755,15.));
#4986=CARTESIAN_POINT('Ctrl Pts',(-6.16061023479538,-7.88545540875038,15.0239086652305));
#4987=CARTESIAN_POINT('Ctrl Pts',(-5.95787306979212,-7.70001923409204,15.0858821590136));
#4988=CARTESIAN_POINT('Ctrl Pts',(-5.92544600515651,-7.66883096232902,15.0971533216001));
#4989=CARTESIAN_POINT('Ctrl Pts',(-5.89411805668992,-7.63721742068104,15.1094205206836));
#4990=CARTESIAN_POINT('Ctrl Pts',(-5.89411805668992,-7.63721742068104,15.1094205206836));
#4991=CARTESIAN_POINT('Ctrl Pts',(-5.69585388574552,-7.43714582244087,15.1870555461408));
#4992=CARTESIAN_POINT('Ctrl Pts',(-5.48004826221632,-7.27544338129891,15.302897131925));
#4993=CARTESIAN_POINT('Ctrl Pts',(-4.93942770717523,-6.96472486497316,15.6553426121028));
#4994=CARTESIAN_POINT('Ctrl Pts',(-4.59349386773602,-6.84311070661457,15.9321581323039));
#4995=CARTESIAN_POINT('Ctrl Pts',(-3.68072008588572,-6.69826586009204,16.7916573474657));
#4996=CARTESIAN_POINT('Ctrl Pts',(-3.15028568728699,-6.77083140249809,17.4070511444377));
#4997=CARTESIAN_POINT('Ctrl Pts',(-2.68670331652113,-6.94868146264116,17.9951108945573));
#4998=CARTESIAN_POINT('Ctrl Pts',(-2.68477698309851,-6.94942276820942,17.9975554482651));
#4999=CARTESIAN_POINT('Ctrl Pts',(-2.68285141832394,-6.9501660604044,18.));
#5000=CARTESIAN_POINT('',(-9.08480803121662,-3.2456094081377,15.1094205236015));
#5001=CARTESIAN_POINT('Ctrl Pts',(-7.43904740272605,-0.403823897255741,
18.));
#5002=CARTESIAN_POINT('Ctrl Pts',(-7.43893552207961,-0.405884908102203,
17.997555448265));
#5003=CARTESIAN_POINT('Ctrl Pts',(-7.43882576835272,-0.407946036075991,
17.9951108945575));
#5004=CARTESIAN_POINT('Ctrl Pts',(-7.41293514056259,-0.903797762184407,
17.4070511437358));
#5005=CARTESIAN_POINT('Ctrl Pts',(-7.5078344523446,-1.43069483954262,16.7916573465239));
#5006=CARTESIAN_POINT('Ctrl Pts',(-7.92765269861576,-2.25403477372284,15.932158131338));
#5007=CARTESIAN_POINT('Ctrl Pts',(-8.15021407176832,-2.54545656407611,15.6553426113569));
#5008=CARTESIAN_POINT('Ctrl Pts',(-8.61278587792948,-2.96359996120896,15.3028971334375));
#5009=CARTESIAN_POINT('Ctrl Pts',(-8.83326164004857,-3.1188745013951,15.1870555489406));
#5010=CARTESIAN_POINT('Ctrl Pts',(-9.08480803121662,-3.2456094081377,15.1094205236015));
#5011=CARTESIAN_POINT('',(-9.7624555651681,-3.72786283788962,15.));
#5012=CARTESIAN_POINT('Ctrl Pts',(-9.08480803121664,-3.24560940813771,15.1094205236015));
#5013=CARTESIAN_POINT('Ctrl Pts',(-9.26633699866988,-3.33706791271246,15.0533950488446));
#5014=CARTESIAN_POINT('Ctrl Pts',(-9.43979880354512,-3.4497059084969,15.0201875604092));
#5015=CARTESIAN_POINT('Ctrl Pts',(-9.65683886465588,-3.62933079601278,15.0021897678037));
#5016=CARTESIAN_POINT('Ctrl Pts',(-9.71074342299393,-3.6776877479932,15.));
#5017=CARTESIAN_POINT('Ctrl Pts',(-9.7624555651681,-3.72786283788962,15.));
#5018=CARTESIAN_POINT('Origin',(0.,0.,15.));
#5019=CARTESIAN_POINT('Origin',(-7.84746484543699,5.70151694723699,4.3));
#5020=CARTESIAN_POINT('',(-2.65525488509162,8.17203424685064,1.3));
#5021=CARTESIAN_POINT('Ctrl Pts',(-2.65525488509162,8.17203424685064,1.3));
#5022=CARTESIAN_POINT('Ctrl Pts',(-2.65405631353104,8.16834542289053,1.3));
#5023=CARTESIAN_POINT('Ctrl Pts',(-2.65285769067692,8.16465644106621,1.30000012631388));
#5024=CARTESIAN_POINT('Ctrl Pts',(-2.58619393721667,7.95948650450023,1.30001385541317));
#5025=CARTESIAN_POINT('Ctrl Pts',(-2.51712541507272,7.74691545097473,1.30039179331787));
#5026=CARTESIAN_POINT('Ctrl Pts',(-2.37914644699367,7.32225985244143,1.30039179331787));
#5027=CARTESIAN_POINT('Ctrl Pts',(-2.33900489004057,7.19871684345028,1.30029578396445));
#5028=CARTESIAN_POINT('Ctrl Pts',(-2.30217660809336,7.08537104639889,1.30020006174042));
#5029=CARTESIAN_POINT('',(-5.73612621848241,11.0498577368959,1.3));
#5030=CARTESIAN_POINT('Origin',(-7.84746484543699,5.70151694723699,1.3));
#5031=CARTESIAN_POINT('',(-6.83769419776306,8.2594190640304,4.3));
#5032=CARTESIAN_POINT('Origin',(-5.73612621848241,11.0498577368959,4.3));
#5033=CARTESIAN_POINT('',(-5.89411804912988,7.63721741305207,4.3));
#5034=CARTESIAN_POINT('Origin',(-7.84746484543699,5.70151694723699,4.3));
#5035=CARTESIAN_POINT('Ctrl Pts',(-2.68285141832394,6.9501660604044,1.33193805846562));
#5036=CARTESIAN_POINT('Ctrl Pts',(-2.75353670214879,6.92288065278738,1.3429875174035));
#5037=CARTESIAN_POINT('Ctrl Pts',(-2.82490834214072,6.89840797655534,1.35694702605193));
#5038=CARTESIAN_POINT('Ctrl Pts',(-3.02099641409021,6.83925449244438,1.40318130246589));
#5039=CARTESIAN_POINT('Ctrl Pts',(-3.14512960441904,6.81059698865694,1.44102866647052));
#5040=CARTESIAN_POINT('Ctrl Pts',(-3.40158834568023,6.76769493810162,1.53724071510921));
#5041=CARTESIAN_POINT('Ctrl Pts',(-3.53234017068141,6.75507573520985,1.59653879343954));
#5042=CARTESIAN_POINT('Ctrl Pts',(-3.87536742679678,6.74322657649682,1.7789761302572));
#5043=CARTESIAN_POINT('Ctrl Pts',(-4.07793626065345,6.75935573339278,1.91619011640278));
#5044=CARTESIAN_POINT('Ctrl Pts',(-4.65960169954504,6.85823827449686,2.39088683575516));
#5045=CARTESIAN_POINT('Ctrl Pts',(-4.98952825332124,6.99288700716594,2.78481458646642));
#5046=CARTESIAN_POINT('Ctrl Pts',(-5.50195112997368,7.28859632559442,3.54340951948786));
#5047=CARTESIAN_POINT('Ctrl Pts',(-5.71133082018041,7.45339615890788,3.92515256329108));
#5048=CARTESIAN_POINT('Ctrl Pts',(-5.89167545626938,7.63475468946328,4.29498439619187));
#5049=CARTESIAN_POINT('Ctrl Pts',(-5.89289728779879,7.6359855229548,4.29749220011124));
#5050=CARTESIAN_POINT('Ctrl Pts',(-5.89411804912988,7.63721741305208,4.3));
#5051=CARTESIAN_POINT('Ctrl Pts',(-10.0722615799681,7.3179263910413,1.3));
#5052=CARTESIAN_POINT('Ctrl Pts',(-10.0705373100793,7.32029964494227,1.3));
#5053=CARTESIAN_POINT('Ctrl Pts',(-10.0688123819231,7.3226720354972,1.3));
#5054=CARTESIAN_POINT('Ctrl Pts',(-9.84245145606736,7.63376920552253,1.3));
#5055=CARTESIAN_POINT('Ctrl Pts',(-9.36058787025697,8.23547303028636,1.3));
#5056=CARTESIAN_POINT('Ctrl Pts',(-8.55969627623215,9.06527167790276,1.3));
#5057=CARTESIAN_POINT('Ctrl Pts',(-7.67278152595826,9.82768131707007,1.3));
#5058=CARTESIAN_POINT('Ctrl Pts',(-6.71831431096573,10.5034073189104,1.3));
#5059=CARTESIAN_POINT('Ctrl Pts',(-6.05409822485784,10.8847942939139,1.3));
#5060=CARTESIAN_POINT('Ctrl Pts',(-5.73612621848241,11.0498577368959,1.3));
#5061=CARTESIAN_POINT('Ctrl Pts',(-10.0722615799681,7.3179263910413,1.3));
#5062=CARTESIAN_POINT('Ctrl Pts',(-10.0706710096262,7.32011305416714,1.30039785929646));
#5063=CARTESIAN_POINT('Ctrl Pts',(-10.0690784235473,7.32230691509332,1.30079265482905));
#5064=CARTESIAN_POINT('Ctrl Pts',(-9.86019240203691,7.60912701618548,1.35289359674902));
#5065=CARTESIAN_POINT('Ctrl Pts',(-9.39413572482182,8.14890565955392,1.45684341865967));
#5066=CARTESIAN_POINT('Ctrl Pts',(-8.58553427832292,8.82617485385291,1.57373994494765));
#5067=CARTESIAN_POINT('Ctrl Pts',(-7.69874738040817,9.37537133460267,1.61286051575847));
#5068=CARTESIAN_POINT('Ctrl Pts',(-6.81036962435828,9.80490476672589,1.53065848334272));
#5069=CARTESIAN_POINT('Ctrl Pts',(-6.28387799973551,10.0666180951228,1.38278463622097));
#5070=CARTESIAN_POINT('Ctrl Pts',(-6.0657145871622,10.2149604383276,1.3));
#5071=CARTESIAN_POINT('Ctrl Pts',(-10.0722615799681,7.3179263910413,1.3));
#5072=CARTESIAN_POINT('Ctrl Pts',(-10.0709037651493,7.3197935244574,1.30108984719922));
#5073=CARTESIAN_POINT('Ctrl Pts',(-10.0695461831936,7.32166144534937,1.30218416466785));
#5074=CARTESIAN_POINT('Ctrl Pts',(-9.89107799580738,7.56627452807594,1.44523551914157));
#5075=CARTESIAN_POINT('Ctrl Pts',(-9.46922688324372,8.00858313110777,1.73158098114615));
#5076=CARTESIAN_POINT('Ctrl Pts',(-8.69880313274589,8.47658438019361,2.09890135425613));
#5077=CARTESIAN_POINT('Ctrl Pts',(-7.86088868196683,8.72771247558141,2.34079457629186));
#5078=CARTESIAN_POINT('Ctrl Pts',(-7.08308128265828,8.76615308197648,2.36810522828567));
#5079=CARTESIAN_POINT('Ctrl Pts',(-6.73396634945991,8.73785173603265,2.18399123408431));
#5080=CARTESIAN_POINT('Ctrl Pts',(-6.63647221467402,8.76914484945947,2.05305905797327));
#5081=CARTESIAN_POINT('Ctrl Pts',(-10.0722615799681,7.3179263910413,1.3));
#5082=CARTESIAN_POINT('Ctrl Pts',(-10.0711373512923,7.31947233808054,1.30178384043944));
#5083=CARTESIAN_POINT('Ctrl Pts',(-10.0700137416567,7.32101810144972,1.30357359753126));
#5084=CARTESIAN_POINT('Ctrl Pts',(-9.92226423388006,7.52354077839767,1.53768714280288));
#5085=CARTESIAN_POINT('Ctrl Pts',(-9.57148220325114,7.8885126988851,2.00649270761135));
#5086=CARTESIAN_POINT('Ctrl Pts',(-8.92096154034686,8.27324952290276,2.65978640172771));
#5087=CARTESIAN_POINT('Ctrl Pts',(-8.18701096745084,8.46930287979722,3.21931500264504));
#5088=CARTESIAN_POINT('Ctrl Pts',(-7.44652491967449,8.45745238963178,3.60271496547597));
#5089=CARTESIAN_POINT('Ctrl Pts',(-7.01444620075982,8.32968475366753,3.66655883261553));
#5090=CARTESIAN_POINT('Ctrl Pts',(-6.83769419776306,8.2594190640304,3.62680157423076));
#5091=CARTESIAN_POINT('Ctrl Pts',(-10.0722615799681,7.3179263910413,1.3));
#5092=CARTESIAN_POINT('Ctrl Pts',(-10.071238218111,7.31933492779954,1.30208350247815));
#5093=CARTESIAN_POINT('Ctrl Pts',(-10.0702136207864,7.32074233859325,1.30416676611403));
#5094=CARTESIAN_POINT('Ctrl Pts',(-9.93564819668684,7.50522005388768,1.5774248532379));
#5095=CARTESIAN_POINT('Ctrl Pts',(-9.62043495217836,7.84085926722721,2.12407993237753));
#5096=CARTESIAN_POINT('Ctrl Pts',(-9.03356346539294,8.21549634310652,2.90037837966587));
#5097=CARTESIAN_POINT('Ctrl Pts',(-8.34680014237929,8.43827155465171,3.59530060669935));
#5098=CARTESIAN_POINT('Ctrl Pts',(-7.59552084370729,8.47596062987722,4.13166376790339));
#5099=CARTESIAN_POINT('Ctrl Pts',(-7.08050750597035,8.35527329937529,4.3));
#5100=CARTESIAN_POINT('Ctrl Pts',(-6.83769419776306,8.2594190640304,4.3));
#5101=CARTESIAN_POINT('',(-10.0722615799681,7.31792639104129,1.3));
#5102=CARTESIAN_POINT('Origin',(0.,0.,1.3));
#5103=CARTESIAN_POINT('Ctrl Pts',(-10.0722615799681,7.3179263910413,1.3));
#5104=CARTESIAN_POINT('Ctrl Pts',(-10.071238218111,7.31933492779954,1.30208350247815));
#5105=CARTESIAN_POINT('Ctrl Pts',(-10.0702136207864,7.32074233859325,1.30416676611403));
#5106=CARTESIAN_POINT('Ctrl Pts',(-9.93564819668684,7.50522005388768,1.5774248532379));
#5107=CARTESIAN_POINT('Ctrl Pts',(-9.62043495217836,7.84085926722721,2.12407993237753));
#5108=CARTESIAN_POINT('Ctrl Pts',(-9.03356346539294,8.21549634310652,2.90037837966587));
#5109=CARTESIAN_POINT('Ctrl Pts',(-8.34680014237929,8.43827155465171,3.59530060669935));
#5110=CARTESIAN_POINT('Ctrl Pts',(-7.59552084370729,8.47596062987722,4.13166376790339));
#5111=CARTESIAN_POINT('Ctrl Pts',(-7.08050750597035,8.35527329937529,4.3));
#5112=CARTESIAN_POINT('Ctrl Pts',(-6.83769419776306,8.2594190640304,4.3));
#5113=CARTESIAN_POINT('Origin',(-7.84746484543699,5.70151694723699,4.3));
#5114=CARTESIAN_POINT('',(-9.08480803107923,3.24560940806848,4.3));
#5115=CARTESIAN_POINT('Ctrl Pts',(-9.08480803107923,3.24560940806848,4.3));
#5116=CARTESIAN_POINT('Ctrl Pts',(-9.08326741534971,3.24483321012772,4.29750550530543));
#5117=CARTESIAN_POINT('Ctrl Pts',(-9.08172746667975,3.24405568209168,4.29501100664267));
#5118=CARTESIAN_POINT('Ctrl Pts',(-8.90024996625861,3.15223022958178,4.00091641197287));
#5119=CARTESIAN_POINT('Ctrl Pts',(-8.72503985855885,3.04078803881749,3.7024152693028));
#5120=CARTESIAN_POINT('Ctrl Pts',(-8.35454367759928,2.7440464438224,3.06546842684315));
#5121=CARTESIAN_POINT('Ctrl Pts',(-8.15252801784214,2.53885940377276,2.71557066920169));
#5122=CARTESIAN_POINT('Ctrl Pts',(-7.8324924587228,2.07950826916568,2.16552385280229));
#5123=CARTESIAN_POINT('Ctrl Pts',(-7.70390722608441,1.84290010647343,1.94603473901941));
#5124=CARTESIAN_POINT('Ctrl Pts',(-7.55766529163791,1.42906710077374,1.67845229975245));
#5125=CARTESIAN_POINT('Ctrl Pts',(-7.51736037018407,1.28344332400676,1.6005289804225));
#5126=CARTESIAN_POINT('Ctrl Pts',(-7.46324760545286,1.0001942457199,1.47989795381382));
#5127=CARTESIAN_POINT('Ctrl Pts',(-7.446489987935,0.866418326747812,1.43410593709409));
#5128=CARTESIAN_POINT('Ctrl Pts',(-7.43322029145131,0.621501256760533,1.36985561482566));
#5129=CARTESIAN_POINT('Ctrl Pts',(-7.43311995389955,0.513016476241813,1.34788520500227));
#5130=CARTESIAN_POINT('Ctrl Pts',(-7.43904740272605,0.403823897255743,1.33193805846562));
#5131=CARTESIAN_POINT('',(-9.96813803110628,3.95073276876631,4.3));
#5132=CARTESIAN_POINT('Origin',(-7.84746484543699,5.70151694723699,4.3));
#5133=CARTESIAN_POINT('',(-12.2815996882001,2.04078639225284,1.3));
#5134=CARTESIAN_POINT('Origin',(-12.2815996882001,2.04078639225284,4.3));
#5135=CARTESIAN_POINT('',(-8.59258530574487,7.00204458419489E-16,1.3));
#5136=CARTESIAN_POINT('Origin',(-7.84746484543699,5.70151694723699,1.3));
#5137=CARTESIAN_POINT('Ctrl Pts',(-7.45,-1.25632466120071E-14,1.30020006174042));
#5138=CARTESIAN_POINT('Ctrl Pts',(-7.82701042301595,-2.58568432253708E-15,
1.30050286952958));
#5139=CARTESIAN_POINT('Ctrl Pts',(-8.20402110811534,-2.45114473102372E-12,
1.30002419494899));
#5140=CARTESIAN_POINT('Ctrl Pts',(-8.58488282426043,1.04413714497699E-13,
1.30000012452911));
#5141=CARTESIAN_POINT('Ctrl Pts',(-8.58873414622918,-1.85649153170005E-16,
1.3));
#5142=CARTESIAN_POINT('Ctrl Pts',(-8.59258530574486,-1.82148116862213E-16,
1.3));
#5143=CARTESIAN_POINT('Ctrl Pts',(-12.2815996882001,2.04078639225284,1.3));
#5144=CARTESIAN_POINT('Ctrl Pts',(-12.222866784461,2.39424524271729,1.3));
#5145=CARTESIAN_POINT('Ctrl Pts',(-12.0655277646697,3.14383861683861,1.3));
#5146=CARTESIAN_POINT('Ctrl Pts',(-11.7169220678978,4.26218859381865,1.3));
#5147=CARTESIAN_POINT('Ctrl Pts',(-11.3428896294623,5.15772294451306,1.3));
#5148=CARTESIAN_POINT('Ctrl Pts',(-10.9951698111431,5.84963603781035,1.3));
#5149=CARTESIAN_POINT('Ctrl Pts',(-10.7134379761055,6.35086477585193,1.3));
#5150=CARTESIAN_POINT('Ctrl Pts',(-10.4070958053462,6.84148446758192,1.3));
#5151=CARTESIAN_POINT('Ctrl Pts',(-10.1891414487672,7.1568274741558,1.30000000000001));
#5152=CARTESIAN_POINT('Ctrl Pts',(-10.0754399140622,7.31355039914017,1.3));
#5153=CARTESIAN_POINT('Ctrl Pts',(-10.0738511494135,7.31573853639532,1.3));
#5154=CARTESIAN_POINT('Ctrl Pts',(-10.0722615799681,7.31792639104129,1.3));
#5155=CARTESIAN_POINT('Ctrl Pts',(-11.5894135790298,2.61224101179619,1.3));
#5156=CARTESIAN_POINT('Ctrl Pts',(-11.515521907835,2.86608551449098,1.38314442517286));
#5157=CARTESIAN_POINT('Ctrl Pts',(-11.4290047613256,3.44538935881539,1.53377795972973));
#5158=CARTESIAN_POINT('Ctrl Pts',(-11.2952232616881,4.42641459037615,1.61424119514882));
#5159=CARTESIAN_POINT('Ctrl Pts',(-11.0900091041995,5.26683596125987,1.58181329466748));
#5160=CARTESIAN_POINT('Ctrl Pts',(-10.8501080644367,5.92804385177634,1.51590989829916));
#5161=CARTESIAN_POINT('Ctrl Pts',(-10.6332262570737,6.40803962755157,1.45252198514138));
#5162=CARTESIAN_POINT('Ctrl Pts',(-10.3759471386123,6.87445853089908,1.37901177829799));
#5163=CARTESIAN_POINT('Ctrl Pts',(-10.1800303034476,7.16924280560464,1.32695248548136));
#5164=CARTESIAN_POINT('Ctrl Pts',(-10.0751931925623,7.31388889158968,1.30073142925706));
#5165=CARTESIAN_POINT('Ctrl Pts',(-10.07372807267,7.31590793699987,1.30036585498797));
#5166=CARTESIAN_POINT('Ctrl Pts',(-10.0722615799681,7.31792639104129,1.3));
#5167=CARTESIAN_POINT('Ctrl Pts',(-10.3901752965075,3.60230748005016,2.05181542626594));
#5168=CARTESIAN_POINT('Ctrl Pts',(-10.390796167729,3.70641378288266,2.18075712817221));
#5169=CARTESIAN_POINT('Ctrl Pts',(-10.5257278392639,4.02758370134539,2.36777829653012));
#5170=CARTESIAN_POINT('Ctrl Pts',(-10.7288483279569,4.78133504771706,2.33911667395099));
#5171=CARTESIAN_POINT('Ctrl Pts',(-10.7465149445754,5.50649803877662,2.13956961222368));
#5172=CARTESIAN_POINT('Ctrl Pts',(-10.6458925864618,6.09355870600203,1.91441769631472));
#5173=CARTESIAN_POINT('Ctrl Pts',(-10.513952766242,6.52196994070706,1.72369493660966));
#5174=CARTESIAN_POINT('Ctrl Pts',(-10.3249527152769,6.93520364494854,1.51646325184141));
#5175=CARTESIAN_POINT('Ctrl Pts',(-10.1640922298141,7.19102949372694,1.37402777413233));
#5176=CARTESIAN_POINT('Ctrl Pts',(-10.0747622531164,7.31448133788999,1.30201228281787));
#5177=CARTESIAN_POINT('Ctrl Pts',(-10.0735126883689,7.31620438805785,1.30100610121691));
#5178=CARTESIAN_POINT('Ctrl Pts',(-10.0722615799681,7.3179263910413,1.3));
#5179=CARTESIAN_POINT('Ctrl Pts',(-9.96813803110628,3.95073276876631,3.62680157423076));
#5180=CARTESIAN_POINT('Ctrl Pts',(-10.0905049893057,4.09789493630578,3.66485795718775));
#5181=CARTESIAN_POINT('Ctrl Pts',(-10.3452170352259,4.46776727537634,3.60262354415083));
#5182=CARTESIAN_POINT('Ctrl Pts',(-10.5852585624807,5.17046743422053,3.21757220135521));
#5183=CARTESIAN_POINT('Ctrl Pts',(-10.6189888212377,5.79982478899115,2.75403631802284));
#5184=CARTESIAN_POINT('Ctrl Pts',(-10.5425851264084,6.29733758707841,2.33209206642421));
#5185=CARTESIAN_POINT('Ctrl Pts',(-10.4361338427406,6.65657521451626,2.00021225619163));
#5186=CARTESIAN_POINT('Ctrl Pts',(-10.2811542630159,7.00072153137834,1.65435833430735));
#5187=CARTESIAN_POINT('Ctrl Pts',(-10.1482869707422,7.21286115408406,1.42115294503751));
#5188=CARTESIAN_POINT('Ctrl Pts',(-10.0743316246361,7.31507448704504,1.30329267382053));
#5189=CARTESIAN_POINT('Ctrl Pts',(-10.0732973040678,7.31650083911582,1.30164634744585));
#5190=CARTESIAN_POINT('Ctrl Pts',(-10.0722615799681,7.31792639104129,1.3));
#5191=CARTESIAN_POINT('Ctrl Pts',(-9.96813803110628,3.95073276876631,4.3));
#5192=CARTESIAN_POINT('Ctrl Pts',(-10.1343540593057,4.15206533640407,4.3));
#5193=CARTESIAN_POINT('Ctrl Pts',(-10.4084859924319,4.60458561934397,4.13175130131263));
#5194=CARTESIAN_POINT('Ctrl Pts',(-10.6046409967183,5.33191299802212,3.59441529580344));
#5195=CARTESIAN_POINT('Ctrl Pts',(-10.6052594553883,5.93114453677425,3.01768475540579));
#5196=CARTESIAN_POINT('Ctrl Pts',(-10.5171851772967,6.39042285197652,2.51128938866675));
#5197=CARTESIAN_POINT('Ctrl Pts',(-10.4103240438174,6.7178750449305,2.11884902957762));
#5198=CARTESIAN_POINT('Ctrl Pts',(-10.2635527970233,7.02978488795758,1.71352106279763));
#5199=CARTESIAN_POINT('Ctrl Pts',(-10.1415202515073,7.22223763754304,1.44135668758394));
#5200=CARTESIAN_POINT('Ctrl Pts',(-10.0741472887768,7.31532871319918,1.30384134552644));
#5201=CARTESIAN_POINT('Ctrl Pts',(-10.0732049965102,7.31662788956924,1.30192073868682));
#5202=CARTESIAN_POINT('Ctrl Pts',(-10.0722615799681,7.31792639104129,1.3));
#5203=CARTESIAN_POINT('Ctrl Pts',(-9.96813803110628,3.95073276876631,4.3));
#5204=CARTESIAN_POINT('Ctrl Pts',(-10.1343540593057,4.15206533640407,4.3));
#5205=CARTESIAN_POINT('Ctrl Pts',(-10.4084859924319,4.60458561934397,4.13175130131263));
#5206=CARTESIAN_POINT('Ctrl Pts',(-10.6046409967183,5.33191299802212,3.59441529580344));
#5207=CARTESIAN_POINT('Ctrl Pts',(-10.6052594553883,5.93114453677425,3.01768475540579));
#5208=CARTESIAN_POINT('Ctrl Pts',(-10.5171851772967,6.39042285197652,2.51128938866675));
#5209=CARTESIAN_POINT('Ctrl Pts',(-10.4103240438174,6.7178750449305,2.11884902957762));
#5210=CARTESIAN_POINT('Ctrl Pts',(-10.2635527970233,7.02978488795758,1.71352106279763));
#5211=CARTESIAN_POINT('Ctrl Pts',(-10.1415202515073,7.22223763754304,1.44135668758394));
#5212=CARTESIAN_POINT('Ctrl Pts',(-10.0741472887768,7.31532871319918,1.30384134552644));
#5213=CARTESIAN_POINT('Ctrl Pts',(-10.0732049965102,7.31662788956924,1.30192073868682));
#5214=CARTESIAN_POINT('Ctrl Pts',(-10.0722615799681,7.31792639104129,1.3));
#5215=CARTESIAN_POINT('Origin',(0.,0.,1.3));
#5216=CARTESIAN_POINT('Origin',(-3.76319427134029,9.74889064848671,0.));
#5217=CARTESIAN_POINT('',(-5.89411804912988,7.63721741305207,0.));
#5218=CARTESIAN_POINT('Origin',(-7.84746484543699,5.70151694723699,0.));
#5219=CARTESIAN_POINT('',(-9.08480803107923,3.24560940806848,0.));
#5220=CARTESIAN_POINT('Origin',(-7.84746484543699,5.70151694723699,15.));
#5221=CARTESIAN_POINT('Origin',(-10.4346369608708,0.566437547157385,0.));
#5222=CARTESIAN_POINT('Origin',(-7.84746484543699,-5.70151694723699,4.3));
#5223=CARTESIAN_POINT('',(-12.2815996882001,-2.04078639225283,1.3));
#5224=CARTESIAN_POINT('Origin',(-7.84746484543699,-5.70151694723699,1.3));
#5225=CARTESIAN_POINT('',(-9.96813803110628,-3.95073276876631,4.3));
#5226=CARTESIAN_POINT('Origin',(-12.2815996882001,-2.04078639225283,4.3));
#5227=CARTESIAN_POINT('',(-9.08480803107923,-3.24560940806848,4.3));
#5228=CARTESIAN_POINT('Origin',(-7.84746484543699,-5.70151694723699,4.3));
#5229=CARTESIAN_POINT('Ctrl Pts',(-9.08480803107923,-3.24560940806848,4.3));
#5230=CARTESIAN_POINT('Ctrl Pts',(-9.08353502316994,-3.24496803715499,4.29793880367762));
#5231=CARTESIAN_POINT('Ctrl Pts',(-9.08226247099761,-3.24432575824013,4.29587760511489));
#5232=CARTESIAN_POINT('Ctrl Pts',(-8.77435179954788,-3.08864249983181,3.79696566957794));
#5233=CARTESIAN_POINT('Ctrl Pts',(-8.36998916692582,-2.81814195013022,3.08955074455505));
#5234=CARTESIAN_POINT('Ctrl Pts',(-7.82338798945935,-2.08198953987197,2.14976120260732));
#5235=CARTESIAN_POINT('Ctrl Pts',(-7.68284796732963,-1.79624842539531,1.90928833832304));
#5236=CARTESIAN_POINT('Ctrl Pts',(-7.50468406379588,-1.26491337945165,1.5795502294167));
#5237=CARTESIAN_POINT('Ctrl Pts',(-7.44847534380517,-0.983989575043872,
1.46005736925101));
#5238=CARTESIAN_POINT('Ctrl Pts',(-7.43330642658604,-0.589489291696101,
1.36349014317538));
#5239=CARTESIAN_POINT('Ctrl Pts',(-7.43400362044065,-0.496738001064691,
1.34550779775122));
#5240=CARTESIAN_POINT('Ctrl Pts',(-7.43904740272605,-0.403823897255741,
1.33193805846562));
#5241=CARTESIAN_POINT('Origin',(-9.59193654201913,1.66533453693773E-15,
1.3));
#5242=CARTESIAN_POINT('Origin',(0.,0.,1.3));
#5243=CARTESIAN_POINT('Origin',(-2.68576603074375,10.0989683051341,0.));
#5244=CARTESIAN_POINT('',(0.279397904654899,9.64311434144482,4.3));
#5245=CARTESIAN_POINT('',(0.279397904654899,9.64311434144482,0.));
#5246=CARTESIAN_POINT('Ctrl Pts',(0.279397904654898,9.64311434144482,4.3));
#5247=CARTESIAN_POINT('Ctrl Pts',(0.279181305746047,9.64170544446436,4.29793880367606));
#5248=CARTESIAN_POINT('Ctrl Pts',(0.278963702446601,9.64029670033091,4.29587760511579));
#5249=CARTESIAN_POINT('Ctrl Pts',(0.226049752199969,9.29934745733491,3.79696564052066));
#5250=CARTESIAN_POINT('Ctrl Pts',(0.0937433620126999,8.83118648331281,3.08955073197476));
#5251=CARTESIAN_POINT('Ctrl Pts',(-0.43747012128906,8.08385427935038,2.14976120553363));
#5252=CARTESIAN_POINT('Ctrl Pts',(-0.66579681472865,7.86189391484707,1.90928834070178));
#5253=CARTESIAN_POINT('Ctrl Pts',(-1.11607079836026,7.52825841391391,1.57955023089295));
#5254=CARTESIAN_POINT('Ctrl Pts',(-1.3658757633196,7.3879905145095,1.46005737033234));
#5255=CARTESIAN_POINT('Ctrl Pts',(-1.7363803761634,7.25165672435953,1.36349014356086));
#5256=CARTESIAN_POINT('Ctrl Pts',(-1.8248075411916,7.22365806971942,1.3455077978969));
#5257=CARTESIAN_POINT('Ctrl Pts',(-1.91473272048239,7.19974295437789,1.33193805846562));
#5258=CARTESIAN_POINT('Origin',(2.99746484543699,9.22524820806299,4.3));
#5259=CARTESIAN_POINT('',(0.677046089988922,10.701106195596,4.3));
#5260=CARTESIAN_POINT('Origin',(2.99746484543699,9.22524820806299,4.3));
#5261=CARTESIAN_POINT('',(-1.85431982504533,12.3111330910865,1.3));
#5262=CARTESIAN_POINT('Origin',(-1.85431982504533,12.3111330910865,4.3));
#5263=CARTESIAN_POINT('Origin',(2.99746484543699,9.22524820806299,1.3));
#5264=CARTESIAN_POINT('Ctrl Pts',(-1.85431982504534,12.3111330910865,1.3));
#5265=CARTESIAN_POINT('Ctrl Pts',(-1.50001019418378,12.3644996957564,1.3));
#5266=CARTESIAN_POINT('Ctrl Pts',(-0.92679978314427,12.4260518836942,1.3));
#5267=CARTESIAN_POINT('Ctrl Pts',(-0.154860394065031,12.4534928921745,1.3));
#5268=CARTESIAN_POINT('Ctrl Pts',(0.433857769151783,12.4469612773439,1.3));
#5269=CARTESIAN_POINT('Ctrl Pts',(1.01200946496041,12.4132679198521,1.3));
#5270=CARTESIAN_POINT('Ctrl Pts',(1.78704780444691,12.331668078145,1.3));
#5271=CARTESIAN_POINT('Ctrl Pts',(2.73184288865865,12.1647248275059,1.3));
#5272=CARTESIAN_POINT('Ctrl Pts',(3.47638967847415,11.960909585986,1.30000000000001));
#5273=CARTESIAN_POINT('Ctrl Pts',(3.84212587154296,11.8423213168288,1.3));
#5274=CARTESIAN_POINT('Ctrl Pts',(3.84469388912655,11.8414879212029,1.3));
#5275=CARTESIAN_POINT('Ctrl Pts',(3.8472615799681,11.8406536278747,1.3));
#5276=CARTESIAN_POINT('Ctrl Pts',(-1.09693691435779,11.8294141704241,1.3));
#5277=CARTESIAN_POINT('Ctrl Pts',(-0.832682050356203,11.837581299255,1.38314461818627));
#5278=CARTESIAN_POINT('Ctrl Pts',(-0.397148079920061,11.9096176820971,1.49482980098301));
#5279=CARTESIAN_POINT('Ctrl Pts',(0.230447016895427,12.022682557935,1.57382430281437));
#5280=CARTESIAN_POINT('Ctrl Pts',(0.728853330790072,12.0979547596753,1.59964723819239));
#5281=CARTESIAN_POINT('Ctrl Pts',(1.23576038126913,12.1491510624162,1.59517088539287));
#5282=CARTESIAN_POINT('Ctrl Pts',(1.93383746343704,12.1755124734781,1.5556326738071));
#5283=CARTESIAN_POINT('Ctrl Pts',(2.80984718697107,12.1145862393213,1.45774070304208));
#5284=CARTESIAN_POINT('Ctrl Pts',(3.50501558159335,11.9514741003583,1.35286026697893));
#5285=CARTESIAN_POINT('Ctrl Pts',(3.84252348721834,11.842191360467,1.30072993774016));
#5286=CARTESIAN_POINT('Ctrl Pts',(3.8448926995826,11.8414233237699,1.30036524524094));
#5287=CARTESIAN_POINT('Ctrl Pts',(3.8472615799681,11.8406536278747,1.3));
#5288=CARTESIAN_POINT('Ctrl Pts',(0.215342732098643,10.9947637895166,2.05168090801126));
#5289=CARTESIAN_POINT('Ctrl Pts',(0.314162079437175,11.0275249659868,2.18062290924582));
#5290=CARTESIAN_POINT('Ctrl Pts',(0.512396848114937,11.1979008468963,2.32201437203032));
#5291=CARTESIAN_POINT('Ctrl Pts',(0.903912865206959,11.4684927113574,2.3530551627471));
#5292=CARTESIAN_POINT('Ctrl Pts',(1.25376900565774,11.6641233997809,2.31315371074447));
#5293=CARTESIAN_POINT('Ctrl Pts',(1.64157511921503,11.8255127505491,2.21957506142545));
#5294=CARTESIAN_POINT('Ctrl Pts',(2.20596513474461,11.983069063175,2.03707262145982));
#5295=CARTESIAN_POINT('Ctrl Pts',(2.95337824758562,12.0445320218201,1.73126074629755));
#5296=CARTESIAN_POINT('Ctrl Pts',(3.55526395898956,11.9349444947792,1.44502594392467));
#5297=CARTESIAN_POINT('Ctrl Pts',(3.84321891963708,11.8419650709154,1.30200896536781));
#5298=CARTESIAN_POINT('Ctrl Pts',(3.84524061788069,11.8413102782622,1.30100442441259));
#5299=CARTESIAN_POINT('Ctrl Pts',(3.8472615799681,11.8406536278747,1.3));
#5300=CARTESIAN_POINT('Ctrl Pts',(0.677046089988922,10.7011061955959,3.62680157423076));
#5301=CARTESIAN_POINT('Ctrl Pts',(0.779192395870123,10.8629600749999,3.66485804553273));
#5302=CARTESIAN_POINT('Ctrl Pts',(0.985160940040346,11.1305658753525,3.61833677642629));
#5303=CARTESIAN_POINT('Ctrl Pts',(1.34836709032513,11.4418133423337,3.41042578835784));
#5304=CARTESIAN_POINT('Ctrl Pts',(1.66133984950236,11.6438414109771,3.19567056150117));
#5305=CARTESIAN_POINT('Ctrl Pts',(1.99841885690433,11.8007012188427,2.93994069544779));
#5306=CARTESIAN_POINT('Ctrl Pts',(2.48020531554837,11.9491109673628,2.55008759414339));
#5307=CARTESIAN_POINT('Ctrl Pts',(3.1063471209634,12.007996199873,2.00630349215651));
#5308=CARTESIAN_POINT('Ctrl Pts',(3.60549024261992,11.918738462422,1.53733675206746));
#5309=CARTESIAN_POINT('Ctrl Pts',(3.84391505200169,11.8417390637672,1.30328729800269));
#5310=CARTESIAN_POINT('Ctrl Pts',(3.84558853617877,11.8411972327545,1.30164360358425));
#5311=CARTESIAN_POINT('Ctrl Pts',(3.8472615799681,11.8406536278747,1.3));
#5312=CARTESIAN_POINT('Ctrl Pts',(0.677046089988922,10.7011061955959,4.3));
#5313=CARTESIAN_POINT('Ctrl Pts',(0.817161488198459,10.9214027286492,4.3));
#5314=CARTESIAN_POINT('Ctrl Pts',(1.07738938579049,11.2226373534088,4.17321365607302));
#5315=CARTESIAN_POINT('Ctrl Pts',(1.4773564673635,11.5268413355913,3.86369840891064));
#5316=CARTESIAN_POINT('Ctrl Pts',(1.80166219275247,11.7105429947546,3.57417188214329));
#5317=CARTESIAN_POINT('Ctrl Pts',(2.13503255602856,11.8445169209965,3.24904917464435));
#5318=CARTESIAN_POINT('Ctrl Pts',(2.59592582274124,11.9634557046337,2.77027423935765));
#5319=CARTESIAN_POINT('Ctrl Pts',(3.17411936844147,11.9981535356143,2.12438493146344));
#5320=CARTESIAN_POINT('Ctrl Pts',(3.62706928839793,11.911803614458,1.57692337523717));
#5321=CARTESIAN_POINT('Ctrl Pts',(3.84421324615531,11.8416424903803,1.30383503535041));
#5322=CARTESIAN_POINT('Ctrl Pts',(3.84573764402081,11.8411487846797,1.30191753751495));
#5323=CARTESIAN_POINT('Ctrl Pts',(3.8472615799681,11.8406536278747,1.3));
#5324=CARTESIAN_POINT('',(3.8472615799681,11.8406536278747,1.3));
#5325=CARTESIAN_POINT('Ctrl Pts',(0.677046089988922,10.7011061955959,4.3));
#5326=CARTESIAN_POINT('Ctrl Pts',(0.817161488198459,10.9214027286492,4.3));
#5327=CARTESIAN_POINT('Ctrl Pts',(1.07738938579049,11.2226373534088,4.17321365607302));
#5328=CARTESIAN_POINT('Ctrl Pts',(1.4773564673635,11.5268413355913,3.86369840891064));
#5329=CARTESIAN_POINT('Ctrl Pts',(1.80166219275247,11.7105429947546,3.57417188214329));
#5330=CARTESIAN_POINT('Ctrl Pts',(2.13503255602856,11.8445169209965,3.24904917464435));
#5331=CARTESIAN_POINT('Ctrl Pts',(2.59592582274124,11.9634557046337,2.77027423935765));
#5332=CARTESIAN_POINT('Ctrl Pts',(3.17411936844147,11.9981535356143,2.12438493146344));
#5333=CARTESIAN_POINT('Ctrl Pts',(3.62706928839793,11.911803614458,1.57692337523717));
#5334=CARTESIAN_POINT('Ctrl Pts',(3.84421324615531,11.8416424903803,1.30383503535041));
#5335=CARTESIAN_POINT('Ctrl Pts',(3.84573764402081,11.8411487846797,1.30191753751495));
#5336=CARTESIAN_POINT('Ctrl Pts',(3.8472615799681,11.8406536278747,1.3));
#5337=CARTESIAN_POINT('Origin',(0.,0.,1.3));
#5338=CARTESIAN_POINT('Origin',(2.99746484543699,9.22524820806299,4.3));
#5339=CARTESIAN_POINT('',(6.95154753796405,5.05059492178184,1.3));
#5340=CARTESIAN_POINT('Ctrl Pts',(6.95154753796404,5.05059492178184,1.3));
#5341=CARTESIAN_POINT('Ctrl Pts',(6.94843145206207,5.04833095285313,1.3));
#5342=CARTESIAN_POINT('Ctrl Pts',(6.94531523468633,5.04606688840281,1.30000012456368));
#5343=CARTESIAN_POINT('Ctrl Pts',(6.77078559963324,4.91926368614429,1.30001376055624));
#5344=CARTESIAN_POINT('Ctrl Pts',(6.58995015598499,4.78787904575864,1.30039179331787));
#5345=CARTESIAN_POINT('Ctrl Pts',(6.22868578173126,4.52540511401007,1.30039179331787));
#5346=CARTESIAN_POINT('Ctrl Pts',(6.12359430484626,4.44905168672222,1.3002957839673));
#5347=CARTESIAN_POINT('Ctrl Pts',(6.02717660809336,4.37900012957892,1.30020006174042));
#5348=CARTESIAN_POINT('',(8.73647872141852,8.86997404450551,1.3));
#5349=CARTESIAN_POINT('Origin',(2.99746484543699,9.22524820806299,1.3));
#5350=CARTESIAN_POINT('',(5.74221061221077,9.05533447766594,4.3));
#5351=CARTESIAN_POINT('Origin',(8.73647872141852,8.86997404450551,4.3));
#5352=CARTESIAN_POINT('',(5.44204274301275,7.96566934880721,4.3));
#5353=CARTESIAN_POINT('Origin',(2.99746484543699,9.22524820806299,4.3));
#5354=CARTESIAN_POINT('Ctrl Pts',(5.78095403943599,4.69926275004162,1.33193805846562));
#5355=CARTESIAN_POINT('Ctrl Pts',(5.67251613476201,4.83266123750595,1.35700830335541));
#5356=CARTESIAN_POINT('Ctrl Pts',(5.57791508377266,4.97245327579053,1.39678305333258));
#5357=CARTESIAN_POINT('Ctrl Pts',(5.42092182281859,5.25039549933976,1.50211823538271));
#5358=CARTESIAN_POINT('Ctrl Pts',(5.35794716525638,5.38600171897132,1.56504455807523));
#5359=CARTESIAN_POINT('Ctrl Pts',(5.23294961365481,5.71325093531644,1.74402756709413));
#5360=CARTESIAN_POINT('Ctrl Pts',(5.18360722864246,5.90129087221859,1.86965604359779));
#5361=CARTESIAN_POINT('Ctrl Pts',(5.09005457666912,6.44390445469639,2.2934864706661));
#5362=CARTESIAN_POINT('Ctrl Pts',(5.09995696579314,6.77343067064116,2.63750035977851));
#5363=CARTESIAN_POINT('Ctrl Pts',(5.19901839656181,7.39474716823513,3.40644057072401));
#5364=CARTESIAN_POINT('Ctrl Pts',(5.30363881244615,7.69593370187787,3.86161694868298));
#5365=CARTESIAN_POINT('Ctrl Pts',(5.44047699754114,7.96262737140705,4.2950528317136));
#5366=CARTESIAN_POINT('Ctrl Pts',(5.44125922056726,7.96414869637769,4.29752641779117));
#5367=CARTESIAN_POINT('Ctrl Pts',(5.44204274301275,7.96566934880721,4.3));
#5368=CARTESIAN_POINT('Ctrl Pts',(3.8472615799681,11.8406536278747,1.3));
#5369=CARTESIAN_POINT('Ctrl Pts',(3.84975067963303,11.8398448703676,1.3));
#5370=CARTESIAN_POINT('Ctrl Pts',(3.85223829934404,11.8390352787054,1.3));
#5371=CARTESIAN_POINT('Ctrl Pts',(4.94462354477205,11.4836165717984,1.30000000000001));
#5372=CARTESIAN_POINT('Ctrl Pts',(6.34808639438978,10.8020450694625,1.3));
#5373=CARTESIAN_POINT('Ctrl Pts',(7.91400382983355,9.63465993383893,1.3));
#5374=CARTESIAN_POINT('Ctrl Pts',(8.48119348369364,9.12141717569001,1.3));
#5375=CARTESIAN_POINT('Ctrl Pts',(8.73647872141852,8.86997404450552,1.3));
#5376=CARTESIAN_POINT('Ctrl Pts',(3.8472615799681,11.8406536278747,1.3));
#5377=CARTESIAN_POINT('Ctrl Pts',(3.84990329892315,11.8403633581936,1.30031716305458));
#5378=CARTESIAN_POINT('Ctrl Pts',(3.85153163677391,11.8387356193881,1.30074214958905));
#5379=CARTESIAN_POINT('Ctrl Pts',(4.86532208996085,11.5192409410363,1.45581572403386));
#5380=CARTESIAN_POINT('Ctrl Pts',(6.08552232185211,10.7035186451451,1.66670160054741));
#5381=CARTESIAN_POINT('Ctrl Pts',(7.21876362278843,9.50299879636576,1.53109959084126));
#5382=CARTESIAN_POINT('Ctrl Pts',(7.63354119475354,9.08910341905991,1.38254125238966));
#5383=CARTESIAN_POINT('Ctrl Pts',(7.84059579810754,8.92543375641818,1.3));
#5384=CARTESIAN_POINT('Ctrl Pts',(3.84726157996809,11.8406536278747,1.3));
#5385=CARTESIAN_POINT('Ctrl Pts',(3.84937270959146,11.8403384319095,1.3009302644464));
#5386=CARTESIAN_POINT('Ctrl Pts',(3.85103248301168,11.8390719451411,1.30199026513909));
#5387=CARTESIAN_POINT('Ctrl Pts',(4.71606083656852,11.5692029482493,1.72659957828064));
#5388=CARTESIAN_POINT('Ctrl Pts',(5.69226349514153,10.6730884190105,2.31800977647026));
#5389=CARTESIAN_POINT('Ctrl Pts',(6.14583060299524,9.43915083503307,2.37008408065253));
#5390=CARTESIAN_POINT('Ctrl Pts',(6.22988790595454,9.106033982583,2.18369209905112));
#5391=CARTESIAN_POINT('Ctrl Pts',(6.28914242045007,9.02147661551502,2.05303631691183));
#5392=CARTESIAN_POINT('Ctrl Pts',(3.8472615799681,11.8406536278747,1.3));
#5393=CARTESIAN_POINT('Ctrl Pts',(3.84908127272208,11.8404416995459,1.30160316201981));
#5394=CARTESIAN_POINT('Ctrl Pts',(3.85032013189258,11.8393041090448,1.30318078852161));
#5395=CARTESIAN_POINT('Ctrl Pts',(4.56541515868861,11.6133862920423,1.99993390540686));
#5396=CARTESIAN_POINT('Ctrl Pts',(5.38193706714433,10.8832868789532,2.95807575191325));
#5397=CARTESIAN_POINT('Ctrl Pts',(5.74143553817769,9.69240185833627,3.60501964665276));
#5398=CARTESIAN_POINT('Ctrl Pts',(5.75528106144529,9.24658489036573,3.66656783722209));
#5399=CARTESIAN_POINT('Ctrl Pts',(5.74221061221077,9.05533447766594,3.62680157423076));
#5400=CARTESIAN_POINT('Ctrl Pts',(3.8472615799681,11.8406536278747,1.3));
#5401=CARTESIAN_POINT('Ctrl Pts',(3.84873887170018,11.8401736266938,1.30185884605391));
#5402=CARTESIAN_POINT('Ctrl Pts',(3.85021528547357,11.8396914453975,1.30372080230815));
#5403=CARTESIAN_POINT('Ctrl Pts',(4.49816534825113,11.6286232285679,2.11715101672933));
#5404=CARTESIAN_POINT('Ctrl Pts',(5.26605043155638,11.0168616362177,3.23195844141252));
#5405=CARTESIAN_POINT('Ctrl Pts',(5.71444167209229,9.84219000682396,4.1339653439663));
#5406=CARTESIAN_POINT('Ctrl Pts',(5.75834261140662,9.315926934785,4.3));
#5407=CARTESIAN_POINT('Ctrl Pts',(5.74221061221077,9.05533447766594,4.3));
#5408=CARTESIAN_POINT('Origin',(0.,0.,1.3));
#5409=CARTESIAN_POINT('Ctrl Pts',(3.8472615799681,11.8406536278747,1.3));
#5410=CARTESIAN_POINT('Ctrl Pts',(3.84873887170018,11.8401736266938,1.30185884605391));
#5411=CARTESIAN_POINT('Ctrl Pts',(3.85021528547357,11.8396914453975,1.30372080230815));
#5412=CARTESIAN_POINT('Ctrl Pts',(4.49816534825113,11.6286232285679,2.11715101672933));
#5413=CARTESIAN_POINT('Ctrl Pts',(5.26605043155638,11.0168616362177,3.23195844141252));
#5414=CARTESIAN_POINT('Ctrl Pts',(5.71444167209229,9.84219000682396,4.1339653439663));
#5415=CARTESIAN_POINT('Ctrl Pts',(5.75834261140662,9.315926934785,4.3));
#5416=CARTESIAN_POINT('Ctrl Pts',(5.74221061221077,9.05533447766594,4.3));
#5417=CARTESIAN_POINT('Origin',(-3.1125,8.93471661849236,1.3));
#5418=CARTESIAN_POINT('Origin',(0.,0.,1.3));
#5419=CARTESIAN_POINT('Origin',(8.01225075264172,5.92032681393722,1.3));
#5420=CARTESIAN_POINT('',(11.1355670103093,5.56791229806215,1.3));
#5421=CARTESIAN_POINT('Origin',(9.7,0.,1.3));
#5422=CARTESIAN_POINT('Origin',(0.,0.,1.3));
#5423=CARTESIAN_POINT('Origin',(8.10885499491357,6.59158332052817,0.));
#5424=CARTESIAN_POINT('',(5.44204274301275,7.96566934880721,0.));
#5425=CARTESIAN_POINT('Origin',(2.99746484543699,9.22524820806299,0.));
#5426=CARTESIAN_POINT('Origin',(2.99746484543699,9.22524820806299,15.));
#5427=CARTESIAN_POINT('Origin',(8.77474226804124,5.67506811672341,0.));
#5428=CARTESIAN_POINT('',(9.25748543254146,2.71416301234598,4.3));
#5429=CARTESIAN_POINT('',(9.25748543254146,2.71416301234598,0.));
#5430=CARTESIAN_POINT('Ctrl Pts',(9.25748543254146,2.71416301234598,4.3));
#5431=CARTESIAN_POINT('Ctrl Pts',(9.25607855914426,2.71393363703948,4.29793880367702));
#5432=CARTESIAN_POINT('Ctrl Pts',(9.25467152073768,2.71370526419725,4.29587760511528));
#5433=CARTESIAN_POINT('Ctrl Pts',(8.91405821551539,2.65867031171065,3.79696564625394));
#5434=CARTESIAN_POINT('Ctrl Pts',(8.42792574598928,2.63983146763173,3.08955073445889));
#5435=CARTESIAN_POINT('Ctrl Pts',(7.55301658653343,2.91410716218003,2.14976120495836));
#5436=CARTESIAN_POINT('Ctrl Pts',(7.27136290701165,3.06266922717128,1.90928834023421));
#5437=CARTESIAN_POINT('Ctrl Pts',(6.81491437681753,3.38780619377606,1.57955023060288));
#5438=CARTESIAN_POINT('Ctrl Pts',(6.60431769766015,3.58203966885831,1.46005737011987));
#5439=CARTESIAN_POINT('Ctrl Pts',(6.36016433647688,3.89228103703527,1.36349014348512));
#5440=CARTESIAN_POINT('Ctrl Pts',(6.30621053689636,3.96772820829667,1.34550779786828));
#5441=CARTESIAN_POINT('Ctrl Pts',(6.25567750209639,4.04586195881238,1.33193805846562));
#5442=CARTESIAN_POINT('Origin',(9.7,0.,4.3));
#5443=CARTESIAN_POINT('',(10.3865755266697,2.66291457733407,4.3));
#5444=CARTESIAN_POINT('Origin',(9.7,0.,4.3));
#5445=CARTESIAN_POINT('Origin',(11.1355670103093,5.56791229806214,4.3));
#5446=CARTESIAN_POINT('Ctrl Pts',(11.1355670103093,5.56791229806215,1.3));
#5447=CARTESIAN_POINT('Ctrl Pts',(11.2957891512172,5.24747542853098,1.3));
#5448=CARTESIAN_POINT('Ctrl Pts',(11.5315222977417,4.72116400768272,1.3));
#5449=CARTESIAN_POINT('Ctrl Pts',(11.7960396171923,3.99584226109739,1.3));
#5450=CARTESIAN_POINT('Ctrl Pts',(11.9718420094191,3.43365922030492,1.3));
#5451=CARTESIAN_POINT('Ctrl Pts',(12.11839416596,2.87360828587444,1.3));
#5452=CARTESIAN_POINT('Ctrl Pts',(12.2802510256175,2.11157231724691,1.3));
#5453=CARTESIAN_POINT('Ctrl Pts',(12.4134734533017,1.16143900102764,1.3));
#5454=CARTESIAN_POINT('Ctrl Pts',(12.4497395066829,0.390571021957083,1.29999999999999));
#5455=CARTESIAN_POINT('Ctrl Pts',(12.4499988850369,0.00588504759176598,
1.3));
#5456=CARTESIAN_POINT('Ctrl Pts',(12.45,0.00294253150094438,1.3));
#5457=CARTESIAN_POINT('Ctrl Pts',(12.45,1.52468526493846E-15,1.3));
#5458=CARTESIAN_POINT('Ctrl Pts',(10.9114692824423,4.69873901252554,1.3));
#5459=CARTESIAN_POINT('Ctrl Pts',(11.0008846468296,4.44997286778077,1.38313413008942));
#5460=CARTESIAN_POINT('Ctrl Pts',(11.2040415038134,4.05788120717923,1.49485671258726));
#5461=CARTESIAN_POINT('Ctrl Pts',(11.5053690065517,3.49622382530427,1.57382187229678));
#5462=CARTESIAN_POINT('Ctrl Pts',(11.7310792104465,3.04526823304756,1.59967088814022));
#5463=CARTESIAN_POINT('Ctrl Pts',(11.9363316973508,2.5791684866241,1.59519013817015));
#5464=CARTESIAN_POINT('Ctrl Pts',(12.1770550520563,1.92365981761989,1.55568203359504));
#5465=CARTESIAN_POINT('Ctrl Pts',(12.3898650897635,1.07172226292012,1.45781163474654));
#5466=CARTESIAN_POINT('Ctrl Pts',(12.4495963444115,0.360377069790004,1.35295441264062));
#5467=CARTESIAN_POINT('Ctrl Pts',(12.4499980429928,0.00542913381137518,
1.30079554556178));
#5468=CARTESIAN_POINT('Ctrl Pts',(12.45,0.00271469798560305,1.3003980790116));
#5469=CARTESIAN_POINT('Ctrl Pts',(12.45,1.49555678881158E-15,1.3));
#5470=CARTESIAN_POINT('Ctrl Pts',(10.5231946041952,3.19279791711666,2.0517250208713));
#5471=CARTESIAN_POINT('Ctrl Pts',(10.5848814099298,3.10894947139334,2.18065075699783));
#5472=CARTESIAN_POINT('Ctrl Pts',(10.8082533656359,2.97296472895993,2.3220158498401));
#5473=CARTESIAN_POINT('Ctrl Pts',(11.1864056203196,2.68438201576539,2.3530532677542));
#5474=CARTESIAN_POINT('Ctrl Pts',(11.4807038146626,2.4119851187574,2.31314703902165));
#5475=CARTESIAN_POINT('Ctrl Pts',(11.7539232387342,2.09314428724832,2.21959174083487));
#5476=CARTESIAN_POINT('Ctrl Pts',(12.0780795507474,1.6052780745439,2.03718931356586));
#5477=CARTESIAN_POINT('Ctrl Pts',(12.367563713967,0.913485562604843,1.73141615144887));
#5478=CARTESIAN_POINT('Ctrl Pts',(12.4493889122345,0.307384752043462,1.44528066521336));
#5479=CARTESIAN_POINT('Ctrl Pts',(12.4499976538455,0.00463208406878946,
1.30218955125983));
#5480=CARTESIAN_POINT('Ctrl Pts',(12.45,0.00231598933375573,1.30109471728189));
#5481=CARTESIAN_POINT('Ctrl Pts',(12.45,1.44458195558956E-15,1.3));
#5482=CARTESIAN_POINT('Ctrl Pts',(10.3865755266697,2.66291457733407,3.62680157423076));
#5483=CARTESIAN_POINT('Ctrl Pts',(10.5720492586627,2.61578921212814,3.66485324498201));
#5484=CARTESIAN_POINT('Ctrl Pts',(10.8902984901432,2.50253720895013,3.6182792772062));
#5485=CARTESIAN_POINT('Ctrl Pts',(11.2983574312867,2.25342106422983,3.41047991692463));
#5486=CARTESIAN_POINT('Ctrl Pts',(11.587352645091,2.01810104429285,3.19564244020574));
#5487=CARTESIAN_POINT('Ctrl Pts',(11.8405939696447,1.74608971659699,2.94000239623365));
#5488=CARTESIAN_POINT('Ctrl Pts',(12.1305451302792,1.33392313922967,2.55032246765034));
#5489=CARTESIAN_POINT('Ctrl Pts',(12.3800998114862,0.756659226297689,2.00657151475764));
#5490=CARTESIAN_POINT('Ctrl Pts',(12.449504550442,0.254516239796814,1.53775485930922));
#5491=CARTESIAN_POINT('Ctrl Pts',(12.4499978682858,0.00383439154205052,
1.30358278732655));
#5492=CARTESIAN_POINT('Ctrl Pts',(12.45,0.0019172806819084,1.30179135555218));
#5493=CARTESIAN_POINT('Ctrl Pts',(12.45,1.39360712236754E-15,1.3));
#5494=CARTESIAN_POINT('Ctrl Pts',(10.3865755266697,2.66291457733407,4.3));
#5495=CARTESIAN_POINT('Ctrl Pts',(10.6393561286862,2.59774050962697,4.3));
#5496=CARTESIAN_POINT('Ctrl Pts',(11.0063594008622,2.44326615298211,4.1731452195179));
#5497=CARTESIAN_POINT('Ctrl Pts',(11.4190787994144,2.15702585909478,3.86378983826773));
#5498=CARTESIAN_POINT('Ctrl Pts',(11.6941467427829,1.90525279656528,3.57414643932773));
#5499=CARTESIAN_POINT('Ctrl Pts',(11.9244829170104,1.6297001590699,3.24914088134702));
#5500=CARTESIAN_POINT('Ctrl Pts',(12.1799649514783,1.22828515397044,2.7705677529508));
#5501=CARTESIAN_POINT('Ctrl Pts',(12.3916943049396,0.689136337833235,2.1247072990616));
#5502=CARTESIAN_POINT('Ctrl Pts',(12.4495847026741,0.23181038690227,1.57741217097786));
#5503=CARTESIAN_POINT('Ctrl Pts',(12.4499982213761,0.00349277469240515,
1.30417975514361));
#5504=CARTESIAN_POINT('Ctrl Pts',(12.45,0.00174640554540241,1.30208991481088));
#5505=CARTESIAN_POINT('Ctrl Pts',(12.45,1.37176076527239E-15,1.3));
#5506=CARTESIAN_POINT('',(12.45,-2.21489493412719E-13,1.3));
#5507=CARTESIAN_POINT('Ctrl Pts',(10.3865755266697,2.66291457733407,4.3));
#5508=CARTESIAN_POINT('Ctrl Pts',(10.6393561286862,2.59774050962697,4.3));
#5509=CARTESIAN_POINT('Ctrl Pts',(11.0063594008622,2.44326615298211,4.1731452195179));
#5510=CARTESIAN_POINT('Ctrl Pts',(11.4190787994144,2.15702585909478,3.86378983826773));
#5511=CARTESIAN_POINT('Ctrl Pts',(11.6941467427829,1.90525279656528,3.57414643932773));
#5512=CARTESIAN_POINT('Ctrl Pts',(11.9244829170104,1.6297001590699,3.24914088134702));
#5513=CARTESIAN_POINT('Ctrl Pts',(12.1799649514783,1.22828515397044,2.7705677529508));
#5514=CARTESIAN_POINT('Ctrl Pts',(12.3916943049396,0.689136337833235,2.1247072990616));
#5515=CARTESIAN_POINT('Ctrl Pts',(12.4495847026741,0.23181038690227,1.57741217097786));
#5516=CARTESIAN_POINT('Ctrl Pts',(12.4499982213761,0.00349277469240515,
1.30417975514361));
#5517=CARTESIAN_POINT('Ctrl Pts',(12.45,0.00174640554540241,1.30208991481088));
#5518=CARTESIAN_POINT('Ctrl Pts',(12.45,1.37176076527239E-15,1.3));
#5519=CARTESIAN_POINT('Origin',(0.,0.,1.3));
#5520=CARTESIAN_POINT('Origin',(9.7,0.,4.3));
#5521=CARTESIAN_POINT('',(6.95154753796404,-5.05059492178184,1.3));
#5522=CARTESIAN_POINT('Ctrl Pts',(6.95154753796405,-5.05059492178184,1.3));
#5523=CARTESIAN_POINT('Ctrl Pts',(6.94847618436242,-5.04836345277172,1.3));
#5524=CARTESIAN_POINT('Ctrl Pts',(6.94540470493253,-5.04613189234133,1.30000012101305));
#5525=CARTESIAN_POINT('Ctrl Pts',(6.77087166261657,-4.91932621456621,1.30001356598712));
#5526=CARTESIAN_POINT('Ctrl Pts',(6.59001222399654,-4.78792414080865,1.30039179331787));
#5527=CARTESIAN_POINT('Ctrl Pts',(6.22868479478457,-4.5254043969513,1.30039179331787));
#5528=CARTESIAN_POINT('Ctrl Pts',(6.1235943084698,-4.44905168935489,1.30029578397089));
#5529=CARTESIAN_POINT('Ctrl Pts',(6.02717660809336,-4.37900012957893,1.30020006174042));
#5530=CARTESIAN_POINT('',(11.1355670103093,-5.56791229806215,1.3));
#5531=CARTESIAN_POINT('Origin',(9.7,0.,1.3));
#5532=CARTESIAN_POINT('',(10.3865755266697,-2.66291457733407,4.3));
#5533=CARTESIAN_POINT('Origin',(11.1355670103093,-5.56791229806215,4.3));
#5534=CARTESIAN_POINT('',(9.25748543254146,-2.71416301234598,4.3));
#5535=CARTESIAN_POINT('Origin',(9.7,0.,4.3));
#5536=CARTESIAN_POINT('Ctrl Pts',(6.25567750209639,-4.04586195881238,1.33193805846562));
#5537=CARTESIAN_POINT('Ctrl Pts',(6.35955108738709,-3.88525350079274,1.35983144521339));
#5538=CARTESIAN_POINT('Ctrl Pts',(6.47612039608864,-3.73867173546651,1.40589317962788));
#5539=CARTESIAN_POINT('Ctrl Pts',(6.72162869581284,-3.48078933219092,1.53098268337285));
#5540=CARTESIAN_POINT('Ctrl Pts',(6.84742279226954,-3.37044034173429,1.60717097752389));
#5541=CARTESIAN_POINT('Ctrl Pts',(7.16716345392487,-3.13092800737073,1.82976265926873));
#5542=CARTESIAN_POINT('Ctrl Pts',(7.36101337581243,-3.02093462012867,1.98994164587428));
#5543=CARTESIAN_POINT('Ctrl Pts',(7.77589862377357,-2.83547328085927,2.38085565550171));
#5544=CARTESIAN_POINT('Ctrl Pts',(7.99506996455715,-2.77047494697851,2.61925907064785));
#5545=CARTESIAN_POINT('Ctrl Pts',(8.59354154323912,-2.65413238561781,3.33668737071534));
#5546=CARTESIAN_POINT('Ctrl Pts',(8.95074446623122,-2.66468041038751,3.85072133875673));
#5547=CARTESIAN_POINT('Ctrl Pts',(9.25414626598772,-2.7136200472853,4.29510815732234));
#5548=CARTESIAN_POINT('Ctrl Pts',(9.25581596564266,-2.71389082404363,4.29755408053064));
#5549=CARTESIAN_POINT('Ctrl Pts',(9.25748543254146,-2.71416301234598,4.3));
#5550=CARTESIAN_POINT('Ctrl Pts',(12.45,1.52468526493846E-15,1.3));
#5551=CARTESIAN_POINT('Ctrl Pts',(12.45,-0.00258036368341088,1.3));
#5552=CARTESIAN_POINT('Ctrl Pts',(12.4499987696539,-0.00515960048486478,
1.3));
#5553=CARTESIAN_POINT('Ctrl Pts',(12.4495568784081,-1.15389056832643,1.30000000000005));
#5554=CARTESIAN_POINT('Ctrl Pts',(12.2350378517822,-2.6993511165344,1.29999999999999));
#5555=CARTESIAN_POINT('Ctrl Pts',(11.6086813429775,-4.54935743454557,1.30000000000001));
#5556=CARTESIAN_POINT('Ctrl Pts',(11.2958191772358,-5.24741537788287,1.3));
#5557=CARTESIAN_POINT('Ctrl Pts',(11.1355670103093,-5.56791229806214,1.3));
#5558=CARTESIAN_POINT('Ctrl Pts',(12.45,1.52468526493846E-15,1.3));
#5559=CARTESIAN_POINT('Ctrl Pts',(12.4505402504508,-0.00256821315700956,
1.30031220364485));
#5560=CARTESIAN_POINT('Ctrl Pts',(12.4494955414503,-0.00458579251408017,
1.30073216025959));
#5561=CARTESIAN_POINT('Ctrl Pts',(12.4589411379754,-1.06747018023204,1.45580443625683));
#5562=CARTESIAN_POINT('Ctrl Pts',(12.0601986595405,-2.48008846816256,1.66670459505214));
#5563=CARTESIAN_POINT('Ctrl Pts',(11.2686233460632,-3.92883080168973,1.53109918090573));
#5564=CARTESIAN_POINT('Ctrl Pts',(11.0031470704447,-4.45123687664854,1.38254300222239));
#5565=CARTESIAN_POINT('Ctrl Pts',(10.9114692824423,-4.69873901252553,1.3));
#5566=CARTESIAN_POINT('Ctrl Pts',(12.45,1.52468526493846E-15,1.3));
#5567=CARTESIAN_POINT('Ctrl Pts',(12.4503226254651,-0.00206904611274361,
1.30091848176022));
#5568=CARTESIAN_POINT('Ctrl Pts',(12.4496886340947,-0.00402371895291026,
1.30196105542676));
#5569=CARTESIAN_POINT('Ctrl Pts',(12.4601149348317,-0.910047389278473,1.72658874282553));
#5570=CARTESIAN_POINT('Ctrl Pts',(11.9097848609372,-2.1154746788213,2.31796360520414));
#5571=CARTESIAN_POINT('Ctrl Pts',(10.8763400302769,-2.92815710593608,2.37007880001316));
#5572=CARTESIAN_POINT('Ctrl Pts',(10.5854139766694,-3.11090822876405,2.18355249777168));
#5573=CARTESIAN_POINT('Ctrl Pts',(10.5233689650691,-3.19347418373941,2.05297941810834));
#5574=CARTESIAN_POINT('Ctrl Pts',(12.45,1.52468526493846E-15,1.3));
#5575=CARTESIAN_POINT('Ctrl Pts',(12.4503607248551,-0.00177212031972754,
1.30158080939688));
#5576=CARTESIAN_POINT('Ctrl Pts',(12.449661817944,-0.00327790769371381,
1.30313585323493));
#5577=CARTESIAN_POINT('Ctrl Pts',(12.4558079809057,-0.753175247177485,1.99986911897963));
#5578=CARTESIAN_POINT('Ctrl Pts',(12.0137572735116,-1.75540098515737,2.95805332813197));
#5579=CARTESIAN_POINT('Ctrl Pts',(10.9922442160743,-2.46529994543818,3.60500124755122));
#5580=CARTESIAN_POINT('Ctrl Pts',(10.5725082946692,-2.61624502889201,3.6665683760446));
#5581=CARTESIAN_POINT('Ctrl Pts',(10.3865755266697,-2.66291457733407,3.62680157423076));
#5582=CARTESIAN_POINT('Ctrl Pts',(12.45,1.52468526493846E-15,1.3));
#5583=CARTESIAN_POINT('Ctrl Pts',(12.45,-0.00153145733116264,1.30183268735787));
#5584=CARTESIAN_POINT('Ctrl Pts',(12.4499976914419,-0.0030627580727468,
1.30366845883682));
#5585=CARTESIAN_POINT('Ctrl Pts',(12.449513369106,-0.684512976046962,2.11707664818655));
#5586=CARTESIAN_POINT('Ctrl Pts',(12.1049830131305,-1.60390775944458,3.23193392277421));
#5587=CARTESIAN_POINT('Ctrl Pts',(11.1263595878158,-2.39334034982807,4.13394632250712));
#5588=CARTESIAN_POINT('Ctrl Pts',(10.6394035003853,-2.5977282958483,4.3));
#5589=CARTESIAN_POINT('Ctrl Pts',(10.3865755266697,-2.66291457733407,4.3));
#5590=CARTESIAN_POINT('Origin',(0.,0.,1.3));
#5591=CARTESIAN_POINT('Ctrl Pts',(12.45,1.52468526493846E-15,1.3));
#5592=CARTESIAN_POINT('Ctrl Pts',(12.45,-0.00153145733116264,1.30183268735787));
#5593=CARTESIAN_POINT('Ctrl Pts',(12.4499976914419,-0.0030627580727468,
1.30366845883682));
#5594=CARTESIAN_POINT('Ctrl Pts',(12.449513369106,-0.684512976046962,2.11707664818655));
#5595=CARTESIAN_POINT('Ctrl Pts',(12.1049830131305,-1.60390775944458,3.23193392277421));
#5596=CARTESIAN_POINT('Ctrl Pts',(11.1263595878158,-2.39334034982807,4.13394632250712));
#5597=CARTESIAN_POINT('Ctrl Pts',(10.6394035003853,-2.5977282958483,4.3));
#5598=CARTESIAN_POINT('Ctrl Pts',(10.3865755266697,-2.66291457733407,4.3));
#5599=CARTESIAN_POINT('Origin',(8.01225075264172,-5.92032681393744,1.3));
#5600=CARTESIAN_POINT('',(8.73647872141852,-8.86997404450551,1.3));
#5601=CARTESIAN_POINT('Origin',(2.99746484543699,-9.22524820806299,1.3));
#5602=CARTESIAN_POINT('Origin',(0.,0.,1.3));
#5603=CARTESIAN_POINT('Origin',(8.77474226804124,-5.67506811672341,0.));
#5604=CARTESIAN_POINT('',(9.25748543254146,-2.71416301234598,0.));
#5605=CARTESIAN_POINT('Origin',(9.7,0.,0.));
#5606=CARTESIAN_POINT('Origin',(9.7,0.,15.));
#5607=CARTESIAN_POINT('Origin',(8.10885499491357,-6.59158332052818,0.));
#5608=CARTESIAN_POINT('',(5.44204274301275,-7.96566934880721,4.3));
#5609=CARTESIAN_POINT('',(5.44204274301275,-7.96566934880721,0.));
#5610=CARTESIAN_POINT('Ctrl Pts',(5.44204274301275,-7.96566934880721,4.3));
#5611=CARTESIAN_POINT('Ctrl Pts',(5.44138984634374,-7.96440221356218,4.2979388036757));
#5612=CARTESIAN_POINT('Ctrl Pts',(5.4407378520856,-7.96313461160815,4.29587760511635));
#5613=CARTESIAN_POINT('Ctrl Pts',(5.2831411932195,-7.65619882649508,3.79696561826372));
#5614=CARTESIAN_POINT('Ctrl Pts',(5.11500120256814,-7.19968090107984,3.08955072234348));
#5615=CARTESIAN_POINT('Ctrl Pts',(5.10549108946129,-6.28283700904392,2.14976120778153));
#5616=CARTESIAN_POINT('Ctrl Pts',(5.15974623560079,-5.96906023889674,1.90928834252899));
#5617=CARTESIAN_POINT('Ctrl Pts',(5.32791951301335,-5.43447904134705,1.57955023202678));
#5618=CARTESIAN_POINT('Ctrl Pts',(5.44756857211053,-5.17416825246909,1.46005737116286));
#5619=CARTESIAN_POINT('Ctrl Pts',(5.66717810937521,-4.84609475112942,1.36349014385692));
#5620=CARTESIAN_POINT('Ctrl Pts',(5.72225999278818,-4.77146717956762,1.34550779800879));
#5621=CARTESIAN_POINT('Ctrl Pts',(5.78095403943599,-4.69926275004162,1.33193805846562));
#5622=CARTESIAN_POINT('Origin',(2.99746484543699,-9.22524820806299,4.3));
#5623=CARTESIAN_POINT('',(5.74221061221077,-9.05533447766594,4.3));
#5624=CARTESIAN_POINT('Origin',(2.99746484543699,-9.22524820806299,4.3));
#5625=CARTESIAN_POINT('Origin',(8.73647872141852,-8.86997404450551,4.3));
#5626=CARTESIAN_POINT('Ctrl Pts',(8.73647872141852,-8.86997404450551,1.3));
#5627=CARTESIAN_POINT('Ctrl Pts',(8.48130463884913,-9.12130769344735,1.3));
#5628=CARTESIAN_POINT('Ctrl Pts',(8.05348092956252,-9.50829319377291,1.3));
#5629=CARTESIAN_POINT('Ctrl Pts',(7.44589382104022,-9.98359989291311,1.3));
#5630=CARTESIAN_POINT('Ctrl Pts',(6.96544902451214,-10.3246953594578,1.3));
#5631=CARTESIAN_POINT('Ctrl Pts',(6.47782275430938,-10.6372190480324,1.3));
#5632=CARTESIAN_POINT('Ctrl Pts',(5.97293611246278,-10.9288426475826,1.3));
#5633=CARTESIAN_POINT('Ctrl Pts',(5.45815240037361,-11.1946662594251,1.3));
#5634=CARTESIAN_POINT('Ctrl Pts',(4.93557191852674,-11.4347185515104,1.3));
#5635=CARTESIAN_POINT('Ctrl Pts',(4.40005402166305,-11.6513088119494,1.3));
#5636=CARTESIAN_POINT('Ctrl Pts',(4.03852277419809,-11.778335485408,1.29999999999999));
#5637=CARTESIAN_POINT('Ctrl Pts',(3.85380927369221,-11.8385246840198,1.3));
#5638=CARTESIAN_POINT('Ctrl Pts',(3.85053570559899,-11.8395897999692,1.3));
#5639=CARTESIAN_POINT('Ctrl Pts',(3.8472615799681,-11.8406536278747,1.3));
#5640=CARTESIAN_POINT('Ctrl Pts',(7.84059579810754,-8.92543375641818,1.3));
#5641=CARTESIAN_POINT('Ctrl Pts',(7.6316917750282,-9.08730257232835,1.38311194103694));
#5642=CARTESIAN_POINT('Ctrl Pts',(7.32142074147256,-9.40179350801182,1.4947313756164));
#5643=CARTESIAN_POINT('Ctrl Pts',(6.88070846408179,-9.86154681199827,1.57358852624118));
#5644=CARTESIAN_POINT('Ctrl Pts',(6.52149672915485,-10.2156826803584,1.59948059013965));
#5645=CARTESIAN_POINT('Ctrl Pts',(6.14135728586122,-10.5550389912761,1.59483676552756));
#5646=CARTESIAN_POINT('Ctrl Pts',(5.73054608644379,-10.8780570959875,1.56542663764506));
#5647=CARTESIAN_POINT('Ctrl Pts',(5.29459696652572,-11.172795423064,1.51614292221917));
#5648=CARTESIAN_POINT('Ctrl Pts',(4.83696471838731,-11.4337856809836,1.45272103594667));
#5649=CARTESIAN_POINT('Ctrl Pts',(4.35531669484451,-11.6596700920493,1.37930263269134));
#5650=CARTESIAN_POINT('Ctrl Pts',(4.0236923016305,-11.7830541606573,1.32724313429527));
#5651=CARTESIAN_POINT('Ctrl Pts',(3.85330181167194,-11.8386884906547,1.30093110217396));
#5652=CARTESIAN_POINT('Ctrl Pts',(3.8502821975053,-11.839672169742,1.30046573317376));
#5653=CARTESIAN_POINT('Ctrl Pts',(3.8472615799681,-11.8406536278747,1.3));
#5654=CARTESIAN_POINT('Ctrl Pts',(6.288449019946,-9.02151954053479,2.05182053758527));
#5655=CARTESIAN_POINT('Ctrl Pts',(6.22778287708046,-9.10607519928517,2.18071186257497));
#5656=CARTESIAN_POINT('Ctrl Pts',(6.16749878732042,-9.36060223246202,2.3221873540409));
#5657=CARTESIAN_POINT('Ctrl Pts',(6.01002343238526,-9.80906360939855,2.35318602344526));
#5658=CARTESIAN_POINT('Ctrl Pts',(5.84197476218792,-10.173225050543,2.31342663010267));
#5659=CARTESIAN_POINT('Ctrl Pts',(5.62297839820804,-10.5317801396567,2.21971195591953));
#5660=CARTESIAN_POINT('Ctrl Pts',(5.35092582607722,-10.875340216993,2.08352135760576));
#5661=CARTESIAN_POINT('Ctrl Pts',(5.03177091290628,-11.1865356315021,1.91486001498697));
#5662=CARTESIAN_POINT('Ctrl Pts',(4.67333723773167,-11.4557829301535,1.72423454073185));
#5663=CARTESIAN_POINT('Ctrl Pts',(4.27805804166348,-11.6788379239484,1.51720610374235));
#5664=CARTESIAN_POINT('Ctrl Pts',(3.99771323538562,-11.7913781163745,1.37482380653749));
#5665=CARTESIAN_POINT('Ctrl Pts',(3.85241459421733,-11.8389760507765,1.3025616336327));
#5666=CARTESIAN_POINT('Ctrl Pts',(3.84983855834135,-11.8398163168444,1.30128076622783));
#5667=CARTESIAN_POINT('Ctrl Pts',(3.8472615799681,-11.8406536278747,1.3));
#5668=CARTESIAN_POINT('Ctrl Pts',(5.74221061221076,-9.05533447766594,3.62680157423076));
#5669=CARTESIAN_POINT('Ctrl Pts',(5.75470292657285,-9.2462420496891,3.66484308873789));
#5670=CARTESIAN_POINT('Ctrl Pts',(5.74533663714154,-9.58403839016561,3.61835015161711));
#5671=CARTESIAN_POINT('Ctrl Pts',(5.63458183951706,-10.04871901178,3.41071361842734));
#5672=CARTESIAN_POINT('Ctrl Pts',(5.50015445711776,-10.3964405744758,3.19595308165931));
#5673=CARTESIAN_POINT('Ctrl Pts',(5.31949809465442,-10.721444602839,2.94010202495505));
#5674=CARTESIAN_POINT('Ctrl Pts',(5.09342460815664,-11.0232954814145,2.64871950792426));
#5675=CARTESIAN_POINT('Ctrl Pts',(4.8283272067337,-11.2908245106586,2.33284187243697));
#5676=CARTESIAN_POINT('Ctrl Pts',(4.53112138637729,-11.5190785820934,2.00102547376466));
#5677=CARTESIAN_POINT('Ctrl Pts',(4.20388251450105,-11.7062302027739,1.65556511380139));
#5678=CARTESIAN_POINT('Ctrl Pts',(3.97182398739184,-11.7998527413588,1.42245064616453));
#5679=CARTESIAN_POINT('Ctrl Pts',(3.85152728713483,-11.83926478023,1.30419163258054));
#5680=CARTESIAN_POINT('Ctrl Pts',(3.84939491917739,-11.8399604639468,1.30209579928191));
#5681=CARTESIAN_POINT('Ctrl Pts',(3.8472615799681,-11.8406536278747,1.3));
#5682=CARTESIAN_POINT('Ctrl Pts',(5.74221061221076,-9.05533447766594,4.3));
#5683=CARTESIAN_POINT('Ctrl Pts',(5.75833558728373,-9.31581346878351,4.3));
#5684=CARTESIAN_POINT('Ctrl Pts',(5.72486383021178,-9.71275419884634,4.17315497952564));
#5685=CARTESIAN_POINT('Ctrl Pts',(5.58027617390831,-10.1933177599527,3.86403788266862));
#5686=CARTESIAN_POINT('Ctrl Pts',(5.42588833611391,-10.5329207836462,3.57442639551938));
#5687=CARTESIAN_POINT('Ctrl Pts',(5.23481174098849,-10.8371838351433,3.24916353167067));
#5688=CARTESIAN_POINT('Ctrl Pts',(5.00840036177987,-11.1121096368826,2.89122297259461));
#5689=CARTESIAN_POINT('Ctrl Pts',(4.75301487769043,-11.3512884734318,2.51219001763829));
#5690=CARTESIAN_POINT('Ctrl Pts',(4.47415546823459,-11.5535820938814,2.11977977345627));
#5691=CARTESIAN_POINT('Ctrl Pts',(4.17245867419529,-11.7194690287096,1.71493138480241));
#5692=CARTESIAN_POINT('Ctrl Pts',(3.96072363671949,-11.8035108493261,1.44286952007425));
#5693=CARTESIAN_POINT('Ctrl Pts',(3.85114724520545,-11.8393887540974,1.304890118091));
#5694=CARTESIAN_POINT('Ctrl Pts',(3.84920478810712,-11.8400222412764,1.30244509916222));
#5695=CARTESIAN_POINT('Ctrl Pts',(3.8472615799681,-11.8406536278747,1.3));
#5696=CARTESIAN_POINT('',(3.8472615799681,-11.8406536278747,1.3));
#5697=CARTESIAN_POINT('Ctrl Pts',(5.74221061221076,-9.05533447766594,4.3));
#5698=CARTESIAN_POINT('Ctrl Pts',(5.75833558728373,-9.31581346878351,4.3));
#5699=CARTESIAN_POINT('Ctrl Pts',(5.72486383021178,-9.71275419884634,4.17315497952564));
#5700=CARTESIAN_POINT('Ctrl Pts',(5.58027617390831,-10.1933177599527,3.86403788266862));
#5701=CARTESIAN_POINT('Ctrl Pts',(5.42588833611391,-10.5329207836462,3.57442639551938));
#5702=CARTESIAN_POINT('Ctrl Pts',(5.23481174098849,-10.8371838351433,3.24916353167067));
#5703=CARTESIAN_POINT('Ctrl Pts',(5.00840036177987,-11.1121096368826,2.89122297259461));
#5704=CARTESIAN_POINT('Ctrl Pts',(4.75301487769043,-11.3512884734318,2.51219001763829));
#5705=CARTESIAN_POINT('Ctrl Pts',(4.47415546823459,-11.5535820938814,2.11977977345627));
#5706=CARTESIAN_POINT('Ctrl Pts',(4.17245867419529,-11.7194690287096,1.71493138480241));
#5707=CARTESIAN_POINT('Ctrl Pts',(3.96072363671949,-11.8035108493261,1.44286952007425));
#5708=CARTESIAN_POINT('Ctrl Pts',(3.85114724520545,-11.8393887540974,1.304890118091));
#5709=CARTESIAN_POINT('Ctrl Pts',(3.84920478810712,-11.8400222412764,1.30244509916222));
#5710=CARTESIAN_POINT('Ctrl Pts',(3.8472615799681,-11.8406536278747,1.3));
#5711=CARTESIAN_POINT('Origin',(0.,0.,1.3));
#5712=CARTESIAN_POINT('Origin',(2.99746484543699,-9.22524820806299,4.3));
#5713=CARTESIAN_POINT('',(-2.65525488509162,-8.17203424685063,1.3));
#5714=CARTESIAN_POINT('Ctrl Pts',(-2.65525488509162,-8.17203424685064,1.3));
#5715=CARTESIAN_POINT('Ctrl Pts',(-2.6540463099659,-8.16831463508277,1.3));
#5716=CARTESIAN_POINT('Ctrl Pts',(-2.65283768223162,-8.16459486140194,1.30000012843118));
#5717=CARTESIAN_POINT('Ctrl Pts',(-2.5351449420464,-7.80237385250041,1.30002456426233));
#5718=CARTESIAN_POINT('Ctrl Pts',(-2.41866073580159,-7.44387232858873,1.30050282144515));
#5719=CARTESIAN_POINT('Ctrl Pts',(-2.30217660809336,-7.08537104639889,1.30020006174042));
#5720=CARTESIAN_POINT('',(-1.85431982504534,-12.3111330910865,1.3));
#5721=CARTESIAN_POINT('Origin',(2.99746484543699,-9.22524820806299,1.3));
#5722=CARTESIAN_POINT('',(0.677046089988921,-10.701106195596,4.3));
#5723=CARTESIAN_POINT('Origin',(-1.85431982504534,-12.3111330910865,4.3));
#5724=CARTESIAN_POINT('',(0.279397904654897,-9.64311434144482,4.3));
#5725=CARTESIAN_POINT('Origin',(2.99746484543699,-9.22524820806299,4.3));
#5726=CARTESIAN_POINT('Ctrl Pts',(-1.91473272048239,-7.1997429543779,1.33193805846562));
#5727=CARTESIAN_POINT('Ctrl Pts',(-1.73162535981879,-7.24843936715893,1.35956902002445));
#5728=CARTESIAN_POINT('Ctrl Pts',(-1.55773939751497,-7.313243032808,1.40503121260886));
#5729=CARTESIAN_POINT('Ctrl Pts',(-1.23941530684184,-7.46503831772059,1.52822766665429));
#5730=CARTESIAN_POINT('Ctrl Pts',(-1.09676798068186,-7.54936347815601,1.60314305263081));
#5731=CARTESIAN_POINT('Ctrl Pts',(-0.773151424381164,-7.7757388741066,1.82149574668488));
#5732=CARTESIAN_POINT('Ctrl Pts',(-0.609839011582937,-7.92350004698701,
1.97827702085223));
#5733=CARTESIAN_POINT('Ctrl Pts',(-0.30709496251183,-8.25473315295294,2.36050582829843));
#5734=CARTESIAN_POINT('Ctrl Pts',(-0.177811377524268,-8.43956724825051,
2.59320241830715));
#5735=CARTESIAN_POINT('Ctrl Pts',(0.127460229949576,-8.97877630058477,3.31509576712561));
#5736=CARTESIAN_POINT('Ctrl Pts',(0.230845831239975,-9.33079480309511,3.84296455430533));
#5737=CARTESIAN_POINT('Ctrl Pts',(0.27888187256221,-9.63976717611816,4.29510282582361));
#5738=CARTESIAN_POINT('Ctrl Pts',(0.279140597343213,-9.64144065113677,4.29755141478886));
#5739=CARTESIAN_POINT('Ctrl Pts',(0.279397904654896,-9.64311434144482,4.3));
#5740=CARTESIAN_POINT('Ctrl Pts',(3.8472615799681,-11.8406536278747,1.3));
#5741=CARTESIAN_POINT('Ctrl Pts',(3.84468965513059,-11.8414892969116,1.3));
#5742=CARTESIAN_POINT('Ctrl Pts',(3.8421177123709,-11.8423240364128,1.3));
#5743=CARTESIAN_POINT('Ctrl Pts',(3.47631473414472,-11.9609188463083,1.30000000000002));
#5744=CARTESIAN_POINT('Ctrl Pts',(2.73268125352345,-12.1645628094168,1.3));
#5745=CARTESIAN_POINT('Ctrl Pts',(1.59684453194243,-12.3651886641594,1.30000000000001));
#5746=CARTESIAN_POINT('Ctrl Pts',(0.431013886799073,-12.4607292890575,1.3));
#5747=CARTESIAN_POINT('Ctrl Pts',(-0.738355873349371,-12.4463633350341,
1.3));
#5748=CARTESIAN_POINT('Ctrl Pts',(-1.50001100659897,-12.3644995733893,1.3));
#5749=CARTESIAN_POINT('Ctrl Pts',(-1.85431982504534,-12.3111330910865,1.3));
#5750=CARTESIAN_POINT('Ctrl Pts',(3.8472615799681,-11.8406536278747,1.3));
#5751=CARTESIAN_POINT('Ctrl Pts',(3.84489060705194,-11.841422394618,1.30036680902948));
#5752=CARTESIAN_POINT('Ctrl Pts',(3.842513859031,-11.8421961037388,1.30073068751192));
#5753=CARTESIAN_POINT('Ctrl Pts',(3.50510999364254,-11.9514395243453,1.35280447427714));
#5754=CARTESIAN_POINT('Ctrl Pts',(2.81067113089846,-12.114292953024,1.45678793232424));
#5755=CARTESIAN_POINT('Ctrl Pts',(1.75826098985359,-12.1869840493253,1.57372001952396));
#5756=CARTESIAN_POINT('Ctrl Pts',(0.717870556364117,-12.1100683800563,1.61287270912639));
#5757=CARTESIAN_POINT('Ctrl Pts',(-0.253323130234301,-11.9353845481631,
1.53065789827238));
#5758=CARTESIAN_POINT('Ctrl Pts',(-0.833208656240477,-11.8376328338052,
1.38279525076144));
#5759=CARTESIAN_POINT('Ctrl Pts',(-1.09693691435779,-11.8294141704241,1.3));
#5760=CARTESIAN_POINT('Ctrl Pts',(3.8472615799681,-11.8406536278747,1.3));
#5761=CARTESIAN_POINT('Ctrl Pts',(3.84523715788262,-11.8413104846878,1.30100471073105));
#5762=CARTESIAN_POINT('Ctrl Pts',(3.8432126630756,-11.8419679616311,1.30201346185158));
#5763=CARTESIAN_POINT('Ctrl Pts',(3.55519884927476,-11.9349630184788,1.44500314154882));
#5764=CARTESIAN_POINT('Ctrl Pts',(2.95383958537689,-12.0449658569364,1.731401629432));
#5765=CARTESIAN_POINT('Ctrl Pts',(2.0553032340896,-11.970802881607,2.09884020707643));
#5766=CARTESIAN_POINT('Ctrl Pts',(1.22970663192607,-11.6814878248788,2.34072566396647));
#5767=CARTESIAN_POINT('Ctrl Pts',(0.577783428611658,-11.2552493293882,2.36813293024777));
#5768=CARTESIAN_POINT('Ctrl Pts',(0.312161629958698,-11.0272240263286,2.18371375151006));
#5769=CARTESIAN_POINT('Ctrl Pts',(0.214752333793028,-10.9951393010716,2.05295283094234));
#5770=CARTESIAN_POINT('Ctrl Pts',(3.8472615799681,-11.8406536278747,1.3));
#5771=CARTESIAN_POINT('Ctrl Pts',(3.84558543033216,-11.8411973577089,1.30164430887506));
#5772=CARTESIAN_POINT('Ctrl Pts',(3.84390992542219,-11.8417416157891,1.30329449994351));
#5773=CARTESIAN_POINT('Ctrl Pts',(3.60546774613369,-11.9187442324755,1.53729442107281));
#5774=CARTESIAN_POINT('Ctrl Pts',(3.10706561863188,-12.0079396490405,2.00621311702234));
#5775=CARTESIAN_POINT('Ctrl Pts',(2.3545249958201,-11.9368772251213,2.65961334015802));
#5776=CARTESIAN_POINT('Ctrl Pts',(1.64537250374035,-11.6641050420521,3.21927720420072));
#5777=CARTESIAN_POINT('Ctrl Pts',(1.05328430835489,-11.2192410118317,3.60265317428918));
#5778=CARTESIAN_POINT('Ctrl Pts',(0.778751862445162,-10.8618638999259,3.66655862141547));
#5779=CARTESIAN_POINT('Ctrl Pts',(0.677046089988921,-10.701106195596,3.62680157423076));
#5780=CARTESIAN_POINT('Ctrl Pts',(3.8472615799681,-11.8406536278747,1.3));
#5781=CARTESIAN_POINT('Ctrl Pts',(3.8457351311254,-11.8411496011689,1.30192069943947));
#5782=CARTESIAN_POINT('Ctrl Pts',(3.84420839844069,-11.8416441725473,1.30384118642337));
#5783=CARTESIAN_POINT('Ctrl Pts',(3.62702560591139,-11.9117941930152,1.57696715760893));
#5784=CARTESIAN_POINT('Ctrl Pts',(3.17465271180448,-11.9981533274421,2.12374845487874));
#5785=CARTESIAN_POINT('Ctrl Pts',(2.47955783915004,-11.956327076179,2.90017374616385));
#5786=CARTESIAN_POINT('Ctrl Pts',(1.79289030676029,-11.7329225259158,3.59525731836218));
#5787=CARTESIAN_POINT('Ctrl Pts',(1.16294523256103,-11.3217885082075,4.13159116382764));
#5788=CARTESIAN_POINT('Ctrl Pts',(0.817161166920556,-10.9214022235198,4.3));
#5789=CARTESIAN_POINT('Ctrl Pts',(0.677046089988921,-10.701106195596,4.3));
#5790=CARTESIAN_POINT('Origin',(0.,0.,1.3));
#5791=CARTESIAN_POINT('Ctrl Pts',(3.8472615799681,-11.8406536278747,1.3));
#5792=CARTESIAN_POINT('Ctrl Pts',(3.8457351311254,-11.8411496011689,1.30192069943947));
#5793=CARTESIAN_POINT('Ctrl Pts',(3.84420839844069,-11.8416441725473,1.30384118642337));
#5794=CARTESIAN_POINT('Ctrl Pts',(3.62702560591139,-11.9117941930152,1.57696715760893));
#5795=CARTESIAN_POINT('Ctrl Pts',(3.17465271180448,-11.9981533274421,2.12374845487874));
#5796=CARTESIAN_POINT('Ctrl Pts',(2.47955783915004,-11.956327076179,2.90017374616385));
#5797=CARTESIAN_POINT('Ctrl Pts',(1.79289030676029,-11.7329225259158,3.59525731836218));
#5798=CARTESIAN_POINT('Ctrl Pts',(1.16294523256103,-11.3217885082075,4.13159116382764));
#5799=CARTESIAN_POINT('Ctrl Pts',(0.817161166920556,-10.9214022235198,4.3));
#5800=CARTESIAN_POINT('Ctrl Pts',(0.677046089988921,-10.701106195596,4.3));
#5801=CARTESIAN_POINT('Origin',(-3.1125,-8.93471661849236,1.3));
#5802=CARTESIAN_POINT('',(-5.73612621848241,-11.0498577368959,1.3));
#5803=CARTESIAN_POINT('Origin',(-7.84746484543699,-5.70151694723699,1.3));
#5804=CARTESIAN_POINT('Origin',(0.,0.,1.3));
#5805=CARTESIAN_POINT('Origin',(-2.68576603074375,-10.0989683051341,0.));
#5806=CARTESIAN_POINT('',(0.279397904654897,-9.64311434144482,0.));
#5807=CARTESIAN_POINT('Origin',(2.99746484543699,-9.22524820806299,0.));
#5808=CARTESIAN_POINT('Origin',(2.99746484543699,-9.22524820806299,15.));
#5809=CARTESIAN_POINT('Origin',(-10.4346369608708,-0.566437547157382,0.));
#5810=CARTESIAN_POINT('',(-9.08480803107923,-3.24560940806848,0.));
#5811=CARTESIAN_POINT('Ctrl Pts',(-10.0722615799681,-7.31792639104129,1.3));
#5812=CARTESIAN_POINT('Ctrl Pts',(-10.0739526855137,-7.31559878394268,1.3));
#5813=CARTESIAN_POINT('Ctrl Pts',(-10.0756428035552,-7.31327083103104,1.3));
#5814=CARTESIAN_POINT('Ctrl Pts',(-10.3015418347807,-7.00189510765404,1.29999999999998));
#5815=CARTESIAN_POINT('Ctrl Pts',(-10.724921787812,-6.35765758498988,1.3));
#5816=CARTESIAN_POINT('Ctrl Pts',(-11.2666437852703,-5.33950950412104,1.29999999999999));
#5817=CARTESIAN_POINT('Ctrl Pts',(-11.7176917785072,-4.26037126109178,1.3));
#5818=CARTESIAN_POINT('Ctrl Pts',(-12.0653954907381,-3.14380450308843,1.3));
#5819=CARTESIAN_POINT('Ctrl Pts',(-12.2228720455953,-2.39421358083155,1.3));
#5820=CARTESIAN_POINT('Ctrl Pts',(-12.2815996882001,-2.04078639225284,1.3));
#5821=CARTESIAN_POINT('Ctrl Pts',(-10.0722615799681,-7.31792639104129,1.3));
#5822=CARTESIAN_POINT('Ctrl Pts',(-10.0738191053683,-7.31578006227772,1.30039021643271));
#5823=CARTESIAN_POINT('Ctrl Pts',(-10.0753829241562,-7.31362963388679,1.30077740157949));
#5824=CARTESIAN_POINT('Ctrl Pts',(-10.2835977936479,-7.02637505221333,1.35287168570557));
#5825=CARTESIAN_POINT('Ctrl Pts',(-10.6529716139047,-6.41630974838228,1.45682974577934));
#5826=CARTESIAN_POINT('Ctrl Pts',(-11.0472449481882,-5.43796540167826,1.57373506317726));
#5827=CARTESIAN_POINT('Ctrl Pts',(-11.2955451803267,-4.42483521223832,1.61286352766341));
#5828=CARTESIAN_POINT('Ctrl Pts',(-11.4295305706313,-3.44720183408886,1.53065839203886));
#5829=CARTESIAN_POINT('Ctrl Pts',(-11.515744324874,-2.86557544920022,1.38278729897225));
#5830=CARTESIAN_POINT('Ctrl Pts',(-11.5894135790298,-2.61224101179619,1.3));
#5831=CARTESIAN_POINT('Ctrl Pts',(-10.0722615799681,-7.31792639104129,1.3));
#5832=CARTESIAN_POINT('Ctrl Pts',(-10.0735916795208,-7.31609398786017,1.30106888928307));
#5833=CARTESIAN_POINT('Ctrl Pts',(-10.0749225551997,-7.31426159977046,1.30214214785481));
#5834=CARTESIAN_POINT('Ctrl Pts',(-10.2524023202238,-7.06897381393175,1.44517825872266));
#5835=CARTESIAN_POINT('Ctrl Pts',(-10.5427400969199,-6.53107740663544,1.73153698240238));
#5836=CARTESIAN_POINT('Ctrl Pts',(-10.7497883781618,-5.65370586061318,2.09888637353494));
#5837=CARTESIAN_POINT('Ctrl Pts',(-10.7297105470604,-4.7791783300398,2.34077799031533));
#5838=CARTESIAN_POINT('Ctrl Pts',(-10.5258839016561,-4.02753277984558,2.36811222530536));
#5839=CARTESIAN_POINT('Ctrl Pts',(-10.3910885761789,-3.70429707408568,2.18392438052522));
#5840=CARTESIAN_POINT('Ctrl Pts',(-10.390711347908,-3.60186492703578,2.05303344341037));
#5841=CARTESIAN_POINT('Ctrl Pts',(-10.0722615799681,-7.31792639104129,1.3));
#5842=CARTESIAN_POINT('Ctrl Pts',(-10.0733628449143,-7.31640920599998,1.30174949386552));
#5843=CARTESIAN_POINT('Ctrl Pts',(-10.0744641992493,-7.31489269999452,1.30350489927933));
#5844=CARTESIAN_POINT('Ctrl Pts',(-10.2214086009781,-7.11182220282085,1.53759044762118));
#5845=CARTESIAN_POINT('Ctrl Pts',(-10.460153049083,-6.6654147520877,2.0064235299238));
#5846=CARTESIAN_POINT('Ctrl Pts',(-10.6250572722562,-5.92781872030316,2.65974365972448));
#5847=CARTESIAN_POINT('Ctrl Pts',(-10.5847276697775,-5.1691766163003,3.21930545671643));
#5848=CARTESIAN_POINT('Ctrl Pts',(-10.3446265867806,-4.46859465526417,3.6026997574811));
#5849=CARTESIAN_POINT('Ctrl Pts',(-10.0895877174439,-4.09712480273509,3.66655883427366));
#5850=CARTESIAN_POINT('Ctrl Pts',(-9.96813803110629,-3.95073276876631,3.62680157423076));
#5851=CARTESIAN_POINT('Ctrl Pts',(-10.0722615799681,-7.31792639104129,1.3));
#5852=CARTESIAN_POINT('Ctrl Pts',(-10.0732652586398,-7.3165449458636,1.30204342871023));
#5853=CARTESIAN_POINT('Ctrl Pts',(-10.0742675368022,-7.31516270475469,1.30408662522864));
#5854=CARTESIAN_POINT('Ctrl Pts',(-10.208124513665,-7.13020386197238,1.57731223632344));
#5855=CARTESIAN_POINT('Ctrl Pts',(-10.42995938308,-6.72669050341723,2.12399787510735));
#5856=CARTESIAN_POINT('Ctrl Pts',(-10.6049245346105,-6.052752842622,2.90032802274905));
#5857=CARTESIAN_POINT('Ctrl Pts',(-10.6045923441579,-5.33073577068062,3.59528953267364));
#5858=CARTESIAN_POINT('Ctrl Pts',(-10.4082704452953,-4.60457849432866,4.1316459094198));
#5859=CARTESIAN_POINT('Ctrl Pts',(-10.1343391701245,-4.15204730157839,4.3));
#5860=CARTESIAN_POINT('Ctrl Pts',(-9.96813803110629,-3.95073276876631,4.3));
#5861=CARTESIAN_POINT('',(-10.0722615799681,-7.31792639104129,1.3));
#5862=CARTESIAN_POINT('Origin',(0.,0.,1.3));
#5863=CARTESIAN_POINT('Ctrl Pts',(-10.0722615799681,-7.31792639104129,1.3));
#5864=CARTESIAN_POINT('Ctrl Pts',(-10.0732652586398,-7.3165449458636,1.30204342871023));
#5865=CARTESIAN_POINT('Ctrl Pts',(-10.0742675368022,-7.31516270475469,1.30408662522864));
#5866=CARTESIAN_POINT('Ctrl Pts',(-10.208124513665,-7.13020386197238,1.57731223632344));
#5867=CARTESIAN_POINT('Ctrl Pts',(-10.42995938308,-6.72669050341723,2.12399787510735));
#5868=CARTESIAN_POINT('Ctrl Pts',(-10.6049245346105,-6.052752842622,2.90032802274905));
#5869=CARTESIAN_POINT('Ctrl Pts',(-10.6045923441579,-5.33073577068062,3.59528953267364));
#5870=CARTESIAN_POINT('Ctrl Pts',(-10.4082704452953,-4.60457849432866,4.1316459094198));
#5871=CARTESIAN_POINT('Ctrl Pts',(-10.1343391701245,-4.15204730157839,4.3));
#5872=CARTESIAN_POINT('Ctrl Pts',(-9.96813803110629,-3.95073276876631,4.3));
#5873=CARTESIAN_POINT('Origin',(-3.7631942713403,-9.74889064848671,0.));
#5874=CARTESIAN_POINT('',(-5.89411804912988,-7.63721741305207,4.3));
#5875=CARTESIAN_POINT('',(-5.89411804912988,-7.63721741305207,0.));
#5876=CARTESIAN_POINT('Ctrl Pts',(-5.89411804912988,-7.63721741305207,4.3));
#5877=CARTESIAN_POINT('Ctrl Pts',(-5.89311468806481,-7.63620490509612,4.29793880367663));
#5878=CARTESIAN_POINT('Ctrl Pts',(-5.89211060427096,-7.63519311116102,4.29587760511485));
#5879=CARTESIAN_POINT('Ctrl Pts',(-5.64889738003535,-7.39046141650508,3.79696563553631));
#5880=CARTESIAN_POINT('Ctrl Pts',(-5.26668114593545,-7.08947897919334,3.08955072982283));
#5881=CARTESIAN_POINT('Ctrl Pts',(-4.39764956501217,-6.79711397778086,2.14976120604363));
#5882=CARTESIAN_POINT('Ctrl Pts',(-4.08246436090405,-6.75175133386388,1.90928834111629));
#5883=CARTESIAN_POINT('Ctrl Pts',(-3.52207902889348,-6.74649895064881,1.57955023115005));
#5884=CARTESIAN_POINT('Ctrl Pts',(-3.23753516430518,-6.77985151056607,1.46005737052067));
#5885=CARTESIAN_POINT('Ctrl Pts',(-2.85765564457907,-6.88733230474975,1.36349014362799));
#5886=CARTESIAN_POINT('Ctrl Pts',(-2.76965936885934,-6.9166571008786,1.34550779792227));
#5887=CARTESIAN_POINT('Ctrl Pts',(-2.68285141832394,-6.9501660604044,1.33193805846562));
#5888=CARTESIAN_POINT('Origin',(-7.84746484543699,-5.70151694723699,4.3));
#5889=CARTESIAN_POINT('',(-6.83769419776306,-8.25941906403039,4.3));
#5890=CARTESIAN_POINT('Origin',(-7.84746484543699,-5.70151694723699,4.3));
#5891=CARTESIAN_POINT('Origin',(-5.73612621848241,-11.0498577368959,4.3));
#5892=CARTESIAN_POINT('Ctrl Pts',(-5.73612621848241,-11.0498577368959,1.3));
#5893=CARTESIAN_POINT('Ctrl Pts',(-6.05401185111075,-10.88483913166,1.3));
#5894=CARTESIAN_POINT('Ctrl Pts',(-6.71795173551797,-10.5038536943925,1.3));
#5895=CARTESIAN_POINT('Ctrl Pts',(-7.67413217075019,-9.8264504360272,1.3));
#5896=CARTESIAN_POINT('Ctrl Pts',(-8.4097534053105,-9.19449454295556,1.3));
#5897=CARTESIAN_POINT('Ctrl Pts',(-8.96009417007909,-8.65033228131643,1.3));
#5898=CARTESIAN_POINT('Ctrl Pts',(-9.34963702953055,-8.22771460568677,1.3));
#5899=CARTESIAN_POINT('Ctrl Pts',(-9.72134600925601,-7.78515691656929,1.3));
#5900=CARTESIAN_POINT('Ctrl Pts',(-9.95387928924437,-7.48057731139511,1.30000000000001));
#5901=CARTESIAN_POINT('Ctrl Pts',(-10.0682136186452,-7.3234956421409,1.3));
#5902=CARTESIAN_POINT('Ctrl Pts',(-10.0702380590441,-7.32071152865677,1.3));
#5903=CARTESIAN_POINT('Ctrl Pts',(-10.0722615799681,-7.31792639104129,1.3));
#5904=CARTESIAN_POINT('Ctrl Pts',(-6.06571458716221,-10.2149604383276,1.3));
#5905=CARTESIAN_POINT('Ctrl Pts',(-6.28421587264336,-10.0663011208733,1.38311194103693));
#5906=CARTESIAN_POINT('Ctrl Pts',(-6.80806879618531,-9.80518809752743,1.53377202129135));
#5907=CARTESIAN_POINT('Ctrl Pts',(-7.70004280982236,-9.37461236978612,1.61421306624649));
#5908=CARTESIAN_POINT('Ctrl Pts',(-8.43538226235047,-8.92012139559135,1.58186349765563));
#5909=CARTESIAN_POINT('Ctrl Pts',(-8.98983734040085,-8.48796586204711,1.51603854664897));
#5910=CARTESIAN_POINT('Ctrl Pts',(-9.37923676589813,-8.13359745714101,1.45270921110147));
#5911=CARTESIAN_POINT('Ctrl Pts',(-9.74312424207552,-7.74517589941928,1.37927597075657));
#5912=CARTESIAN_POINT('Ctrl Pts',(-9.96295060448072,-7.46792840617215,1.32724206122424));
#5913=CARTESIAN_POINT('Ctrl Pts',(-10.0685262138915,-7.32306366456328,1.30093111411142));
#5914=CARTESIAN_POINT('Ctrl Pts',(-10.0703947356623,-7.32049588179212,1.30046573317373));
#5915=CARTESIAN_POINT('Ctrl Pts',(-10.0722615799681,-7.31792639104129,1.3));
#5916=CARTESIAN_POINT('Ctrl Pts',(-6.63672679161684,-8.76849996747323,2.05185865310362));
#5917=CARTESIAN_POINT('Ctrl Pts',(-6.73589087098969,-8.73693217250691,2.18074997809332));
#5918=CARTESIAN_POINT('Ctrl Pts',(-7.08270653087853,-8.76604512153632,2.36782951638848));
#5919=CARTESIAN_POINT('Ctrl Pts',(-7.86263335902357,-8.72619584304818,2.33904787589598));
#5920=CARTESIAN_POINT('Ctrl Pts',(-8.55722012828809,-8.51915208554334,2.13975321501738));
#5921=CARTESIAN_POINT('Ctrl Pts',(-9.08420644514019,-8.24233769775898,1.91480284158788));
#5922=CARTESIAN_POINT('Ctrl Pts',(-9.45080841736485,-7.98470842695431,1.72421732478065));
#5923=CARTESIAN_POINT('Ctrl Pts',(-9.78525735430356,-7.67763977726432,1.51718723777449));
#5924=CARTESIAN_POINT('Ctrl Pts',(-9.97889966249545,-7.44579052021319,1.37482252333632));
#5925=CARTESIAN_POINT('Ctrl Pts',(-10.0690738121246,-7.32230876265977,1.3025616483101));
#5926=CARTESIAN_POINT('Ctrl Pts',(-10.0706689197442,-7.32011849977898,1.30128076622776));
#5927=CARTESIAN_POINT('Ctrl Pts',(-10.0722615799681,-7.3179263910413,1.3));
#5928=CARTESIAN_POINT('Ctrl Pts',(-6.83769419776306,-8.25941906403039,3.62680157423076));
#5929=CARTESIAN_POINT('Ctrl Pts',(-7.01539775070892,-8.33029364511812,3.66484308873789));
#5930=CARTESIAN_POINT('Ctrl Pts',(-7.44558316446647,-8.45830337497424,3.60283086330506));
#5931=CARTESIAN_POINT('Ctrl Pts',(-8.18831612685998,-8.46936077776767,3.21755942491243));
#5932=CARTESIAN_POINT('Ctrl Pts',(-8.79685333442515,-8.30717879194137,2.75445863454059));
#5933=CARTESIAN_POINT('Ctrl Pts',(-9.24621057662941,-8.08102108999624,2.33281029017941));
#5934=CARTESIAN_POINT('Ctrl Pts',(-9.55492525011165,-7.86897111845492,2.0011099017472));
#5935=CARTESIAN_POINT('Ctrl Pts',(-9.83421453718762,-7.61554257830152,1.65555975145401));
#5936=CARTESIAN_POINT('Ctrl Pts',(-9.99495808827541,-7.42378502870956,1.42245411493461));
#5937=CARTESIAN_POINT('Ctrl Pts',(-10.0696226221132,-7.32155413089563,1.30419159121424));
#5938=CARTESIAN_POINT('Ctrl Pts',(-10.070943103826,-7.31974111776584,1.3020957992818));
#5939=CARTESIAN_POINT('Ctrl Pts',(-10.0722615799681,-7.31792639104129,1.3));
#5940=CARTESIAN_POINT('Ctrl Pts',(-6.83769419776306,-8.25941906403039,4.3));
#5941=CARTESIAN_POINT('Ctrl Pts',(-7.08044154829212,-8.35524726158165,4.3));
#5942=CARTESIAN_POINT('Ctrl Pts',(-7.59525560953577,-8.4762094682108,4.13204094077744));
#5943=CARTESIAN_POINT('Ctrl Pts',(-8.34782392248305,-8.4379048418651,3.59443772501233));
#5944=CARTESIAN_POINT('Ctrl Pts',(-8.91753731917881,-8.25355277105634,3.0182173000967));
#5945=CARTESIAN_POINT('Ctrl Pts',(-9.32695503207167,-8.02808751307214,2.51215560299875));
#5946=CARTESIAN_POINT('Ctrl Pts',(-9.60532631343098,-7.82544434306651,2.11991103515572));
#5947=CARTESIAN_POINT('Ctrl Pts',(-9.85650575770261,-7.5897486520714,1.71492898358361));
#5948=CARTESIAN_POINT('Ctrl Pts',(-10.0018663580142,-7.41435790035536,1.44287512442201));
#5949=CARTESIAN_POINT('Ctrl Pts',(-10.0698579791922,-7.32123100536446,1.30489005144301));
#5950=CARTESIAN_POINT('Ctrl Pts',(-10.0710606112897,-7.31957938261735,1.30244509916209));
#5951=CARTESIAN_POINT('Ctrl Pts',(-10.0722615799681,-7.31792639104129,1.3));
#5952=CARTESIAN_POINT('Ctrl Pts',(-6.83769419776306,-8.25941906403039,4.3));
#5953=CARTESIAN_POINT('Ctrl Pts',(-7.08044154829212,-8.35524726158165,4.3));
#5954=CARTESIAN_POINT('Ctrl Pts',(-7.59525560953577,-8.4762094682108,4.13204094077744));
#5955=CARTESIAN_POINT('Ctrl Pts',(-8.34782392248305,-8.4379048418651,3.59443772501233));
#5956=CARTESIAN_POINT('Ctrl Pts',(-8.91753731917881,-8.25355277105634,3.0182173000967));
#5957=CARTESIAN_POINT('Ctrl Pts',(-9.32695503207167,-8.02808751307214,2.51215560299875));
#5958=CARTESIAN_POINT('Ctrl Pts',(-9.60532631343098,-7.82544434306651,2.11991103515572));
#5959=CARTESIAN_POINT('Ctrl Pts',(-9.85650575770261,-7.5897486520714,1.71492898358361));
#5960=CARTESIAN_POINT('Ctrl Pts',(-10.0018663580142,-7.41435790035536,1.44287512442201));
#5961=CARTESIAN_POINT('Ctrl Pts',(-10.0698579791922,-7.32123100536446,1.30489005144301));
#5962=CARTESIAN_POINT('Ctrl Pts',(-10.0710606112897,-7.31957938261735,1.30244509916209));
#5963=CARTESIAN_POINT('Ctrl Pts',(-10.0722615799681,-7.31792639104129,1.3));
#5964=CARTESIAN_POINT('Origin',(0.,0.,1.3));
#5965=CARTESIAN_POINT('Origin',(0.,0.,-3.7));
#5966=CARTESIAN_POINT('',(12.45,1.52468526493846E-15,-3.7));
#5967=CARTESIAN_POINT('Origin',(-7.84746484543699,-5.70151694723699,0.));
#5968=CARTESIAN_POINT('Origin',(-7.84746484543699,-5.70151694723699,15.));
#5969=CARTESIAN_POINT('Ctrl Pts',(-5.50434270877765,8.09473355610463,33.8));
#5970=CARTESIAN_POINT('Ctrl Pts',(-6.21327235097819,9.66676097177761,33.8));
#5971=CARTESIAN_POINT('Ctrl Pts',(-5.10689926340138,10.9895572615758,33.8));
#5972=CARTESIAN_POINT('Ctrl Pts',(-4.00052617582456,12.312353551374,33.8));
#5973=CARTESIAN_POINT('Ctrl Pts',(-2.32793139492528,11.892498657242,33.8));
#5974=CARTESIAN_POINT('Ctrl Pts',(-0.655336614025985,11.4726437631101,33.8));
#5975=CARTESIAN_POINT('Ctrl Pts',(-0.304858211250343,9.7841484796089,33.8));
#5976=CARTESIAN_POINT('Ctrl Pts',(-5.50434270877765,8.09473355610463,31.6655897799181));
#5977=CARTESIAN_POINT('Ctrl Pts',(-6.21327235097819,9.66676097177762,31.6655897799181));
#5978=CARTESIAN_POINT('Ctrl Pts',(-5.10689926340138,10.9895572615758,31.6655897799181));
#5979=CARTESIAN_POINT('Ctrl Pts',(-4.00052617582456,12.312353551374,31.6655897799181));
#5980=CARTESIAN_POINT('Ctrl Pts',(-2.32793139492527,11.8924986572421,31.6655897799181));
#5981=CARTESIAN_POINT('Ctrl Pts',(-0.655336614025984,11.4726437631101,31.6655897799181));
#5982=CARTESIAN_POINT('Ctrl Pts',(-0.304858211250342,9.7841484796089,31.6655897799181));
#5983=CARTESIAN_POINT('Ctrl Pts',(-3.58269805257513,8.96132840360926,31.3309225225462));
#5984=CARTESIAN_POINT('Ctrl Pts',(-3.74819840431043,9.3283198153717,31.3309225225462));
#5985=CARTESIAN_POINT('Ctrl Pts',(-3.48991447281045,9.63712796529784,31.3309225225462));
#5986=CARTESIAN_POINT('Ctrl Pts',(-3.23163054131046,9.94593611522398,31.3309225225462));
#5987=CARTESIAN_POINT('Ctrl Pts',(-2.84116157503869,9.84792055977206,31.3309225225462));
#5988=CARTESIAN_POINT('Ctrl Pts',(-2.45069260876691,9.74990500432013,31.3309225225462));
#5989=CARTESIAN_POINT('Ctrl Pts',(-2.36887306634385,9.35572404941544,31.3309225225462));
#5990=CARTESIAN_POINT('Origin',(-2.99746484543698,9.22524820806299,33.8));
#5991=CARTESIAN_POINT('Ctrl Pts',(5.99761365633023,7.73635123487819,33.8));
#5992=CARTESIAN_POINT('Ctrl Pts',(7.27362926654453,8.89636657775408,33.8));
#5993=CARTESIAN_POINT('Ctrl Pts',(8.87357138386846,8.25290977700433,33.8));
#5994=CARTESIAN_POINT('Ctrl Pts',(10.4735135011924,7.60945297625458,33.8));
#5995=CARTESIAN_POINT('Ctrl Pts',(10.5910679802305,5.88897851330079,33.8));
#5996=CARTESIAN_POINT('Ctrl Pts',(10.7086224592687,4.168504050347,33.8));
#5997=CARTESIAN_POINT('Ctrl Pts',(9.21107179978027,3.31340554404268,33.8));
#5998=CARTESIAN_POINT('Ctrl Pts',(5.99761365633023,7.73635123487819,31.6655897799181));
#5999=CARTESIAN_POINT('Ctrl Pts',(7.27362926654453,8.89636657775408,31.6655897799181));
#6000=CARTESIAN_POINT('Ctrl Pts',(8.87357138386846,8.25290977700433,31.6655897799181));
#6001=CARTESIAN_POINT('Ctrl Pts',(10.4735135011924,7.60945297625458,31.6655897799181));
#6002=CARTESIAN_POINT('Ctrl Pts',(10.5910679802305,5.88897851330079,31.6655897799181));
#6003=CARTESIAN_POINT('Ctrl Pts',(10.7086224592687,4.168504050347,31.6655897799181));
#6004=CARTESIAN_POINT('Ctrl Pts',(9.21107179978027,3.31340554404268,31.6655897799181));
#6005=CARTESIAN_POINT('Ctrl Pts',(7.41561518895369,6.17655109770972,31.3309225225462));
#6006=CARTESIAN_POINT('Ctrl Pts',(7.71350234127348,6.44735786870096,31.3309225225462));
#6007=CARTESIAN_POINT('Ctrl Pts',(8.08701046875325,6.29714221892224,31.3309225225462));
#6008=CARTESIAN_POINT('Ctrl Pts',(8.46051859623303,6.14692656914351,31.3309225225462));
#6009=CARTESIAN_POINT('Ctrl Pts',(8.48796180987618,5.74528004201196,31.3309225225462));
#6010=CARTESIAN_POINT('Ctrl Pts',(8.51540502351934,5.34363351488042,31.3309225225462));
#6011=CARTESIAN_POINT('Ctrl Pts',(8.16580028683849,5.14400989197418,31.3309225225462));
#6012=CARTESIAN_POINT('Origin',(7.847464845437,5.70151694723699,33.8));
#6013=CARTESIAN_POINT('Ctrl Pts',(9.21107179978026,-3.31340554404269,33.8));
#6014=CARTESIAN_POINT('Ctrl Pts',(10.7086224592687,-4.16850405034701,33.8));
#6015=CARTESIAN_POINT('Ctrl Pts',(10.5910679802305,-5.8889785133008,33.8));
#6016=CARTESIAN_POINT('Ctrl Pts',(10.4735135011924,-7.60945297625459,33.8));
#6017=CARTESIAN_POINT('Ctrl Pts',(8.87357138386845,-8.25290977700434,33.8));
#6018=CARTESIAN_POINT('Ctrl Pts',(7.27362926654452,-8.89636657775409,33.8));
#6019=CARTESIAN_POINT('Ctrl Pts',(5.99761365633022,-7.73635123487819,33.8));
#6020=CARTESIAN_POINT('Ctrl Pts',(9.21107179978026,-3.31340554404269,31.6655897799181));
#6021=CARTESIAN_POINT('Ctrl Pts',(10.7086224592687,-4.16850405034701,31.6655897799181));
#6022=CARTESIAN_POINT('Ctrl Pts',(10.5910679802305,-5.8889785133008,31.6655897799181));
#6023=CARTESIAN_POINT('Ctrl Pts',(10.4735135011924,-7.60945297625459,31.6655897799181));
#6024=CARTESIAN_POINT('Ctrl Pts',(8.87357138386845,-8.25290977700434,31.6655897799181));
#6025=CARTESIAN_POINT('Ctrl Pts',(7.27362926654452,-8.89636657775409,31.6655897799181));
#6026=CARTESIAN_POINT('Ctrl Pts',(5.99761365633022,-7.73635123487819,31.6655897799181));
#6027=CARTESIAN_POINT('Ctrl Pts',(8.16580028683849,-5.14400989197418,31.3309225225462));
#6028=CARTESIAN_POINT('Ctrl Pts',(8.51540502351934,-5.34363351488042,31.3309225225462));
#6029=CARTESIAN_POINT('Ctrl Pts',(8.48796180987618,-5.74528004201197,31.3309225225462));
#6030=CARTESIAN_POINT('Ctrl Pts',(8.46051859623303,-6.14692656914351,31.3309225225462));
#6031=CARTESIAN_POINT('Ctrl Pts',(8.08701046875325,-6.29714221892224,31.3309225225462));
#6032=CARTESIAN_POINT('Ctrl Pts',(7.71350234127347,-6.44735786870097,31.3309225225462));
#6033=CARTESIAN_POINT('Ctrl Pts',(7.41561518895369,-6.17655109770972,31.3309225225462));
#6034=CARTESIAN_POINT('Origin',(7.84746484543699,-5.70151694723699,33.8));
#6035=CARTESIAN_POINT('Ctrl Pts',(-0.304858211250351,-9.78414847960891,
33.8));
#6036=CARTESIAN_POINT('Ctrl Pts',(-0.655336614025994,-11.4726437631101,
33.8));
#6037=CARTESIAN_POINT('Ctrl Pts',(-2.32793139492528,-11.8924986572421,33.8));
#6038=CARTESIAN_POINT('Ctrl Pts',(-4.00052617582457,-12.312353551374,33.8));
#6039=CARTESIAN_POINT('Ctrl Pts',(-5.10689926340138,-10.9895572615758,33.8));
#6040=CARTESIAN_POINT('Ctrl Pts',(-6.21327235097819,-9.66676097177761,33.8));
#6041=CARTESIAN_POINT('Ctrl Pts',(-5.50434270877766,-8.09473355610463,33.8));
#6042=CARTESIAN_POINT('Ctrl Pts',(-0.30485821125035,-9.78414847960891,31.6655897799181));
#6043=CARTESIAN_POINT('Ctrl Pts',(-0.655336614025993,-11.4726437631101,
31.6655897799181));
#6044=CARTESIAN_POINT('Ctrl Pts',(-2.32793139492528,-11.8924986572421,31.6655897799181));
#6045=CARTESIAN_POINT('Ctrl Pts',(-4.00052617582457,-12.312353551374,31.6655897799181));
#6046=CARTESIAN_POINT('Ctrl Pts',(-5.10689926340138,-10.9895572615758,31.6655897799181));
#6047=CARTESIAN_POINT('Ctrl Pts',(-6.2132723509782,-9.66676097177761,31.6655897799181));
#6048=CARTESIAN_POINT('Ctrl Pts',(-5.50434270877766,-8.09473355610463,31.6655897799181));
#6049=CARTESIAN_POINT('Ctrl Pts',(-2.36887306634386,-9.35572404941544,31.3309225225462));
#6050=CARTESIAN_POINT('Ctrl Pts',(-2.45069260876692,-9.74990500432013,31.3309225225462));
#6051=CARTESIAN_POINT('Ctrl Pts',(-2.8411615750387,-9.84792055977205,31.3309225225462));
#6052=CARTESIAN_POINT('Ctrl Pts',(-3.23163054131047,-9.94593611522398,31.3309225225462));
#6053=CARTESIAN_POINT('Ctrl Pts',(-3.48991447281045,-9.63712796529784,31.3309225225462));
#6054=CARTESIAN_POINT('Ctrl Pts',(-3.74819840431044,-9.3283198153717,31.3309225225462));
#6055=CARTESIAN_POINT('Ctrl Pts',(-3.58269805257514,-8.96132840360926,31.3309225225462));
#6056=CARTESIAN_POINT('Origin',(-2.99746484543699,-9.22524820806299,33.8));
#6057=CARTESIAN_POINT('Ctrl Pts',(-9.39948453608247,-2.73353076733122,33.8));
#6058=CARTESIAN_POINT('Ctrl Pts',(-11.113642760809,-2.92197973607455,33.8));
#6059=CARTESIAN_POINT('Ctrl Pts',(-12.0298087057723,-1.46098986803727,33.8));
#6060=CARTESIAN_POINT('Ctrl Pts',(-12.9459746507356,2.22044604925031E-15,
33.8));
#6061=CARTESIAN_POINT('Ctrl Pts',(-12.0298087057723,1.46098986803728,33.8));
#6062=CARTESIAN_POINT('Ctrl Pts',(-11.113642760809,2.92197973607456,33.8));
#6063=CARTESIAN_POINT('Ctrl Pts',(-9.39948453608247,2.73353076733123,33.8));
#6064=CARTESIAN_POINT('Ctrl Pts',(-9.39948453608247,-2.73353076733122,31.6655897799181));
#6065=CARTESIAN_POINT('Ctrl Pts',(-11.113642760809,-2.92197973607455,31.6655897799181));
#6066=CARTESIAN_POINT('Ctrl Pts',(-12.0298087057723,-1.46098986803727,31.6655897799181));
#6067=CARTESIAN_POINT('Ctrl Pts',(-12.9459746507356,2.22044604925031E-15,
31.6655897799181));
#6068=CARTESIAN_POINT('Ctrl Pts',(-12.0298087057723,1.46098986803728,31.6655897799181));
#6069=CARTESIAN_POINT('Ctrl Pts',(-11.113642760809,2.92197973607456,31.6655897799181));
#6070=CARTESIAN_POINT('Ctrl Pts',(-9.39948453608247,2.73353076733123,31.6655897799181));
#6071=CARTESIAN_POINT('Ctrl Pts',(-9.62984435687317,-0.638145559929363,
31.3309225225462));
#6072=CARTESIAN_POINT('Ctrl Pts',(-10.0300163517154,-0.682139164872114,
31.3309225225462));
#6073=CARTESIAN_POINT('Ctrl Pts',(-10.2438962307803,-0.341069582436056,
31.3309225225462));
#6074=CARTESIAN_POINT('Ctrl Pts',(-10.4577761098451,2.22044604925031E-15,
31.3309225225462));
#6075=CARTESIAN_POINT('Ctrl Pts',(-10.2438962307803,0.341069582436061,31.3309225225462));
#6076=CARTESIAN_POINT('Ctrl Pts',(-10.0300163517154,0.682139164872119,31.3309225225462));
#6077=CARTESIAN_POINT('Ctrl Pts',(-9.62984435687317,0.638145559929368,31.3309225225462));
#6078=CARTESIAN_POINT('Origin',(-9.7,2.22044604925031E-15,33.8));
#6079=CARTESIAN_POINT('Origin',(0.,0.,101.3));
#6080=CARTESIAN_POINT('Origin',(7.847464845437,5.70151694723699,50.));
#6081=CARTESIAN_POINT('Origin',(7.847464845437,5.70151694723699,50.));
#6082=CARTESIAN_POINT('',(9.997464845437,5.70151694723699,50.));
#6083=CARTESIAN_POINT('Origin',(7.847464845437,5.70151694723699,50.));
#6084=CARTESIAN_POINT('Origin',(7.847464845437,5.70151694723699,50.));
#6085=CARTESIAN_POINT('Origin',(7.84746484543699,5.70151694723699,34.8));
#6086=CARTESIAN_POINT('',(9.84746484543699,5.70151694723699,35.));
#6087=CARTESIAN_POINT('Origin',(7.84746484543699,5.70151694723699,35.));
#6088=CARTESIAN_POINT('',(9.44746484543699,5.70151694723699,34.6));
#6089=CARTESIAN_POINT('',(9.64746484543699,5.70151694723699,34.8));
#6090=CARTESIAN_POINT('',(6.24746484543699,5.70151694723699,34.6));
#6091=CARTESIAN_POINT('Origin',(7.84746484543699,5.70151694723699,34.6));
#6092=CARTESIAN_POINT('Origin',(7.84746484543699,5.70151694723699,34.6));
#6093=CARTESIAN_POINT('Origin',(7.84746484543699,5.70151694723699,34.15));
#6094=CARTESIAN_POINT('',(6.24746484543699,5.70151694723699,33.3));
#6095=CARTESIAN_POINT('',(6.24746484543699,5.70151694723699,34.15));
#6096=CARTESIAN_POINT('Origin',(7.84746484543699,5.70151694723699,33.3));
#6097=CARTESIAN_POINT('Origin',(7.847464845437,5.70151694723699,35.));
#6098=CARTESIAN_POINT('',(9.997464845437,5.70151694723699,35.));
#6099=CARTESIAN_POINT('Origin',(7.847464845437,5.70151694723699,35.));
#6100=CARTESIAN_POINT('Origin',(7.84746484543699,5.70151694723699,33.3));
#6101=CARTESIAN_POINT('Origin',(7.847464845437,5.70151694723699,35.));
#6102=CARTESIAN_POINT('',(9.997464845437,5.70151694723699,35.));
#6103=CARTESIAN_POINT('Origin',(7.847464845437,5.70151694723699,35.));
#6104=CARTESIAN_POINT('Origin',(-2.99746484543699,9.22524820806299,34.8));
#6105=CARTESIAN_POINT('',(-0.997464845436985,9.22524820806299,35.));
#6106=CARTESIAN_POINT('Origin',(-2.99746484543699,9.22524820806299,35.));
#6107=CARTESIAN_POINT('',(-1.39746484543699,9.22524820806299,34.6));
#6108=CARTESIAN_POINT('',(-1.19746484543699,9.22524820806299,34.8));
#6109=CARTESIAN_POINT('',(-4.59746484543699,9.22524820806299,34.6));
#6110=CARTESIAN_POINT('Origin',(-2.99746484543699,9.22524820806299,34.6));
#6111=CARTESIAN_POINT('Origin',(-2.99746484543699,9.22524820806299,34.6));
#6112=CARTESIAN_POINT('Origin',(-2.99746484543699,9.22524820806299,34.15));
#6113=CARTESIAN_POINT('',(-4.59746484543699,9.22524820806299,33.3));
#6114=CARTESIAN_POINT('',(-4.59746484543699,9.22524820806299,34.15));
#6115=CARTESIAN_POINT('Origin',(-2.99746484543699,9.22524820806299,33.3));
#6116=CARTESIAN_POINT('Origin',(-2.99746484543698,9.22524820806299,35.));
#6117=CARTESIAN_POINT('',(-0.847464845436983,9.22524820806299,35.));
#6118=CARTESIAN_POINT('Origin',(-2.99746484543698,9.22524820806299,35.));
#6119=CARTESIAN_POINT('Origin',(-2.99746484543699,9.22524820806299,33.3));
#6120=CARTESIAN_POINT('Origin',(-2.99746484543698,9.22524820806299,35.));
#6121=CARTESIAN_POINT('',(-0.847464845436984,9.22524820806299,35.));
#6122=CARTESIAN_POINT('Origin',(-2.99746484543698,9.22524820806299,35.));
#6123=CARTESIAN_POINT('Origin',(-2.99746484543699,-9.22524820806299,34.8));
#6124=CARTESIAN_POINT('',(-0.997464845436992,-9.22524820806299,35.));
#6125=CARTESIAN_POINT('Origin',(-2.99746484543699,-9.22524820806299,35.));
#6126=CARTESIAN_POINT('',(-1.39746484543699,-9.22524820806299,34.6));
#6127=CARTESIAN_POINT('',(-1.19746484543699,-9.22524820806299,34.8));
#6128=CARTESIAN_POINT('',(-4.59746484543699,-9.22524820806299,34.6));
#6129=CARTESIAN_POINT('Origin',(-2.99746484543699,-9.22524820806299,34.6));
#6130=CARTESIAN_POINT('Origin',(-2.99746484543699,-9.22524820806299,34.6));
#6131=CARTESIAN_POINT('Origin',(-2.99746484543699,-9.22524820806299,34.15));
#6132=CARTESIAN_POINT('',(-4.59746484543699,-9.22524820806299,33.3));
#6133=CARTESIAN_POINT('',(-4.59746484543699,-9.22524820806299,34.15));
#6134=CARTESIAN_POINT('Origin',(-2.99746484543699,-9.22524820806299,33.3));
#6135=CARTESIAN_POINT('Origin',(-2.99746484543699,-9.22524820806299,35.));
#6136=CARTESIAN_POINT('',(-0.847464845436989,-9.22524820806299,35.));
#6137=CARTESIAN_POINT('Origin',(-2.99746484543699,-9.22524820806299,35.));
#6138=CARTESIAN_POINT('Origin',(-2.99746484543699,-9.22524820806299,33.3));
#6139=CARTESIAN_POINT('Origin',(-2.99746484543699,-9.22524820806299,35.));
#6140=CARTESIAN_POINT('',(-0.84746484543699,-9.22524820806299,35.));
#6141=CARTESIAN_POINT('Origin',(-2.99746484543699,-9.22524820806299,35.));
#6142=CARTESIAN_POINT('Origin',(7.84746484543699,-5.70151694723699,50.));
#6143=CARTESIAN_POINT('Origin',(7.84746484543699,-5.70151694723699,50.));
#6144=CARTESIAN_POINT('',(9.99746484543699,-5.70151694723699,50.));
#6145=CARTESIAN_POINT('Origin',(7.84746484543699,-5.70151694723699,50.));
#6146=CARTESIAN_POINT('Origin',(7.84746484543699,-5.70151694723699,50.));
#6147=CARTESIAN_POINT('Origin',(7.84746484543699,-5.70151694723699,34.8));
#6148=CARTESIAN_POINT('',(9.84746484543699,-5.70151694723699,35.));
#6149=CARTESIAN_POINT('Origin',(7.84746484543699,-5.70151694723699,35.));
#6150=CARTESIAN_POINT('',(9.44746484543699,-5.70151694723699,34.6));
#6151=CARTESIAN_POINT('',(9.64746484543699,-5.70151694723699,34.8));
#6152=CARTESIAN_POINT('',(6.24746484543699,-5.70151694723699,34.6));
#6153=CARTESIAN_POINT('Origin',(7.84746484543699,-5.70151694723699,34.6));
#6154=CARTESIAN_POINT('Origin',(7.84746484543699,-5.70151694723699,34.6));
#6155=CARTESIAN_POINT('Origin',(7.84746484543699,-5.70151694723699,34.15));
#6156=CARTESIAN_POINT('',(6.24746484543699,-5.70151694723699,33.3));
#6157=CARTESIAN_POINT('',(6.24746484543699,-5.70151694723699,34.15));
#6158=CARTESIAN_POINT('Origin',(7.84746484543699,-5.70151694723699,33.3));
#6159=CARTESIAN_POINT('Origin',(7.84746484543699,-5.70151694723699,35.));
#6160=CARTESIAN_POINT('',(9.99746484543699,-5.70151694723699,35.));
#6161=CARTESIAN_POINT('Origin',(7.84746484543699,-5.70151694723699,35.));
#6162=CARTESIAN_POINT('Origin',(7.84746484543699,-5.70151694723699,33.3));
#6163=CARTESIAN_POINT('Origin',(7.84746484543699,-5.70151694723699,35.));
#6164=CARTESIAN_POINT('',(9.99746484543699,-5.70151694723699,35.));
#6165=CARTESIAN_POINT('Origin',(7.84746484543699,-5.70151694723699,35.));
#6166=CARTESIAN_POINT('Origin',(-9.7,2.22044604925031E-15,34.8));
#6167=CARTESIAN_POINT('',(-7.7,2.46537540907978E-15,35.));
#6168=CARTESIAN_POINT('Origin',(-9.7,2.22044604925031E-15,35.));
#6169=CARTESIAN_POINT('',(-8.1,2.02450256138674E-15,34.6));
#6170=CARTESIAN_POINT('',(-7.9,2.44088247309684E-15,34.8));
#6171=CARTESIAN_POINT('',(-11.3,2.02450256138674E-15,34.6));
#6172=CARTESIAN_POINT('Origin',(-9.7,2.22044604925031E-15,34.6));
#6173=CARTESIAN_POINT('Origin',(-9.7,2.22044604925031E-15,34.6));
#6174=CARTESIAN_POINT('Origin',(-9.7,2.22044604925031E-15,34.15));
#6175=CARTESIAN_POINT('',(-11.3,2.02450256138674E-15,33.3));
#6176=CARTESIAN_POINT('',(-11.3,2.02450256138674E-15,34.15));
#6177=CARTESIAN_POINT('Origin',(-9.7,2.22044604925031E-15,33.3));
#6178=CARTESIAN_POINT('Origin',(-9.7,2.22044604925031E-15,35.));
#6179=CARTESIAN_POINT('',(-7.55,2.48374511106699E-15,35.));
#6180=CARTESIAN_POINT('Origin',(-9.7,2.22044604925031E-15,35.));
#6181=CARTESIAN_POINT('Origin',(-9.7,2.22044604925031E-15,33.3));
#6182=CARTESIAN_POINT('Origin',(-9.7,2.22044604925031E-15,35.));
#6183=CARTESIAN_POINT('',(-7.55,2.48374511106699E-15,35.));
#6184=CARTESIAN_POINT('Origin',(-9.7,2.22044604925031E-15,35.));
#6185=CARTESIAN_POINT('Origin',(2.99746484543699,-9.22524820806299,15.));
#6186=CARTESIAN_POINT('',(3.66185138334313,-11.2700197180976,15.));
#6187=CARTESIAN_POINT('Origin',(2.99746484543699,-9.22524820806299,15.));
#6188=CARTESIAN_POINT('Origin',(2.99746484543699,-9.22524820806299,15.));
#6189=CARTESIAN_POINT('Origin',(2.99746484543699,-9.22524820806299,-0.2));
#6190=CARTESIAN_POINT('',(3.61549883418688,-11.1273612406533,0.));
#6191=CARTESIAN_POINT('Origin',(2.99746484543699,-9.22524820806299,0.));
#6192=CARTESIAN_POINT('',(3.4918920364369,-10.7469386341352,-0.4));
#6193=CARTESIAN_POINT('',(3.55369543531189,-10.9371499373943,-0.2));
#6194=CARTESIAN_POINT('',(2.50303765443707,-7.70355778199074,-0.4));
#6195=CARTESIAN_POINT('Origin',(2.99746484543699,-9.22524820806299,-0.4));
#6196=CARTESIAN_POINT('Origin',(2.99746484543699,-9.22524820806299,-0.4));
#6197=CARTESIAN_POINT('Origin',(2.99746484543699,-9.22524820806299,-0.85));
#6198=CARTESIAN_POINT('',(2.50303765443707,-7.70355778199074,-1.7));
#6199=CARTESIAN_POINT('',(2.50303765443707,-7.70355778199074,-0.85));
#6200=CARTESIAN_POINT('Origin',(2.99746484543699,-9.22524820806299,-1.7));
#6201=CARTESIAN_POINT('Origin',(2.99746484543699,-9.22524820806299,0.));
#6202=CARTESIAN_POINT('',(3.66185138334313,-11.2700197180976,0.));
#6203=CARTESIAN_POINT('Origin',(2.99746484543699,-9.22524820806299,0.));
#6204=CARTESIAN_POINT('Origin',(2.99746484543699,-9.22524820806299,-1.7));
#6205=CARTESIAN_POINT('Origin',(2.99746484543699,-9.22524820806299,0.));
#6206=CARTESIAN_POINT('',(3.66185138334313,-11.2700197180976,0.));
#6207=CARTESIAN_POINT('Origin',(-7.84746484543699,-5.70151694723699,15.));
#6208=CARTESIAN_POINT('',(-9.58685138334313,-6.96525523966581,15.));
#6209=CARTESIAN_POINT('Origin',(-7.84746484543699,-5.70151694723699,15.));
#6210=CARTESIAN_POINT('Origin',(-7.84746484543699,-5.70151694723699,15.));
#6211=CARTESIAN_POINT('Origin',(-7.84746484543699,-5.70151694723699,-0.2));
#6212=CARTESIAN_POINT('',(-9.46549883418689,-6.87708745182194,0.));
#6213=CARTESIAN_POINT('Origin',(-7.84746484543699,-5.70151694723699,0.));
#6214=CARTESIAN_POINT('',(-9.14189203643691,-6.64197335090495,-0.4));
#6215=CARTESIAN_POINT('',(-9.3036954353119,-6.75953040136344,-0.2));
#6216=CARTESIAN_POINT('',(-6.55303765443707,-4.76106054356903,-0.4));
#6217=CARTESIAN_POINT('Origin',(-7.84746484543699,-5.70151694723699,-0.4));
#6218=CARTESIAN_POINT('Origin',(-7.84746484543699,-5.70151694723699,-0.4));
#6219=CARTESIAN_POINT('Origin',(-7.84746484543699,-5.70151694723699,-0.85));
#6220=CARTESIAN_POINT('',(-6.55303765443707,-4.76106054356903,-1.7));
#6221=CARTESIAN_POINT('',(-6.55303765443707,-4.76106054356903,-0.85));
#6222=CARTESIAN_POINT('Origin',(-7.84746484543699,-5.70151694723699,-1.7));
#6223=CARTESIAN_POINT('Origin',(-7.84746484543699,-5.70151694723699,0.));
#6224=CARTESIAN_POINT('',(-9.58685138334313,-6.96525523966581,0.));
#6225=CARTESIAN_POINT('Origin',(-7.84746484543699,-5.70151694723699,0.));
#6226=CARTESIAN_POINT('Origin',(-7.84746484543699,-5.70151694723699,-1.7));
#6227=CARTESIAN_POINT('Origin',(-7.84746484543699,-5.70151694723699,0.));
#6228=CARTESIAN_POINT('',(-9.58685138334313,-6.96525523966581,0.));
#6229=CARTESIAN_POINT('Origin',(-7.84746484543699,5.70151694723699,15.));
#6230=CARTESIAN_POINT('',(-9.58685138334313,6.96525523966581,15.));
#6231=CARTESIAN_POINT('Origin',(-7.84746484543699,5.70151694723699,15.));
#6232=CARTESIAN_POINT('Origin',(-7.84746484543699,5.70151694723699,15.));
#6233=CARTESIAN_POINT('Origin',(-7.84746484543699,5.70151694723699,-0.2));
#6234=CARTESIAN_POINT('',(-9.46549883418688,6.87708745182194,0.));
#6235=CARTESIAN_POINT('Origin',(-7.84746484543699,5.70151694723699,0.));
#6236=CARTESIAN_POINT('',(-9.14189203643691,6.64197335090495,-0.4));
#6237=CARTESIAN_POINT('',(-9.30369543531189,6.75953040136344,-0.2));
#6238=CARTESIAN_POINT('',(-6.55303765443707,4.76106054356903,-0.4));
#6239=CARTESIAN_POINT('Origin',(-7.84746484543699,5.70151694723699,-0.4));
#6240=CARTESIAN_POINT('Origin',(-7.84746484543699,5.70151694723699,-0.4));
#6241=CARTESIAN_POINT('Origin',(-7.84746484543699,5.70151694723699,-0.85));
#6242=CARTESIAN_POINT('',(-6.55303765443707,4.76106054356903,-1.7));
#6243=CARTESIAN_POINT('',(-6.55303765443707,4.76106054356903,-0.85));
#6244=CARTESIAN_POINT('Origin',(-7.84746484543699,5.70151694723699,-1.7));
#6245=CARTESIAN_POINT('Origin',(-7.84746484543699,5.70151694723699,0.));
#6246=CARTESIAN_POINT('',(-9.58685138334313,6.96525523966581,0.));
#6247=CARTESIAN_POINT('Origin',(-7.84746484543699,5.70151694723699,0.));
#6248=CARTESIAN_POINT('Origin',(-7.84746484543699,5.70151694723699,-1.7));
#6249=CARTESIAN_POINT('Origin',(-7.84746484543699,5.70151694723699,0.));
#6250=CARTESIAN_POINT('',(-9.58685138334313,6.96525523966581,0.));
#6251=CARTESIAN_POINT('Origin',(2.99746484543699,9.22524820806299,15.));
#6252=CARTESIAN_POINT('',(3.66185138334313,11.2700197180976,15.));
#6253=CARTESIAN_POINT('Origin',(2.99746484543699,9.22524820806299,15.));
#6254=CARTESIAN_POINT('Origin',(2.99746484543699,9.22524820806299,15.));
#6255=CARTESIAN_POINT('Origin',(2.99746484543699,9.22524820806299,-0.2));
#6256=CARTESIAN_POINT('',(3.61549883418689,11.1273612406533,0.));
#6257=CARTESIAN_POINT('Origin',(2.99746484543699,9.22524820806299,0.));
#6258=CARTESIAN_POINT('',(3.49189203643691,10.7469386341352,-0.4));
#6259=CARTESIAN_POINT('',(3.5536954353119,10.9371499373943,-0.2));
#6260=CARTESIAN_POINT('',(2.50303765443707,7.70355778199074,-0.4));
#6261=CARTESIAN_POINT('Origin',(2.99746484543699,9.22524820806299,-0.4));
#6262=CARTESIAN_POINT('Origin',(2.99746484543699,9.22524820806299,-0.4));
#6263=CARTESIAN_POINT('Origin',(2.99746484543699,9.22524820806299,-0.85));
#6264=CARTESIAN_POINT('',(2.50303765443707,7.70355778199074,-1.7));
#6265=CARTESIAN_POINT('',(2.50303765443707,7.70355778199074,-0.85));
#6266=CARTESIAN_POINT('Origin',(2.99746484543699,9.22524820806299,-1.7));
#6267=CARTESIAN_POINT('Origin',(2.99746484543699,9.22524820806299,0.));
#6268=CARTESIAN_POINT('',(3.66185138334313,11.2700197180976,0.));
#6269=CARTESIAN_POINT('Origin',(2.99746484543699,9.22524820806299,0.));
#6270=CARTESIAN_POINT('Origin',(2.99746484543699,9.22524820806299,-1.7));
#6271=CARTESIAN_POINT('Origin',(2.99746484543699,9.22524820806299,0.));
#6272=CARTESIAN_POINT('',(3.66185138334313,11.2700197180976,0.));
#6273=CARTESIAN_POINT('Origin',(9.7,0.,15.));
#6274=CARTESIAN_POINT('',(11.85,2.63299061816681E-16,15.));
#6275=CARTESIAN_POINT('Origin',(9.7,0.,15.));
#6276=CARTESIAN_POINT('Origin',(9.7,0.,15.));
#6277=CARTESIAN_POINT('Origin',(9.7,0.,-0.2));
#6278=CARTESIAN_POINT('',(11.7,2.44929359829471E-16,0.));
#6279=CARTESIAN_POINT('Origin',(9.7,0.,0.));
#6280=CARTESIAN_POINT('',(11.3,-1.95943487863577E-16,-0.4));
#6281=CARTESIAN_POINT('',(11.5,2.20436423846524E-16,-0.2));
#6282=CARTESIAN_POINT('',(8.1,-1.95943487863577E-16,-0.4));
#6283=CARTESIAN_POINT('Origin',(9.7,0.,-0.4));
#6284=CARTESIAN_POINT('Origin',(9.7,0.,-0.4));
#6285=CARTESIAN_POINT('Origin',(9.7,0.,-0.85));
#6286=CARTESIAN_POINT('',(8.1,-1.95943487863577E-16,-1.7));
#6287=CARTESIAN_POINT('',(8.1,-1.95943487863577E-16,-0.85));
#6288=CARTESIAN_POINT('Origin',(9.7,0.,-1.7));
#6289=CARTESIAN_POINT('Origin',(9.7,0.,0.));
#6290=CARTESIAN_POINT('',(11.85,2.63299061816681E-16,0.));
#6291=CARTESIAN_POINT('Origin',(9.7,0.,0.));
#6292=CARTESIAN_POINT('Origin',(9.7,0.,-1.7));
#6293=CARTESIAN_POINT('Origin',(9.7,0.,0.));
#6294=CARTESIAN_POINT('',(11.85,2.63299061816681E-16,0.));
#6295=UNCERTAINTY_MEASURE_WITH_UNIT(LENGTH_MEASURE(0.01),#6299,
'DISTANCE_ACCURACY_VALUE',
'Maximum model space distance between geometric entities at asserted c
onnectivities');
#6296=UNCERTAINTY_MEASURE_WITH_UNIT(LENGTH_MEASURE(0.01),#6299,
'DISTANCE_ACCURACY_VALUE',
'Maximum model space distance between geometric entities at asserted c
onnectivities');
#6297=(
GEOMETRIC_REPRESENTATION_CONTEXT(3)
GLOBAL_UNCERTAINTY_ASSIGNED_CONTEXT((#6295))
GLOBAL_UNIT_ASSIGNED_CONTEXT((#6299,#6301,#6302))
REPRESENTATION_CONTEXT('','3D')
);
#6298=(
GEOMETRIC_REPRESENTATION_CONTEXT(3)
GLOBAL_UNCERTAINTY_ASSIGNED_CONTEXT((#6296))
GLOBAL_UNIT_ASSIGNED_CONTEXT((#6299,#6301,#6302))
REPRESENTATION_CONTEXT('','3D')
);
#6299=(
LENGTH_UNIT()
NAMED_UNIT(*)
SI_UNIT(.MILLI.,.METRE.)
);
#6300=(
LENGTH_UNIT()
NAMED_UNIT(*)
SI_UNIT(.CENTI.,.METRE.)
);
#6301=(
NAMED_UNIT(*)
PLANE_ANGLE_UNIT()
SI_UNIT($,.RADIAN.)
);
#6302=(
NAMED_UNIT(*)
SI_UNIT($,.STERADIAN.)
SOLID_ANGLE_UNIT()
);
#6303=SHAPE_DEFINITION_REPRESENTATION(#6304,#6305);
#6304=PRODUCT_DEFINITION_SHAPE('',$,#6307);
#6305=SHAPE_REPRESENTATION('',(#2444),#6297);
#6306=PRODUCT_DEFINITION_CONTEXT('part definition',#6311,'design');
#6307=PRODUCT_DEFINITION('rework','rework',#6308,#6306);
#6308=PRODUCT_DEFINITION_FORMATION('',$,#6313);
#6309=PRODUCT_RELATED_PRODUCT_CATEGORY('rework','rework',(#6313));
#6310=APPLICATION_PROTOCOL_DEFINITION('international standard',
'automotive_design',2009,#6311);
#6311=APPLICATION_CONTEXT(
'Core Data for Automotive Mechanical Design Process');
#6312=PRODUCT_CONTEXT('part definition',#6311,'mechanical');
#6313=PRODUCT('rework','rework',$,(#6312));
#6314=PRESENTATION_STYLE_ASSIGNMENT((#6315));
#6315=SURFACE_STYLE_USAGE(.BOTH.,#6318);
#6316=SURFACE_STYLE_RENDERING_WITH_PROPERTIES($,#6322,(#6317));
#6317=SURFACE_STYLE_TRANSPARENT(0.);
#6318=SURFACE_SIDE_STYLE('',(#6319,#6316));
#6319=SURFACE_STYLE_FILL_AREA(#6320);
#6320=FILL_AREA_STYLE('',(#6321));
#6321=FILL_AREA_STYLE_COLOUR('',#6322);
#6322=COLOUR_RGB('',0.749019607843137,0.749019607843137,0.749019607843137);
ENDSEC;
END-ISO-10303-21;
